# Blender 3.5.0
# www.blender.org
mtllib F1.mtl
o Cube
v -1.591299 1.717147 1.507432
v -1.591299 1.772035 1.507432
v -1.591299 1.717147 -1.507432
v -1.591299 1.772035 -1.507432
v -1.077611 1.717147 1.507432
v -1.077611 1.772035 1.507432
v -1.077611 1.717147 -1.507432
v -1.077611 1.772035 -1.507432
v -1.591299 1.717147 1.564151
v -1.591299 1.772035 1.564151
v -1.591299 1.772035 -1.564151
v -1.591299 1.717147 -1.564151
v -1.077611 1.717147 -1.564151
v -1.077611 1.772035 -1.564151
v -1.077611 1.772035 1.564151
v -1.077611 1.717147 1.564151
v -1.591299 2.382243 -1.507432
v -1.077611 2.382243 -1.507432
v -1.077611 2.382243 1.507432
v -1.591299 2.382243 1.507432
v -1.591299 2.382243 -1.564151
v -1.077611 2.382243 -1.564151
v -1.077611 2.382243 1.564151
v -1.591299 2.382243 1.564151
v -2.100011 1.717147 0.001791
v -2.100011 1.772035 0.001791
v -1.586323 1.717147 0.001791
v -1.586323 1.772035 0.001791
v -1.077611 1.406444 -1.507432
v -1.591299 1.406444 -1.507432
v -1.591299 1.406444 1.507432
v -1.077611 1.406444 1.507432
v -1.077611 1.406444 -1.564151
v -1.591299 1.406444 -1.564151
v -1.591299 1.406444 1.564151
v -1.077611 1.406444 1.564151
vn -0.9476 -0.0000 -0.3194
vn -0.0000 -0.0000 1.0000
vn 0.9474 -0.0000 -0.3201
vn 1.0000 -0.0000 -0.0000
vn -0.0000 -1.0000 -0.0000
vn -0.0000 1.0000 -0.0000
vn -0.0000 -0.0000 -1.0000
vn -1.0000 -0.0000 -0.0000
vn 0.9476 -0.0000 0.3194
vn -0.9474 -0.0000 0.3201
vt 0.375000 0.000000
vt 0.125000 0.750000
vt 0.875000 0.750000
vt 0.625000 0.000000
vt 0.125000 0.500000
vt 0.375000 0.250000
vt 0.625000 0.250000
vt 0.875000 0.500000
vt 0.375000 0.750000
vt 0.625000 0.750000
vt 0.375000 0.500000
vt 0.625000 0.500000
vt 0.375000 1.000000
vt 0.375000 0.000000
vt 0.625000 1.000000
vt 0.625000 0.000000
vt 0.625000 0.250000
vt 0.375000 0.250000
vt 0.375000 0.500000
vt 0.625000 0.500000
vt 0.625000 0.750000
vt 0.375000 0.750000
vt 0.875000 0.500000
vt 0.625000 0.250000
vt 0.625000 0.500000
vt 0.625000 0.750000
vt 0.625000 0.000000
vt 0.875000 0.750000
vt 0.875000 0.500000
vt 0.625000 0.250000
vt 0.625000 0.500000
vt 0.625000 0.750000
vt 0.875000 0.750000
vt 0.625000 1.000000
vt 0.625000 0.000000
vt 0.125000 0.625149
vt 0.375000 0.124851
vt 0.875000 0.625149
vt 0.625000 0.124851
vt 0.375000 0.625149
vt 0.625000 0.625149
vt 0.375000 0.500000
vt 0.125000 0.500000
vt 0.375000 0.250000
vt 0.375000 0.000000
vt 0.125000 0.750000
vt 0.375000 0.750000
vt 0.375000 0.500000
vt 0.125000 0.500000
vt 0.375000 0.250000
vt 0.375000 1.000000
vt 0.125000 0.750000
vt 0.375000 0.000000
vt 0.375000 0.750000
s 0
usemtl black
f 25/37/1 26/39/1 4/7/1 3/6/1
f 4/8/2 8/12/2 18/25/2 17/23/2
f 27/40/3 28/41/3 6/10/3 5/9/3
f 5/9/4 6/10/4 15/21/4 16/22/4
f 25/36/5 27/40/5 5/9/5 1/2/5
f 28/41/6 26/38/6 2/3/6 6/10/6
f 12/18/7 11/17/7 14/20/7 13/19/7
f 16/22/2 15/21/2 10/15/2 9/13/2
f 3/6/8 4/7/8 11/17/8 12/18/8
f 2/4/8 1/1/8 9/14/8 10/16/8
f 13/19/4 7/11/4 29/42/4 33/48/4
f 8/12/4 7/11/4 13/19/4 14/20/4
f 16/22/2 9/13/2 35/51/2 36/54/2
f 15/21/4 6/10/4 19/26/4 23/32/4
f 17/23/6 18/25/6 22/31/6 21/29/6
f 19/26/6 20/28/6 24/33/6 23/32/6
f 11/17/8 4/7/8 17/24/8 21/30/8
f 10/15/2 15/21/2 23/32/2 24/34/2
f 2/4/8 10/16/8 24/35/8 20/27/8
f 14/20/7 11/17/7 21/30/7 22/31/7
f 8/12/4 14/20/4 22/31/4 18/25/4
f 6/10/7 2/3/7 20/28/7 19/26/7
f 8/12/6 4/8/6 26/38/6 28/41/6
f 3/5/5 7/11/5 27/40/5 25/36/5
f 7/11/9 8/12/9 28/41/9 27/40/9
f 1/1/10 2/4/10 26/39/10 25/37/10
f 31/46/5 32/47/5 36/54/5 35/52/5
f 29/42/5 30/43/5 34/49/5 33/48/5
f 9/14/8 1/1/8 31/45/8 35/53/8
f 12/18/7 13/19/7 33/48/7 34/50/7
f 5/9/4 16/22/4 36/54/4 32/47/4
f 1/2/7 5/9/7 32/47/7 31/46/7
f 7/11/2 3/5/2 30/43/2 29/42/2
f 3/6/8 12/18/8 34/50/8 30/44/8
o Cube.002
v 4.910805 2.608719 0.687161
v 4.910805 2.622999 0.687161
v 4.910805 2.608719 -0.687161
v 4.910805 2.622999 -0.687161
v 4.971153 2.608719 0.687161
v 4.971153 2.622999 0.687161
v 4.971153 2.608719 -0.687161
v 4.971153 2.622999 -0.687161
v 4.910805 2.608719 0.618445
v 4.910805 2.622999 0.618445
v 4.971153 2.608719 0.618445
v 4.971153 2.622999 0.618445
v 4.910805 2.622999 -0.621881
v 4.971153 2.608719 -0.621881
v 4.910805 2.608719 -0.621881
v 4.971153 2.622999 -0.621881
v 4.910805 2.548079 0.618445
v 4.910805 2.548079 0.687161
v 4.971153 2.548079 -0.687161
v 4.910805 2.548079 -0.687161
v 4.971153 2.548079 -0.621881
v 4.971153 2.548079 0.687161
v 4.971153 2.548079 0.618445
v 4.910805 2.548079 -0.621881
v -0.730315 2.819642 -0.609623
v -0.725810 2.857769 -0.597148
v -0.723025 2.881333 -0.564490
v -0.723025 2.881333 -0.524122
v -0.725810 2.857769 -0.491464
v -0.730315 2.819642 -0.478989
v -0.734820 2.781515 -0.491464
v -0.737604 2.757951 -0.524122
v -0.737604 2.757951 -0.564490
v -0.734820 2.781515 -0.597148
v -0.947779 2.856572 -0.602117
v -0.941336 2.894470 -0.589797
v -0.933478 2.917435 -0.557540
v -0.927206 2.916694 -0.517669
v -0.924917 2.892530 -0.485413
v -0.927485 2.854174 -0.473092
v -0.933928 2.816276 -0.485413
v -0.941785 2.793312 -0.517669
v -0.948057 2.794053 -0.557540
v -0.950346 2.818217 -0.589797
v -1.040154 2.867488 -0.579786
v -1.031821 2.905162 -0.567922
v -1.019014 2.927542 -0.536862
v -1.006625 2.926078 -0.498470
v -0.999388 2.901330 -0.467410
v -1.000065 2.862751 -0.455546
v -1.008398 2.825076 -0.467410
v -1.021205 2.802697 -0.498470
v -1.033593 2.804161 -0.536862
v -1.040831 2.828908 -0.567922
v -1.127923 2.877859 -0.543178
v -1.117793 2.915321 -0.532063
v -1.100285 2.937145 -0.502964
v -1.082084 2.934995 -0.466996
v -1.070145 2.909691 -0.437897
v -1.069026 2.870899 -0.426783
v -1.079155 2.833437 -0.437897
v -1.096663 2.811613 -0.466996
v -1.114864 2.813764 -0.502964
v -1.126803 2.839067 -0.532063
v -1.208924 2.887430 -0.493195
v -1.197136 2.924697 -0.483103
v -1.175289 2.946008 -0.456682
v -1.151725 2.943223 -0.424024
v -1.135446 2.917407 -0.397603
v -1.132669 2.878420 -0.387511
v -1.144456 2.841153 -0.397603
v -1.166304 2.819842 -0.424024
v -1.189868 2.822627 -0.456682
v -1.206147 2.848443 -0.483103
v -1.281162 2.895966 -0.431068
v -1.267897 2.933058 -0.422248
v -1.242179 2.953912 -0.399155
v -1.213832 2.950562 -0.370610
v -1.193683 2.924289 -0.347517
v -1.189428 2.885127 -0.338697
v -1.202693 2.848035 -0.347517
v -1.228411 2.827181 -0.370610
v -1.256759 2.830530 -0.399155
v -1.276908 2.856804 -0.422248
v -1.342860 2.903257 -0.358327
v -1.328332 2.940199 -0.350995
v -1.299309 2.960663 -0.331799
v -1.266876 2.956830 -0.308071
v -1.243422 2.930166 -0.288875
v -1.237905 2.890855 -0.281543
v -1.252433 2.853912 -0.288875
v -1.281456 2.833449 -0.308071
v -1.313889 2.837281 -0.331799
v -1.337343 2.863945 -0.350995
v -1.392497 2.909122 -0.276763
v -1.376954 2.945945 -0.271100
v -1.345272 2.966094 -0.256273
v -1.309552 2.961873 -0.237947
v -1.283438 2.934895 -0.223120
v -1.276906 2.895463 -0.217457
v -1.292449 2.858641 -0.223120
v -1.324131 2.838491 -0.237947
v -1.359851 2.842712 -0.256273
v -1.385963 2.869691 -0.271100
v -1.428852 2.913418 -0.188384
v -1.412564 2.950152 -0.184529
v -1.378935 2.970072 -0.174437
v -1.340808 2.965566 -0.161963
v -1.312747 2.938358 -0.151871
v -1.305470 2.898839 -0.148016
v -1.321758 2.862104 -0.151871
v -1.355387 2.842185 -0.161963
v -1.393514 2.846690 -0.174437
v -1.421575 2.873899 -0.184529
v -1.451029 2.916038 -0.095366
v -1.434289 2.952719 -0.093415
v -1.399470 2.972498 -0.088306
v -1.359875 2.967819 -0.081991
v -1.330626 2.940470 -0.076882
v -1.322896 2.900898 -0.074930
v -1.339636 2.864216 -0.076882
v -1.374454 2.844438 -0.081991
v -1.414049 2.849117 -0.088306
v -1.443298 2.876466 -0.093415
v -1.458483 2.916919 -0.000000
v -1.441589 2.953582 -0.000000
v -1.406373 2.973314 -0.000000
v -1.366283 2.968576 -0.000000
v -1.336635 2.941180 -0.000000
v -1.328752 2.901590 -0.000000
v -1.345645 2.864926 -0.000000
v -1.380862 2.845195 -0.000000
v -1.420951 2.849932 -0.000000
v -1.450600 2.877328 -0.000000
v -1.451029 2.916038 0.095366
v -1.434289 2.952719 0.093414
v -1.399470 2.972498 0.088305
v -1.359875 2.967819 0.081991
v -1.330626 2.940470 0.076882
v -1.322896 2.900898 0.074930
v -1.339636 2.864216 0.076882
v -1.374454 2.844438 0.081991
v -1.414049 2.849117 0.088305
v -1.443298 2.876466 0.093414
v -1.428852 2.913418 0.188384
v -1.412565 2.950153 0.184529
v -1.378935 2.970072 0.174437
v -1.340808 2.965566 0.161962
v -1.312747 2.938358 0.151870
v -1.305470 2.898839 0.148016
v -1.321758 2.862104 0.151870
v -1.355387 2.842185 0.161962
v -1.393514 2.846690 0.174437
v -1.421575 2.873899 0.184529
v -1.392497 2.909122 0.276763
v -1.376954 2.945945 0.271100
v -1.345272 2.966094 0.256273
v -1.309552 2.961873 0.237946
v -1.283438 2.934895 0.223120
v -1.276906 2.895463 0.217456
v -1.292449 2.858641 0.223120
v -1.324131 2.838491 0.237946
v -1.359851 2.842712 0.256273
v -1.385964 2.869691 0.271100
v -1.342860 2.903257 0.358327
v -1.328332 2.940199 0.350995
v -1.299309 2.960663 0.331799
v -1.266876 2.956830 0.308071
v -1.243422 2.930166 0.288875
v -1.237905 2.890855 0.281543
v -1.252433 2.853912 0.288875
v -1.281456 2.833449 0.308071
v -1.313889 2.837281 0.331799
v -1.337343 2.863945 0.350995
v -1.281162 2.895966 0.431068
v -1.267897 2.933058 0.422248
v -1.242179 2.953912 0.399155
v -1.213832 2.950562 0.370610
v -1.193683 2.924289 0.347517
v -1.189428 2.885127 0.338697
v -1.202693 2.848035 0.347517
v -1.228411 2.827181 0.370610
v -1.256759 2.830530 0.399155
v -1.276908 2.856804 0.422248
v -1.208924 2.887430 0.493195
v -1.197136 2.924697 0.483103
v -1.175289 2.946008 0.456682
v -1.151725 2.943223 0.424024
v -1.135446 2.917407 0.397603
v -1.132669 2.878420 0.387511
v -1.144456 2.841153 0.397603
v -1.166304 2.819842 0.424024
v -1.189868 2.822627 0.456682
v -1.206147 2.848443 0.483103
v -1.127923 2.877859 0.543178
v -1.117793 2.915321 0.532063
v -1.100285 2.937145 0.502964
v -1.082084 2.934995 0.466996
v -1.070145 2.909691 0.437897
v -1.069026 2.870899 0.426783
v -1.079155 2.833437 0.437897
v -1.096663 2.811613 0.466996
v -1.114864 2.813764 0.502964
v -1.126803 2.839067 0.532063
v -1.040154 2.867488 0.579786
v -1.031821 2.905162 0.567922
v -1.019014 2.927542 0.536862
v -1.006625 2.926078 0.498470
v -0.999388 2.901330 0.467410
v -1.000065 2.862751 0.455546
v -1.008398 2.825076 0.467410
v -1.021205 2.802697 0.498470
v -1.033593 2.804161 0.536862
v -1.040831 2.828908 0.567922
v -0.947779 2.856572 0.602117
v -0.941336 2.894470 0.589797
v -0.933478 2.917435 0.557540
v -0.927206 2.916694 0.517669
v -0.924917 2.892530 0.485413
v -0.927485 2.854174 0.473092
v -0.933928 2.816276 0.485413
v -0.941785 2.793312 0.517669
v -0.948057 2.794053 0.557540
v -0.950346 2.818217 0.589797
v -0.730315 2.819642 0.609623
v -0.725810 2.857769 0.597148
v -0.723025 2.881333 0.564490
v -0.723025 2.881333 0.524122
v -0.725810 2.857769 0.491464
v -0.730315 2.819642 0.478989
v -0.734820 2.781515 0.491464
v -0.737604 2.757951 0.524122
v -0.737604 2.757951 0.564490
v -0.734820 2.781515 0.597148
v -1.227589 2.818760 0.368806
v -1.259681 2.822631 0.401130
v -1.508510 2.859626 0.355135
v -1.398489 2.852401 0.427229
v -1.165785 2.811457 0.421960
v -1.127620 2.877823 0.380511
v -1.065126 2.870439 0.419074
v -1.079965 2.943068 0.464723
v -1.004872 2.934195 0.496043
v -1.061457 2.910406 0.574621
v -0.969905 2.899588 0.596754
v -1.066407 2.914435 0.431703
v -0.996650 2.906192 0.460798
v -1.071646 2.824176 0.574621
v -0.980094 2.813358 0.596754
v -0.942359 2.785056 0.515149
v -0.738575 2.749742 0.521571
v -0.730315 2.819642 0.470338
v -1.514729 2.904078 -0.363412
v -1.508510 2.859626 -0.355135
v -0.977187 2.856731 0.610662
v -0.725205 2.862883 -0.484512
v -0.730315 2.819642 -0.470338
v -0.735424 2.776401 -0.484512
v -0.932950 2.925617 -0.560299
v -0.925839 2.924856 -0.515149
v -0.923233 2.897517 -0.478547
v -1.141003 2.835560 0.391978
v -1.070873 2.867801 -0.588014
v -1.061457 2.910406 -0.574621
v -1.018910 2.935775 -0.539518
v -1.035411 2.796130 -0.539518
v -1.071646 2.824176 -0.574621
v -1.159887 2.878320 -0.550886
v -1.076625 2.827953 -0.431703
v -1.096483 2.803268 -0.464723
v -1.117085 2.805781 -0.505453
v -1.018910 2.935775 0.539518
v -0.932950 2.925617 0.560299
v -1.130784 2.922042 -0.391978
v -1.127620 2.877823 -0.380511
v -1.141003 2.835560 -0.391978
v -1.243180 2.962275 -0.401130
v -1.211071 2.958560 -0.368806
v -1.188197 2.928826 -0.342602
v -1.498321 2.945856 -0.355135
v -1.300592 2.969059 -0.333441
v -1.317093 2.829415 -0.333441
v -1.637700 2.910027 -0.280691
v -1.286902 2.852800 -0.219964
v -1.322844 2.830015 -0.236788
v -1.363283 2.834873 -0.257541
v -1.305577 2.942696 -0.149722
v -1.297299 2.897873 -0.145342
v -1.315796 2.856214 -0.149722
v -1.401249 2.980953 -0.088743
v -1.356402 2.975733 -0.081592
v -1.323203 2.944779 -0.075794
v -1.752999 2.959397 -0.000000
v -1.408185 2.981773 -0.000000
v -1.158633 2.834455 -0.538340
v -1.424686 2.842129 -0.000000
v -1.763188 2.873167 -0.000000
v -1.764520 2.917041 0.096719
v -1.333422 2.858297 0.075794
v -1.372922 2.835933 0.081591
v -1.493506 2.845044 0.052314
v -1.305577 2.942696 0.149722
v -1.297299 2.897873 0.145342
v -1.315796 2.856214 0.149722
v -1.346782 2.974517 0.257541
v -1.306324 2.969816 0.236788
v -1.276683 2.939282 0.219964
v -1.514729 2.904078 0.363412
v -1.498321 2.945856 0.355135
v -1.300592 2.969059 0.333441
v -0.730315 2.819642 0.618274
v -1.317093 2.829415 0.333441
v -1.403283 2.896684 0.437186
v -1.198416 2.842344 0.342602
v -1.243180 2.962275 0.401130
v -1.175958 2.954332 0.458942
v -1.130784 2.922042 0.391978
v -1.100583 2.945426 0.505453
v -1.070873 2.867801 0.588014
v -1.035411 2.796130 0.539518
v -0.933452 2.811035 0.478547
v -0.725205 2.862883 0.484512
v -0.735424 2.776401 0.484512
v -0.730315 2.819642 -0.618274
v -0.735409 2.776527 -0.604193
v -0.949452 2.785973 0.560299
v -0.738565 2.749820 0.567283
v -0.738575 2.749742 -0.521571
v -1.309678 2.888027 0.500194
v -1.159887 2.878320 0.550886
v -0.926140 2.854016 -0.464547
v -1.004872 2.934195 -0.496043
v -1.148444 2.920684 -0.538340
v -1.096483 2.803268 0.464723
v -1.117085 2.805781 0.505453
v -1.165785 2.811457 -0.421960
v -1.183353 2.884409 -0.332579
v -1.263856 2.964797 -0.306572
v -1.637700 2.910027 0.280690
v -1.630335 2.865439 0.274298
v -1.620145 2.951669 -0.274298
v -1.630335 2.865439 -0.274298
v -1.353947 2.833691 -0.161174
v -1.314409 2.899895 -0.073577
v -1.362779 2.976486 -0.000000
v -1.745612 2.958524 0.094516
v -1.192459 2.814688 0.458942
v -1.757530 2.869244 0.056824
v -1.353947 2.833691 0.161174
v -1.269250 2.894559 0.213529
v -1.263856 2.964797 0.306572
v -1.388300 2.938630 0.427229
v -1.296363 2.930171 0.488802
v -1.306553 2.843941 0.488802
v -0.997410 2.862437 0.447318
v -0.925839 2.924856 0.515149
v -0.725220 2.862757 0.604193
v -0.735409 2.776527 0.604193
v -0.722055 2.889542 0.521571
v -0.738565 2.749820 -0.567283
v -0.933452 2.811035 -0.478547
v -0.996650 2.906192 -0.460798
v -1.100583 2.945426 -0.505453
v -1.309678 2.888027 -0.500194
v -1.192459 2.814688 -0.458942
v -1.198416 2.842344 -0.342602
v -1.237233 2.934620 -0.284789
v -0.923233 2.897517 0.478547
v -1.346782 2.974517 -0.257541
v -1.742027 2.914383 -0.191057
v -1.397113 2.838870 -0.175300
v -1.333422 2.858297 -0.075794
v -1.329126 2.945479 -0.000000
v -1.401249 2.980953 0.088742
v -1.742027 2.914383 0.191057
v -1.733822 2.869697 -0.186706
v -1.397113 2.838870 0.175300
v -1.286902 2.852800 0.219964
v -1.237233 2.934620 0.284789
v -1.076625 2.827953 0.431703
v -0.722064 2.889464 0.567283
v -1.188197 2.928826 0.342602
v -1.306553 2.843941 -0.488802
v -0.725220 2.862757 -0.604193
v -0.942359 2.785056 -0.515149
v -0.997410 2.862437 -0.447318
v -1.079965 2.943068 -0.464723
v -1.296363 2.930171 -0.488802
v -1.006869 2.819710 0.460798
v -1.227589 2.818760 -0.368806
v -1.230955 2.890033 -0.276458
v -1.306324 2.969815 -0.236788
v -1.723633 2.955926 -0.186706
v -1.372922 2.835933 -0.081592
v -0.977187 2.856731 -0.610662
v -0.980094 2.813358 -0.596754
v -1.320160 2.900574 -0.000000
v -1.356402 2.975733 0.081591
v -1.723633 2.955926 0.186706
v -1.158633 2.834455 0.538340
v -1.733822 2.869697 0.186706
v -1.322844 2.830015 0.236788
v -1.230955 2.890033 0.276458
v -1.211071 2.958560 0.368806
v -1.149265 2.951257 0.421960
v -1.148444 2.920684 0.538340
v -1.021392 2.794395 0.496043
v -0.926140 2.854016 0.464547
v -0.722064 2.889464 -0.567283
v -0.949452 2.785973 -0.560299
v -1.006869 2.819710 -0.460798
v -1.066407 2.914435 -0.431703
v -1.175958 2.954332 -0.458942
v -1.403283 2.896684 -0.437186
v -1.259681 2.822631 -0.401130
v -1.247451 2.848138 -0.284789
v -1.276683 2.939282 -0.219964
v -1.380612 2.978515 -0.175300
v -1.764520 2.917041 -0.096719
v -1.493506 2.845044 -0.052314
v -1.339346 2.858997 -0.000000
v -1.323203 2.944779 0.075794
v -1.363283 2.834873 0.257541
v -1.247451 2.848138 0.284789
v -0.722055 2.889542 -0.521571
v -0.969905 2.899588 -0.596754
v -1.021392 2.794395 -0.496043
v -1.065126 2.870439 -0.419074
v -1.149265 2.951257 -0.421960
v -1.388300 2.938630 -0.427229
v -1.398489 2.852401 -0.427229
v -1.280375 2.824997 -0.306572
v -1.269250 2.894559 -0.213529
v -1.337429 2.973491 -0.161174
v -1.745612 2.958524 -0.094517
v -1.757529 2.869244 -0.056824
v -1.379299 2.836686 -0.000000
v -1.314409 2.899895 0.073577
v -1.380612 2.978515 0.175300
v -1.337429 2.973491 0.161174
v -1.620145 2.951669 0.274298
v -1.280375 2.824997 0.306572
v -1.183353 2.884409 0.332579
v -0.148963 2.719953 -0.609601
v -0.144458 2.758080 -0.597127
v -0.141674 2.781644 -0.564469
v -0.141674 2.781644 -0.524101
v -0.144458 2.758080 -0.491442
v -0.148963 2.719953 -0.478968
v -0.153469 2.681826 -0.491442
v -0.156253 2.658262 -0.524101
v -0.156253 2.658262 -0.564469
v -0.153469 2.681826 -0.597127
v -0.148963 2.719953 0.609644
v -0.144458 2.758080 0.597170
v -0.141674 2.781644 0.564512
v -0.141674 2.781644 0.524144
v -0.144458 2.758080 0.491485
v -0.148963 2.719953 0.479011
v -0.153469 2.681826 0.491485
v -0.156253 2.658262 0.524144
v -0.156253 2.658262 0.564512
v -0.153469 2.681826 0.597170
v -0.157223 2.650053 0.521592
v -0.148963 2.719953 0.470360
v -0.143854 2.763194 -0.484491
v -0.148963 2.719953 -0.470317
v -0.154073 2.676712 -0.484491
v -0.148963 2.719953 0.618296
v -0.143854 2.763194 0.484533
v -0.154073 2.676712 0.484533
v -0.148963 2.719953 -0.618253
v -0.154058 2.676838 -0.604171
v -0.157214 2.650131 0.567305
v -0.157223 2.650053 -0.521549
v -0.143869 2.763068 0.604214
v -0.154058 2.676838 0.604214
v -0.140704 2.789853 0.521592
v -0.157214 2.650131 -0.567262
v -0.140713 2.789775 0.567305
v -0.143869 2.763068 -0.604171
v -0.140713 2.789775 -0.567262
v -0.140704 2.789853 -0.521549
v -0.062903 2.704638 -0.609600
v -0.058398 2.742765 -0.597125
v -0.055614 2.766329 -0.564467
v -0.055614 2.766329 -0.524099
v -0.058398 2.742765 -0.491441
v -0.062903 2.704638 -0.478966
v -0.067408 2.666511 -0.491441
v -0.070192 2.642947 -0.524099
v -0.070192 2.642947 -0.564467
v -0.067408 2.666511 -0.597125
v -0.062903 2.704638 0.609646
v -0.058398 2.742765 0.597172
v -0.055614 2.766329 0.564513
v -0.055614 2.766329 0.524145
v -0.058398 2.742765 0.491487
v -0.062903 2.704638 0.479012
v -0.067408 2.666511 0.491487
v -0.070192 2.642947 0.524145
v -0.070192 2.642947 0.564513
v -0.067408 2.666511 0.597172
v -0.071163 2.634738 0.521594
v -0.062903 2.704638 0.470361
v -0.057793 2.747879 -0.484489
v -0.062903 2.704638 -0.470315
v -0.068013 2.661397 -0.484489
v -0.062903 2.704638 0.618297
v -0.057793 2.747879 0.484535
v -0.068013 2.661397 0.484535
v -0.062903 2.704638 -0.618251
v -0.067997 2.661523 -0.604170
v -0.071153 2.634816 0.567306
v -0.071163 2.634738 -0.521548
v -0.057808 2.747753 0.604216
v -0.067997 2.661523 0.604216
v -0.054643 2.774538 0.521594
v -0.071153 2.634816 -0.567260
v -0.054653 2.774460 0.567306
v -0.057808 2.747753 -0.604170
v -0.054653 2.774460 -0.567260
v -0.054643 2.774538 -0.521548
v -1.497596 2.845521 -0.000000
v -1.417750 2.841309 0.088742
v -1.761970 2.869775 -0.000000
v -1.755802 2.872294 0.094516
v -1.417750 2.841309 -0.088743
v -1.755802 2.872294 -0.094517
v -1.793602 2.937194 -0.000000
v -1.805123 2.894838 0.035838
v -1.786215 2.936321 0.035022
v -1.796404 2.850091 0.035022
v -1.805122 2.894838 -0.035839
v -1.786215 2.936321 -0.035022
v -1.796404 2.850091 -0.035022
v -1.885939 2.844521 -0.000000
v -1.897458 2.802166 0.035838
v -1.878551 2.843648 0.035022
v -1.888741 2.757419 0.035022
v -1.897458 2.802166 -0.035839
v -1.878551 2.843648 -0.035022
v -1.888741 2.757419 -0.035022
v -2.030181 2.715494 -0.000000
v -2.041701 2.673138 0.035838
v -2.022794 2.714621 0.035022
v -1.792764 2.493209 -0.035022
v -2.032983 2.628391 0.035022
v -2.041701 2.673138 -0.035839
v -2.022794 2.714621 -0.035022
v -2.032983 2.628391 -0.035022
v -2.142585 2.604139 -0.000000
v -2.154106 2.561783 0.035838
v -2.135198 2.603266 0.035022
v -1.792764 2.493209 0.035022
v -2.145388 2.517036 0.035022
v -2.154106 2.561783 -0.035839
v -2.135198 2.603266 -0.035022
v -2.145388 2.517036 -0.035022
v -2.245708 2.518689 -0.000000
v -2.257227 2.476333 0.035838
v -2.238320 2.517816 0.035022
v -1.800151 2.494082 -0.000000
v -2.248509 2.431587 0.035022
v -2.257227 2.476333 -0.035839
v -2.238320 2.517816 -0.035022
v -2.248509 2.431587 -0.035022
v -2.407097 2.400324 -0.000000
v -2.399710 2.399451 0.035022
v -2.399710 2.399451 -0.035022
v -1.573981 2.838022 -0.035022
v -1.533378 2.860225 -0.094517
v -1.540765 2.861098 -0.000000
v -1.533378 2.860225 0.094516
v -1.666317 2.745349 -0.035022
v -1.573981 2.838022 0.035022
v -1.810559 2.616322 0.035022
v -1.666317 2.745349 0.035022
v -1.673704 2.746222 -0.000000
v -1.810559 2.616322 -0.035022
v -1.817946 2.617195 -0.000000
v -1.922964 2.504967 -0.035022
v -1.930351 2.505840 -0.000000
v -1.922964 2.504967 0.035022
v -2.026085 2.419517 -0.035022
v -2.026085 2.419517 0.035022
v -1.387830 2.831794 -0.035022
v -1.347227 2.853997 -0.094517
v -1.354614 2.854870 -0.000000
v -1.395217 2.832667 -0.000000
v -1.347227 2.853997 0.094516
v -1.480165 2.739121 -0.035022
v -1.387830 2.831794 0.035022
v -1.487553 2.739994 -0.000000
v -1.480165 2.739121 0.035022
v 0.673125 3.288740 0.460791
v 0.708434 3.287471 0.460791
v 0.742199 3.283720 0.460791
v 0.772946 3.277651 0.460791
v 0.799330 3.269528 0.460791
v 0.820198 3.259708 0.460791
v 0.834639 3.248619 0.460791
v 0.842020 3.236746 0.460791
v 0.842020 3.224607 0.460791
v 0.834639 3.212734 0.460791
v 0.820198 3.201645 0.460791
v 0.799330 3.191824 0.460791
v 0.772946 3.183702 0.460791
v 0.742199 3.177633 0.460791
v 0.708434 3.173882 0.460791
v 0.673125 3.172613 0.460791
v 0.637817 3.173882 0.460791
v 0.604052 3.177633 0.460791
v 0.573305 3.183702 0.460791
v 0.546921 3.191824 0.460791
v 0.526053 3.201645 0.460791
v 0.511612 3.212734 0.460791
v 0.504231 3.224607 0.460791
v 0.504231 3.236746 0.460791
v 0.511612 3.248619 0.460791
v 0.526053 3.259708 0.460791
v 0.546921 3.269528 0.460791
v 0.573305 3.277651 0.460791
v 0.604051 3.283720 0.460791
v 0.637816 3.287471 0.460791
v 0.673125 3.288740 -0.460791
v 0.708434 3.287471 -0.460791
v 0.742199 3.283720 -0.460791
v 0.772946 3.277651 -0.460791
v 0.799330 3.269528 -0.460791
v 0.820198 3.259708 -0.460791
v 0.834639 3.248619 -0.460791
v 0.842020 3.236746 -0.460791
v 0.842020 3.224607 -0.460791
v 0.834639 3.212734 -0.460791
v 0.820198 3.201645 -0.460791
v 0.799330 3.191824 -0.460791
v 0.772946 3.183702 -0.460791
v 0.742199 3.177633 -0.460791
v 0.708434 3.173882 -0.460791
v 0.673125 3.172613 -0.460791
v 0.637817 3.173882 -0.460791
v 0.604052 3.177633 -0.460791
v 0.573305 3.183702 -0.460791
v 0.546921 3.191824 -0.460791
v 0.526053 3.201645 -0.460791
v 0.511612 3.212734 -0.460791
v 0.504231 3.224607 -0.460791
v 0.504231 3.236746 -0.460791
v 0.511612 3.248619 -0.460791
v 0.526053 3.259708 -0.460791
v 0.546921 3.269528 -0.460791
v 0.573305 3.277651 -0.460791
v 0.604051 3.283720 -0.460791
v 0.637816 3.287471 -0.460791
v 5.892876 1.199577 -0.515796
v 5.892876 1.199577 -0.620126
v 5.892876 1.199577 -0.714023
v 5.892876 1.199577 -0.818354
v 5.892876 1.199577 -0.912251
v 5.892876 1.199577 -1.016581
v 5.892876 1.199577 -1.110478
v 5.892876 1.199577 -1.214808
v 5.892876 1.199577 0.515796
v 5.892876 1.199577 0.620126
v 5.892876 1.199577 0.714023
v 5.892876 1.199577 0.818354
v 5.892876 1.199577 0.912251
v 5.892876 1.199577 1.016581
v 5.892876 1.199577 1.110478
v 5.892876 1.199577 1.214808
v 5.895854 1.181637 0.292223
v 5.895854 1.181637 -0.292223
v -6.201535 0.876969 -0.354197
v -6.201535 0.876969 -0.404563
v -5.859550 0.850438 0.393974
v -5.859550 0.850438 0.354195
v -1.442703 2.425235 0.715892
v -1.344363 1.474766 0.715892
v -4.110909 2.356729 0.381144
v -4.288785 1.384776 0.381144
v -6.928702 0.905871 0.418811
v -6.869861 1.251872 0.418811
v -6.050438 1.070188 0.192274
v -6.869861 1.251872 0.192274
v -6.332952 1.011881 0.192274
v -6.694367 1.319388 0.192274
v -6.332952 1.011881 0.342527
v -6.694367 1.319388 0.342527
v -6.928702 0.905871 0.342527
v -6.869861 1.251872 0.342527
v -4.288785 1.801578 0.381144
v -1.344363 1.950000 0.715892
v -6.928702 1.078871 0.418811
v -6.869861 1.078871 0.192274
v -6.694367 1.130953 0.192274
v -6.694367 1.130953 0.342527
v -6.928702 1.078871 0.342527
v -6.124642 1.479364 0.056426
v -6.124642 1.479364 0.248700
v -6.407157 1.421057 0.248700
v -6.407157 1.421057 0.398953
v -5.203152 1.223505 0.002455
v -5.277356 1.632681 0.058881
v -4.288785 1.384776 0.290572
v -1.344363 2.425235 0.457946
v -4.110909 2.356729 0.290572
v -1.344363 1.474766 0.457946
v -1.344363 1.950000 0.457946
v -1.214084 1.989964 0.775539
v -1.237083 1.474766 0.715892
v -1.237083 2.425235 0.457946
v -1.310812 2.385270 0.778623
v -1.237083 1.950000 0.457946
v -1.237083 1.474766 0.457946
v -1.084200 1.989964 1.453327
v -1.061534 1.474766 1.521995
v -1.061534 2.425235 0.457946
v -1.180664 2.385270 0.873836
v -1.061534 1.950000 0.457946
v -1.061534 1.474766 0.457946
v 0.155148 1.950000 1.551019
v 0.155148 1.474766 1.521995
v 0.155148 2.425235 0.457946
v 0.155148 2.425235 0.962291
v 0.155148 1.950000 0.408883
v 0.155148 1.474766 0.401232
v -1.442703 2.425235 -0.715892
v -1.344363 1.474766 -0.715892
v -4.110909 2.356729 -0.381144
v -4.288785 1.384776 -0.381144
v -6.928702 0.905871 -0.418811
v -6.869861 1.251872 -0.418811
v -4.288785 1.384776 0.000000
v -1.344363 2.425235 0.000000
v -4.110909 2.356729 0.000000
v -1.344363 1.474766 0.000000
v -6.050438 1.070188 0.000000
v -6.869861 1.251872 0.000000
v -6.050438 1.070188 -0.192274
v -6.869861 1.251872 -0.192274
v -6.332952 1.011881 -0.192274
v -6.694367 1.319388 -0.192274
v -6.332952 1.011881 -0.342527
v -6.694367 1.319388 -0.342527
v -6.928702 0.905871 -0.342527
v -6.869861 1.251872 -0.342527
v -4.288785 1.801578 -0.381144
v -1.344363 1.950000 -0.715892
v -6.928702 1.078871 -0.418811
v -1.344363 1.950000 0.000000
v -6.869861 1.078871 -0.192274
v -6.694367 1.130953 -0.192274
v -6.694367 1.130953 -0.342527
v -6.928702 1.078871 -0.342527
v -6.869861 1.078871 0.000000
v -7.019827 1.196368 0.000000
v -7.019827 1.023368 0.000000
v -6.124642 1.479364 -0.056426
v -6.124642 1.479364 -0.248700
v -6.407157 1.421057 -0.248700
v -6.407157 1.421057 -0.398953
v -5.203152 1.223505 -0.002455
v -5.277356 1.632681 -0.058881
v -4.288785 1.384776 -0.290572
v -1.344363 2.425235 -0.457946
v -4.110909 2.356729 -0.290572
v -1.344363 1.474766 -0.457946
v -1.344363 1.950000 -0.457946
v -1.214084 1.989964 -0.775539
v -1.237083 1.474766 -0.715892
v -1.237083 2.425235 -0.457946
v -1.310812 2.385270 -0.778623
v -1.237083 1.950000 -0.457946
v -1.237083 1.474766 -0.457946
v -1.084200 1.989964 -1.453327
v -1.061534 1.474766 -1.521995
v -1.061534 2.425235 -0.457946
v -1.180664 2.385270 -0.873836
v -1.061534 1.950000 -0.457946
v -1.061534 1.474766 -0.457946
v 0.155148 1.950000 -1.551019
v 0.155148 1.474766 -1.521995
v 0.155148 2.425235 -0.457946
v 0.155148 2.425235 -0.962291
v 0.155148 1.950000 -0.408883
v 0.155148 1.474766 -0.401232
v -6.969919 0.807139 2.505876
v -6.969919 0.880657 2.505876
v -5.544603 0.807139 2.505876
v -5.544603 0.880657 2.505876
v -7.331010 0.807139 0.677323
v -6.633843 0.880657 0.677323
v -7.331010 0.880657 0.677323
v -6.633843 0.807139 0.677323
v -7.016872 0.807139 2.268111
v -5.686236 0.880657 2.268111
v -7.016872 0.880657 2.268111
v -5.686236 0.807139 2.268111
v -6.989951 0.807139 2.404433
v -5.605031 0.880657 2.339337
v -6.989951 0.880657 2.339337
v -5.605031 0.807139 2.404433
v -6.989951 1.470070 2.339337
v -7.016872 1.470070 2.268111
v -5.686236 1.470070 2.268111
v -5.605031 1.470070 2.339337
v -6.613590 0.807139 2.505876
v -6.613590 0.880657 2.505876
v -7.156718 0.880657 0.677323
v -7.156718 0.807139 0.677323
v -6.684213 0.880657 2.268111
v -6.684213 0.807139 2.268111
v -6.643722 0.880657 2.339337
v -6.643722 0.807139 2.404433
v -6.684213 1.470070 2.268111
v -6.643722 1.470070 2.339337
v -6.399794 0.807139 2.505876
v -7.052144 0.880657 0.677323
v -6.484617 0.880657 2.268111
v -6.435984 0.880657 2.339337
v -6.484617 1.470070 2.268111
v -6.435984 1.470070 2.339337
v -6.399794 0.880657 2.505876
v -7.052144 0.807139 0.677323
v -6.484617 0.807139 2.268111
v -6.435984 0.807139 2.404433
v -6.940552 0.909807 0.737359
v -6.468046 0.930024 2.268111
v -6.835978 0.909807 0.737359
v -6.268451 0.930024 2.268111
v -6.708192 0.942178 0.853569
v -6.235685 1.062532 2.268111
v -6.603617 0.942178 0.853569
v -6.036091 1.062532 2.268111
v -6.455725 1.059389 1.074319
v -5.983218 1.245488 2.268111
v -6.351150 1.059389 1.074319
v -5.783624 1.245488 2.268111
v -6.361064 1.110619 1.154905
v -5.888559 1.382796 2.269126
v -6.256490 1.110619 1.154905
v -5.688964 1.382796 2.269126
v -6.969919 0.807139 -2.505876
v -6.969919 0.880657 -2.505876
v -5.544603 0.807139 -2.505876
v -5.544603 0.880657 -2.505876
v -7.420812 0.807139 0.000000
v -7.420812 0.880657 0.000000
v -6.723644 0.807139 0.000000
v -6.723644 0.880657 0.000000
v -7.331010 0.807139 -0.677323
v -6.633843 0.880657 -0.677323
v -7.331010 0.880657 -0.677323
v -6.633843 0.807139 -0.677323
v -7.016872 0.807139 -2.268111
v -5.686236 0.880657 -2.268111
v -7.016872 0.880657 -2.268111
v -5.686236 0.807139 -2.268111
v -6.989951 0.807139 -2.404433
v -5.605031 0.880657 -2.339337
v -6.989951 0.880657 -2.339337
v -5.605031 0.807139 -2.404433
v -6.989951 1.470070 -2.339337
v -7.016872 1.470070 -2.268111
v -5.686236 1.470070 -2.268111
v -5.605031 1.470070 -2.339337
v -6.613590 0.807139 -2.505876
v -6.613590 0.880657 -2.505876
v -7.246520 0.880657 0.000000
v -7.246520 0.807139 0.000000
v -7.156718 0.880657 -0.677323
v -7.156718 0.807139 -0.677323
v -6.684213 0.880657 -2.268111
v -6.684213 0.807139 -2.268111
v -6.643722 0.880657 -2.339337
v -6.643722 0.807139 -2.404433
v -6.684213 1.470070 -2.268111
v -6.643722 1.470070 -2.339337
v -6.399794 0.807139 -2.505876
v -7.141945 0.880657 0.000000
v -7.052144 0.880657 -0.677323
v -6.484617 0.880657 -2.268111
v -6.435984 0.880657 -2.339337
v -6.484617 1.470070 -2.268111
v -6.435984 1.470070 -2.339337
v -6.399794 0.880657 -2.505876
v -7.141945 0.807139 0.000000
v -7.052144 0.807139 -0.677323
v -6.484617 0.807139 -2.268111
v -6.435984 0.807139 -2.404433
v -6.940552 0.909807 -0.737359
v -6.468046 0.930024 -2.268111
v -6.835978 0.909807 -0.737359
v -6.268451 0.930024 -2.268111
v -6.708192 0.942178 -0.853569
v -6.235685 1.062532 -2.268111
v -6.603617 0.942178 -0.853569
v -6.036091 1.062532 -2.268111
v -6.455725 1.059389 -1.074319
v -5.983218 1.245488 -2.268111
v -6.351150 1.059389 -1.074319
v -5.783624 1.245488 -2.268111
v -6.361064 1.110619 -1.154905
v -5.888559 1.382796 -2.269126
v -6.256490 1.110619 -1.154905
v -5.688964 1.382796 -2.269126
v -6.926431 0.880657 0.404560
v -6.926431 0.906275 0.404560
v -6.926431 0.880657 0.354195
v -6.926431 0.906275 0.354195
v -6.676684 0.880657 0.354195
v -6.676684 0.850438 0.354195
v -5.859550 1.098321 0.354195
v -5.859550 1.099533 0.393974
v -6.670344 0.880657 0.402019
v -6.670344 0.850438 0.402019
v -6.926431 0.880657 -0.354197
v -6.926431 0.906275 -0.354197
v -6.926431 0.880657 -0.404563
v -6.926431 0.906275 -0.404563
v -6.670007 0.880657 -0.404563
v -6.670007 0.876969 -0.404563
v -6.201535 1.037667 -0.404563
v -6.201535 1.036134 -0.354197
v -6.676684 0.876969 -0.354197
v -6.676684 0.880657 -0.354197
v 4.991215 1.950000 0.614115
v 4.991215 1.474766 0.602623
v 4.991215 2.425235 0.265203
v 4.991215 2.425235 0.381012
v 4.991215 1.914036 0.197642
v 4.991215 1.510730 0.191851
v 4.991215 1.950000 -0.614115
v 4.991215 1.474766 -0.602623
v 4.991215 2.425235 -0.265203
v 4.991215 2.425235 -0.381012
v 4.991215 1.914036 -0.197642
v 4.991215 1.510730 -0.191851
v 1.364164 1.474766 1.259384
v 1.364164 1.950000 1.283400
v 1.364164 2.425235 0.796254
v 1.364164 2.425235 -0.796254
v 1.364164 1.950000 -1.283400
v 1.364164 1.474766 -1.259384
v 2.633633 1.474766 1.010005
v 2.633633 2.425235 0.638582
v 2.633633 1.950000 1.029265
v 2.633633 2.425235 -0.638582
v 2.633633 1.950000 -1.029265
v 2.633633 1.474766 -1.010005
v -1.344745 1.061998 0.457946
v -1.344745 1.061998 0.000000
v -1.237514 1.065220 0.715892
v -1.237514 1.065220 0.457946
v -1.062046 1.070493 1.579223
v 0.154089 1.107036 1.579223
v -1.344745 1.061998 -0.457946
v -1.237514 1.065220 -0.715892
v -1.237514 1.065220 -0.457946
v -1.062046 1.070493 -1.579223
v 0.154089 1.107036 -1.579223
v 4.987975 1.252289 0.625282
v 4.987975 1.252289 0.457946
v 4.987975 1.252289 -0.625282
v 4.987975 1.252289 -0.457946
v 2.631455 1.181478 1.047981
v 1.362560 1.143349 -1.306737
v 1.362560 1.143349 1.306737
v 2.631455 1.181478 -1.047981
v -1.340508 0.920995 0.457946
v -1.340508 0.920995 0.000000
v -1.233277 0.924218 0.715892
v -1.233277 0.924218 0.457946
v -1.057808 0.929490 1.737129
v -1.057808 0.929490 0.457946
v 0.158325 0.966034 1.737129
v 0.158325 0.966034 0.457946
v -1.340508 0.920995 -0.457946
v -1.233277 0.924218 -0.715892
v -1.233277 0.924218 -0.457946
v -1.057808 0.929490 -1.737129
v -1.057808 0.929490 -0.457946
v 0.158325 0.966034 -1.737129
v 0.158325 0.966034 -0.457946
v 4.992212 1.111287 0.687804
v 4.992212 1.111287 0.457946
v 4.992212 1.111287 -0.687804
v 4.992212 1.111287 -0.457946
v 2.635692 1.040476 1.152768
v 1.366796 1.002347 -1.437397
v 1.366796 1.002347 1.437397
v 2.635692 1.040476 -1.152768
v -3.005286 1.012100 0.457946
v -3.005286 1.012100 0.000000
v -2.735519 1.020206 0.770676
v -2.898055 1.015322 0.457946
v -1.784936 1.048770 1.683218
v -1.782063 0.907727 1.737129
v -3.001049 0.871098 0.457946
v -3.005286 1.012100 -0.457946
v -2.735519 1.020206 -0.770676
v -2.898055 1.015322 -0.457946
v -3.001049 0.871098 0.000000
v -1.784936 1.048770 -1.683218
v -2.893818 0.874320 -0.715892
v -1.782063 0.907727 -1.737129
v -2.893818 0.874320 0.715892
v -2.893818 0.874320 0.457946
v -3.001049 0.871098 -0.457946
v -2.893818 0.874320 -0.457946
v 1.363896 1.143390 -2.023128
v 1.368134 1.002387 -2.023128
v 0.159028 0.966055 2.030001
v 0.154790 1.107057 2.030001
v -1.062046 1.070493 2.030044
v -1.057808 0.929490 2.030044
v 2.636886 1.040512 -2.020893
v 2.632649 1.181514 -2.020893
v 0.154790 1.107057 -2.030001
v -1.062046 1.070493 -2.030044
v -1.057808 0.929490 -2.030044
v 2.632649 1.181514 2.020893
v 4.992332 1.256942 2.036784
v 4.992332 1.115876 2.036784
v 2.636886 1.040512 2.020893
v 1.363896 1.143390 2.023128
v 0.159028 0.966055 -2.030001
v 1.368134 1.002387 2.023128
v -1.536689 1.056230 2.030044
v -1.532453 0.915228 2.030044
v -1.536689 1.056230 -2.030044
v -1.532453 0.915228 -2.030044
v 4.166061 2.425235 -0.471162
v 4.166061 1.950000 -0.759417
v 4.166061 1.474766 -0.745207
v 4.163192 1.227505 -0.773227
v 4.167431 1.086503 -0.850541
v 4.164336 1.227540 -2.031222
v 4.168574 1.086537 -2.031222
v 4.166061 1.474766 0.745207
v 4.166061 2.425235 0.471162
v 4.166061 1.950000 0.759417
v 4.163192 1.227505 0.773227
v 4.167431 1.086503 0.850541
v 4.164336 1.227540 2.031222
v 4.168574 1.086537 2.031222
v 3.323225 2.425235 -0.563243
v 3.323225 1.950000 -0.907833
v 3.323225 1.474766 -0.890846
v 3.320737 1.202190 -0.924342
v 3.324974 1.061188 -1.016766
v 3.321908 1.202226 -2.025541
v 3.326145 1.061223 -2.025541
v 3.323225 1.950000 0.907833
v 3.323225 1.474766 0.890846
v 3.323225 2.425235 0.563243
v 3.320737 1.202190 0.924342
v 3.324974 1.061188 1.016766
v 3.321908 1.202226 2.025541
v 3.326145 1.061223 2.025541
v 4.123920 2.425235 -0.475766
v 4.123920 1.950000 -0.766838
v 4.123920 1.474766 -0.752489
v 4.121070 1.226240 -0.780782
v 4.125307 1.085237 -0.858853
v 4.122215 1.226274 -2.030938
v 4.126452 1.085272 -2.030937
v 4.123920 1.474766 0.752489
v 4.123920 2.425235 0.475766
v 4.121070 1.226240 0.780782
v 4.125307 1.085237 0.858853
v 4.122215 1.226274 2.030938
v 4.126452 1.085272 2.030937
v 4.123920 1.950000 0.766838
v 4.992332 1.256942 2.036784
v 4.992332 1.115876 2.036784
v -1.670463 0.911081 -1.868940
v 0.158641 0.966043 -1.868921
v -1.057808 0.929490 -1.868940
v -1.062046 1.070493 -1.868940
v 0.154404 1.107046 -1.868921
v -1.674078 1.052102 -1.814154
v 2.631992 1.181494 -1.543424
v 1.363161 1.143368 -1.700976
v 1.367399 1.002365 -1.700976
v 2.636229 1.040492 -1.543424
v 4.988478 1.252304 -1.394845
v 4.992714 1.111302 -1.394845
v 4.167945 1.086518 -1.381847
v 4.163707 1.227521 -1.381847
v 3.321264 1.202206 -1.470715
v 3.325501 1.061204 -1.470715
v 4.125823 1.085253 -1.386291
v 4.121586 1.226255 -1.386291
v 0.154404 1.107046 1.868921
v -1.062046 1.070493 1.868940
v -1.674078 1.052102 1.814154
v 1.363161 1.143368 1.700976
v 1.367399 1.002365 1.700976
v 0.158641 0.966043 1.868921
v -1.670463 0.911081 1.868940
v -1.057808 0.929490 1.868940
v 2.631992 1.181494 1.543424
v 4.988478 1.252304 1.394845
v 2.636229 1.040492 1.543424
v 4.992714 1.111302 1.394845
v 4.167945 1.086518 1.381847
v 4.163707 1.227521 1.381847
v 3.325501 1.061204 1.470715
v 3.321264 1.202206 1.470715
v 4.121586 1.226255 1.386291
v 4.125823 1.085253 1.386291
v 5.980548 1.421606 -0.687804
v 5.984785 1.051954 -0.687804
v 5.980548 1.421606 0.687804
v 5.980548 1.421605 0.457946
v 5.980548 1.421605 -0.457946
v 5.984785 1.051954 0.687804
v 5.984785 1.051953 0.457946
v 5.984785 1.051953 -0.457946
v 5.981052 1.421637 1.394844
v 5.985289 1.051984 -1.394844
v 5.981052 1.421637 -1.394844
v 5.985289 1.051984 1.394844
v -1.442703 2.425235 -0.535330
v -4.110909 2.356729 -0.317744
v -1.335423 2.425235 -0.535330
v -1.159874 2.425235 -0.717776
v 0.155148 2.425235 -0.717776
v -1.442703 2.425235 0.535330
v -4.110909 2.356729 0.317744
v -1.335423 2.425235 0.535330
v -1.159874 2.425235 0.717776
v 0.155148 2.425235 0.717776
v 0.155148 2.778508 -0.217287
v 4.991215 2.478996 -0.265203
v 0.155148 2.778508 0.217287
v 4.991215 2.478996 0.265203
v 0.450219 2.778508 -0.446186
v 0.450219 2.778508 0.446186
v 0.457893 3.381269 -0.071675
v 4.982395 2.513152 -0.012208
v 0.457893 3.381269 0.071675
v 4.982395 2.513152 0.012208
v 1.559916 2.478996 -0.401959
v 1.559916 2.478996 0.401959
v 1.566020 3.380080 -0.052835
v 1.566020 3.380080 0.052835
v 2.185977 2.478996 -0.377007
v 2.185977 2.478996 0.377007
v 2.185973 3.259291 -0.045463
v 2.185973 3.259291 0.045463
v 3.107229 2.478996 -0.340290
v 3.107229 2.478996 0.340290
v 3.107226 2.935518 -0.034507
v 3.107226 2.935518 0.034507
v 3.687148 2.478996 -0.317177
v 3.687148 2.478996 0.317177
v 3.687144 2.700915 -0.027611
v 3.687144 2.700915 0.027611
v 4.373377 2.478996 -0.289827
v 4.373377 2.478996 0.289827
v 4.373367 2.548398 -0.019451
v 4.373367 2.548398 0.019451
v 4.373377 2.548397 -0.086478
v 4.991215 2.512642 -0.079130
v 4.373377 2.548397 0.086478
v 4.991215 2.512642 0.079130
v 0.850826 3.381269 -0.058681
v 0.850826 3.381269 0.058681
v 2.185977 3.259290 -0.112490
v 2.185977 3.259290 0.112490
v 3.107229 2.935517 -0.101535
v 3.107229 2.935517 0.101535
v 3.687148 2.700914 -0.094638
v 3.687148 2.700914 0.094638
v 2.239379 3.385116 -0.045463
v 2.239379 3.385116 0.045463
v 3.160632 3.400203 -0.034507
v 3.160632 3.400203 0.034507
v 3.740551 3.170256 -0.027611
v 3.740551 3.170256 0.027611
v 4.426773 2.917627 -0.019451
v 4.426773 2.917627 0.019451
v 4.980559 2.723872 -0.012208
v 4.980559 2.723872 0.012208
v 1.619426 3.381349 -0.052835
v 1.619426 3.381349 0.052835
v -0.453193 1.950000 0.408883
v -0.453193 1.474766 0.401232
v -0.453193 2.425235 0.962291
v -0.453193 2.425235 0.457946
v -0.453193 1.474766 1.521995
v -0.453193 1.950000 1.551019
v -0.453978 1.088764 1.579223
v -0.449741 0.947762 0.457946
v -0.449741 0.947762 1.737129
v -0.453627 1.088775 2.030023
v -0.449390 0.947773 2.030023
v -0.449584 0.947767 1.868931
v -0.453821 1.088769 1.868931
v -0.453193 2.425235 0.717776
v -0.453193 1.950000 -0.408883
v -0.453193 1.474766 -0.401232
v -0.453193 2.425235 -0.962291
v -0.453193 2.425235 -0.457946
v -0.453193 1.474766 -1.521995
v -0.453193 1.950000 -1.551019
v -0.453978 1.088764 -1.579223
v -0.449741 0.947762 -0.457946
v -0.449741 0.947762 -1.737129
v -0.453627 1.088775 -2.030023
v -0.449390 0.947773 -2.030023
v -0.453821 1.088769 -1.868931
v -0.449584 0.947767 -1.868931
v -0.453193 2.425235 -0.717776
v -0.301108 1.950000 0.408883
v -0.301108 2.425235 0.962291
v -0.301108 1.950000 1.551019
v -0.301765 1.093338 1.868928
v -0.301108 2.425235 0.717776
v -0.301108 1.474766 0.401232
v -0.301108 2.425235 0.457946
v -0.301108 1.474766 1.521995
v -0.301961 1.093332 1.579223
v -0.297725 0.952330 0.457946
v -0.297725 0.952330 1.737129
v -0.301523 1.093345 2.030017
v -0.297286 0.952343 2.030017
v -0.297527 0.952336 1.868928
v -0.301108 1.950000 -0.408883
v -0.301108 2.425235 -0.962291
v -0.301108 1.950000 -1.551019
v -0.297527 0.952336 -1.868928
v -0.301108 1.474766 -0.401232
v -0.301108 2.425235 -0.457946
v -0.301108 1.474766 -1.521995
v -0.301961 1.093332 -1.579223
v -0.297725 0.952330 -0.457946
v -0.297725 0.952330 -1.737129
v -0.301523 1.093345 -2.030017
v -0.297286 0.952343 -2.030017
v -0.301765 1.093338 -1.868928
v -0.301108 2.425235 -0.717776
v -1.149309 2.425235 0.457946
v -1.149309 1.950000 0.457946
v -1.149309 1.474766 0.457946
v -1.113792 1.474766 1.156000
v -1.113786 1.989962 1.226532
v -1.212138 2.385273 0.839090
v -1.114279 1.068923 1.226511
v -1.145543 0.926854 0.457946
v -1.145543 0.926854 1.226511
v -2.141162 1.038066 1.172229
v -2.138031 0.897031 1.226511
v -1.247649 2.425235 0.688515
v -1.149309 2.425235 -0.457946
v -1.149309 1.950000 -0.457946
v -1.149309 1.474766 -0.457946
v -1.113792 1.474766 -1.156000
v -1.113786 1.989962 -1.226532
v -1.212138 2.385273 -0.839090
v -1.114279 1.068923 -1.226511
v -1.145543 0.926854 -0.457946
v -1.145543 0.926854 -1.226511
v -2.141162 1.038066 -1.172229
v -2.138031 0.897031 -1.226511
v -1.247649 2.425235 -0.688515
v -2.312629 0.891784 0.715892
v -2.312629 0.891784 0.457946
v -2.316865 1.032787 0.457946
v -2.317381 1.032771 0.770679
v -1.534739 1.056289 1.790131
v -1.528574 0.915344 1.737129
v -1.370564 1.061222 2.030044
v -1.366326 0.920220 2.030044
v -1.456034 0.917524 1.868940
v -1.521519 1.056686 1.814154
v -1.790659 0.907469 1.226511
v -1.794897 1.048471 1.226511
v -2.317381 1.032771 -0.770679
v -2.316865 1.032787 -0.457946
v -2.312629 0.891784 -0.457946
v -2.312629 0.891784 -0.715892
v -1.528574 0.915344 -1.737129
v -1.534739 1.056289 -1.790131
v -1.366326 0.920220 -2.030044
v -1.370564 1.061222 -2.030044
v -1.456034 0.917524 -1.868940
v -1.521519 1.056686 -1.814154
v -1.790659 0.907469 -1.226511
v -1.794897 1.048471 -1.226511
v -1.442703 2.467845 0.535330
v -1.442703 2.467845 0.715892
v -1.335423 2.467845 0.715892
v -1.335423 2.467845 0.535330
v -1.442703 2.467845 -0.535330
v -1.442703 2.467845 -0.715892
v -1.335423 2.467845 -0.715892
v -1.335423 2.467845 -0.535330
v -1.079536 2.425235 0.535330
v -1.079536 2.425235 0.715892
v -1.079536 2.425235 -0.535330
v -1.079536 2.425235 -0.715892
v -1.079536 2.467845 0.535330
v -1.079536 2.467845 0.715892
v -1.079536 2.467845 -0.535330
v -1.079536 2.467845 -0.715892
v -1.570621 2.425235 0.535330
v -1.570621 2.425235 0.715892
v -1.570621 2.425235 -0.535330
v -1.570621 2.425235 -0.715892
v -1.570621 2.467845 0.535330
v -1.570621 2.467845 0.715892
v -1.570621 2.467845 -0.535330
v -1.570621 2.467845 -0.715892
v -1.442703 2.425235 1.492882
v -1.335423 2.425235 1.492882
v -1.442703 2.425235 -1.492882
v -1.335423 2.425235 -1.492882
v -1.442703 2.467845 1.492882
v -1.335423 2.467845 1.492882
v -1.442703 2.467845 -1.492882
v -1.335423 2.467845 -1.492882
v -1.079536 2.467845 1.492882
v -1.079536 2.425235 1.492882
v -1.079536 2.425235 -1.492882
v -1.079536 2.467845 -1.492882
v -1.570621 2.467845 1.492882
v -1.570621 2.425235 1.492882
v -1.570621 2.425235 -1.492882
v -1.570621 2.467845 -1.492882
v 0.155148 2.625235 -0.457946
v 0.155148 2.625235 -0.717776
v 0.155148 2.625235 0.457946
v 0.155148 2.625235 0.717776
v -0.301108 2.625235 0.717776
v -0.301108 2.625235 0.457946
v -0.301108 2.625235 -0.457946
v -0.301108 2.625235 -0.717776
v -0.451310 2.177092 0.457946
v -0.451310 2.177092 0.717776
v -0.451310 2.177092 -0.457946
v -0.451310 2.177092 -0.717776
v -0.299225 2.377092 0.717776
v -0.299225 2.377092 0.457946
v -0.299225 2.377092 -0.457946
v -0.299225 2.377092 -0.717776
v 0.649477 2.425235 -0.457946
v 0.649477 2.425235 -0.717776
v 0.649477 2.425235 0.457946
v 0.649477 2.425235 0.717776
v 0.649477 2.625235 -0.457946
v 0.649477 2.625235 -0.717776
v 0.649477 2.625235 0.457946
v 0.649477 2.625235 0.717776
v 4.991215 1.950000 0.408883
v 4.991215 1.474766 0.401232
v 4.991215 1.950000 -0.408883
v 4.991215 1.474766 -0.401232
v 6.412477 1.894361 0.177417
v 6.412477 1.530404 0.171640
v 6.412477 1.894361 -0.177417
v 6.412477 1.530404 -0.171640
v 1.251572 2.110998 -0.457946
v 1.251572 2.110998 -0.717776
v 1.251572 2.110998 0.457946
v 1.251572 2.110998 0.717776
v 1.251572 2.310998 -0.457946
v 1.251572 2.310998 -0.717776
v 1.251572 2.310998 0.457946
v 1.251572 2.310998 0.717776
v -2.142267 1.038033 1.226511
v -2.898055 1.015322 0.715892
v -2.142267 1.038033 -1.226511
v -2.898055 1.015322 -0.715892
v -2.316865 1.032787 -0.715892
v -2.316865 1.032787 0.715892
v -1.674700 1.052083 -1.868940
v -1.786299 1.048730 -1.737129
v -1.460271 1.058526 -1.868940
v -1.786299 1.048730 1.737129
v -1.674700 1.052083 1.868940
v -1.460271 1.058526 1.868940
v -1.796412 1.048426 1.280318
v -1.532810 1.056347 1.737129
v -1.796412 1.048426 -1.280318
v -1.532810 1.056347 -1.737129
v -1.808066 1.667602 1.280318
v -2.152817 1.657242 1.172229
v -1.808066 1.667602 -1.280318
v -2.152817 1.657242 -1.172229
v -1.796590 1.667946 1.683218
v -1.546393 1.675464 1.790131
v -1.796590 1.667946 -1.683218
v -1.546393 1.675464 -1.790131
v -2.747173 1.639382 0.770676
v -2.747173 1.639382 -0.770676
v -2.329035 1.651947 -0.770679
v -2.329035 1.651947 0.770679
v -1.685733 1.671278 -1.814154
v -1.533172 1.675862 -1.814154
v -1.685733 1.671278 1.814154
v -1.533172 1.675862 1.814154
v 5.895854 1.061096 0.292223
v 5.895854 1.061096 -0.292223
v 5.984785 1.051953 -0.292223
v 5.982874 1.181637 -0.292223
v 5.984785 1.051953 0.292223
v 5.982874 1.181637 0.292223
v 5.892876 1.061406 0.714023
v 5.892876 1.061403 -0.515796
v 5.892876 1.061417 0.818354
v 5.892876 1.061403 -0.620126
v 5.984879 1.051959 0.818354
v 5.984785 1.051954 -0.620126
v 5.982701 1.199577 0.818354
v 5.982608 1.199577 -0.620126
v 5.984804 1.051955 0.714023
v 5.984785 1.051953 -0.515796
v 5.982629 1.199577 0.714023
v 5.982608 1.199577 -0.515796
v 5.892876 1.061428 0.912251
v 5.892876 1.061440 1.016581
v 5.892876 1.061406 -0.714023
v 5.985020 1.051968 1.016581
v 5.892876 1.061417 -0.818354
v 5.982843 1.199577 1.016581
v 5.984879 1.051959 -0.818354
v 5.984945 1.051963 0.912251
v 5.982701 1.199577 -0.818354
v 5.984804 1.051955 -0.714023
v 5.982769 1.199577 0.912251
v 5.982629 1.199577 -0.714023
v 5.892876 1.061451 1.110478
v 5.892876 1.061463 1.214808
v 5.892876 1.061428 -0.912251
v 5.985160 1.051977 1.214808
v 5.892876 1.061440 -1.016581
v 5.982984 1.199577 1.214808
v 5.985020 1.051968 -1.016581
v 5.985086 1.051972 1.110478
v 5.982843 1.199577 -1.016581
v 5.984945 1.051963 -0.912251
v 5.982911 1.199577 1.110478
v 5.982769 1.199577 -0.912251
v 5.892876 1.061451 -1.110478
v 5.892876 1.061463 -1.214808
v 5.892876 1.061403 0.620126
v 5.892876 1.061403 0.515796
v 5.984785 1.051954 0.620126
v 5.984785 1.051953 0.515796
v 5.985160 1.051977 -1.214808
v 5.982984 1.199577 -1.214808
v 5.982608 1.199577 0.620126
v 5.985086 1.051972 -1.110478
v 5.982911 1.199577 -1.110478
v 5.982608 1.199577 0.515796
v 6.412477 1.914036 0.197642
v 6.412477 1.510730 0.191851
v 6.412477 1.914036 -0.197642
v 6.412477 1.510730 -0.191851
v 6.388136 1.894361 0.177417
v 6.388136 1.530404 0.171640
v 6.388136 1.894361 -0.177417
v 6.388136 1.530404 -0.171640
v 0.450219 3.381269 -0.133132
v 0.450219 3.381269 0.133132
v 1.559916 3.381269 -0.119935
v 1.559916 3.381269 0.119935
v 0.509653 3.474256 -0.071675
v 0.509653 3.474256 0.071675
v 0.902586 3.474256 -0.058681
v 0.902586 3.474256 0.058681
v 0.509653 3.581772 -0.071675
v 0.509653 3.581772 0.071675
v 0.902586 3.581772 -0.058681
v 0.902586 3.581772 0.058681
v 0.509756 3.474256 -0.232315
v 0.902689 3.474256 -0.219321
v 0.509756 3.474256 0.232315
v 0.902689 3.474256 0.219321
v 0.509756 3.581772 -0.232315
v 0.902689 3.581772 -0.219321
v 0.509756 3.581772 0.232315
v 0.902689 3.581772 0.219321
v 4.991215 2.489484 0.207205
v 0.450219 2.966388 0.348608
v 0.450219 2.966388 -0.348608
v 4.991215 2.489484 -0.207205
v 1.559916 2.760233 -0.314052
v 1.559916 2.760233 0.314052
v 2.185977 2.722213 -0.294557
v 2.185977 2.722213 0.294557
v 3.107229 2.621293 -0.265870
v 3.107229 2.621293 0.265870
v 3.687148 2.548168 -0.247812
v 3.687148 2.548168 0.247812
v 4.373377 2.500628 -0.226444
v 4.373377 2.500628 0.226444
v 0.300081 3.357215 -0.067995
v 0.300081 3.357215 0.067995
v 0.300081 2.990443 0.300203
v 0.300081 2.990443 -0.300203
v 0.300081 3.381269 -0.133132
v 0.300081 3.381269 0.133132
v 0.300081 2.966388 0.348608
v 0.300081 2.966388 -0.348608
v 0.446901 3.357215 -0.067995
v 0.446901 3.357215 0.067995
v 0.446901 2.990443 0.300203
v 0.446901 2.990443 -0.300203
v -1.335423 2.425235 0.715892
v -1.237083 1.950000 0.715892
v -1.159874 2.425235 0.962291
v -1.061534 1.950000 1.551019
v -1.113792 1.950000 1.226511
v -1.212132 2.425235 0.839092
v -1.335423 2.425235 -0.715892
v -1.237083 1.950000 -0.715892
v -1.159874 2.425235 -0.962291
v -1.061534 1.950000 -1.551019
v -1.113792 1.950000 -1.226511
v -1.212132 2.425235 -0.839092
v -0.898498 1.989804 1.226532
v -0.996850 2.385114 0.839090
v -0.996850 2.385114 -0.839090
v -0.898498 1.989804 -1.226532
v -1.095523 2.385112 0.778623
v -0.998796 1.989805 0.775539
v -0.965375 2.385112 0.873836
v -0.868912 1.989806 1.453327
v -1.095523 2.385112 -0.778623
v -0.998796 1.989805 -0.775539
v -0.965375 2.385112 -0.873836
v -0.868912 1.989806 -1.453327
v -2.641704 1.476724 0.457946
v -2.641704 1.476724 0.000000
v -2.641704 1.476724 -0.457946
v -2.642086 1.063957 -0.457946
v -2.642086 1.063957 0.457946
v -2.642086 1.063957 0.000000
v -7.019827 1.196368 0.092391
v -6.941921 1.225202 0.192274
v -6.941921 1.052201 0.192274
v -7.019827 1.023368 0.092391
v -6.941921 1.225202 -0.192274
v -7.019827 1.196368 -0.092391
v -7.019827 1.023368 -0.092391
v -6.941921 1.052201 -0.192274
v -1.642111 2.420667 0.661886
v -1.535886 1.468912 0.694118
v -1.535886 1.468912 0.000000
v -1.524317 2.420779 0.000000
v -1.535886 1.940346 0.694118
v -1.535886 1.468912 0.447059
v -1.524317 2.420779 0.447059
v -1.642111 2.420667 -0.661886
v -1.535886 1.468912 -0.694118
v -1.535886 1.940346 -0.694118
v -1.535886 1.468912 -0.447059
v -1.524317 2.420779 -0.447059
v -1.642111 2.420667 -0.552504
v -1.642111 2.420667 0.552504
v -1.807380 2.415320 0.635758
v -1.775319 1.461594 0.000000
v -1.775319 1.928277 0.666897
v -1.775319 1.461594 0.433449
v -1.807380 2.415320 -0.635758
v -1.775319 1.928277 -0.666897
v -1.775319 1.461594 -0.433449
v -1.807380 2.415320 -0.535521
v -1.775319 1.461594 0.666897
v -1.749285 2.415208 0.000000
v -1.749285 2.415208 0.433449
v -1.775319 1.461594 -0.666897
v -1.749285 2.415208 -0.433449
v -1.807380 2.415320 0.535521
v -1.833231 2.415208 0.503483
v -1.616259 2.420779 0.521177
v -1.616259 2.420779 -0.694118
v -1.616259 2.420779 -0.521177
v -1.616259 2.420779 0.694118
v -1.833231 2.415208 0.666897
v -1.833231 2.415208 -0.666897
v -1.833231 2.415208 -0.503483
v -1.811500 2.542667 0.535521
v -1.646232 2.548014 0.552504
v -1.646232 2.548014 -0.661886
v -1.646232 2.548014 -0.552504
v -1.646232 2.548014 0.661886
v -1.811500 2.542667 0.635758
v -1.811500 2.542667 -0.635758
v -1.811500 2.542667 -0.535521
v -1.644171 2.484341 0.552504
v -1.644171 2.484341 0.661886
v -1.809440 2.478993 0.535521
v -1.809440 2.478993 0.635758
v -1.809440 2.478993 -0.535521
v -1.809440 2.478993 -0.635758
v -1.644171 2.484341 -0.661886
v -1.644171 2.484341 -0.552504
v -1.647744 2.548013 1.157048
v -1.813013 2.542666 1.130921
v -1.647744 2.548013 -1.157048
v -1.813013 2.542666 -1.130921
v -1.810953 2.478992 1.130921
v -1.645684 2.484339 1.157048
v -1.810953 2.478992 -1.130921
v -1.645684 2.484339 -1.157048
v -1.648505 2.548012 1.490220
v -1.813773 2.542665 1.462523
v -1.648505 2.548012 -1.490220
v -1.813773 2.542665 -1.462523
v -1.811713 2.478992 1.462523
v -1.646444 2.484339 1.490220
v -1.811713 2.478992 -1.462523
v -1.646444 2.484339 -1.490220
v -1.651522 2.664811 1.157048
v -1.816790 2.659464 1.130921
v -1.651522 2.664811 -1.157048
v -1.816790 2.659464 -1.130921
v -1.652282 2.664810 1.490220
v -1.817550 2.659463 1.462523
v -1.652282 2.664810 -1.490220
v -1.817550 2.659463 -1.462523
v -1.583738 2.553840 1.177854
v -1.581693 2.504053 1.177854
v -1.583738 2.553840 -1.177854
v -1.581693 2.504053 -1.177854
v -1.584403 2.553839 1.469414
v -1.582358 2.504052 1.469414
v -1.584403 2.553839 -1.469414
v -1.582358 2.504052 -1.469414
v -1.588164 2.645486 -1.469414
v -1.587499 2.645486 -1.177854
v -1.588164 2.645486 1.469414
v -1.587499 2.645486 1.177854
v -1.583690 2.550085 1.157048
v -1.581630 2.486411 1.157048
v -1.583690 2.550085 -1.157048
v -1.581630 2.486411 -1.157048
v -1.584451 2.550084 1.490220
v -1.582390 2.486411 1.490220
v -1.584451 2.550084 -1.490220
v -1.582390 2.486411 -1.490220
v -1.588227 2.666882 -1.490220
v -1.587468 2.666883 -1.157048
v -1.588227 2.666882 1.490220
v -1.587468 2.666883 1.157048
v -1.601456 2.553139 -1.469414
v -1.600791 2.553140 -1.177854
v -1.601456 2.553139 1.469414
v -1.600791 2.553140 1.177854
v -1.598747 2.503353 1.177854
v -1.598747 2.503353 -1.177854
v -1.599411 2.503352 1.469414
v -1.599411 2.503352 -1.469414
v -1.605218 2.644785 -1.469414
v -1.604553 2.644786 -1.177854
v -1.605218 2.644785 1.469414
v -1.604553 2.644786 1.177854
v 5.340116 1.075590 -1.394844
v 5.335878 1.267831 -1.394844
v 5.335377 1.267810 -0.457946
v 5.335377 1.267810 0.457946
v 5.335878 1.267831 1.394844
v 5.335377 1.267810 0.647165
v 5.335377 1.267810 -0.647165
v 5.340116 1.075590 1.394844
v 5.593946 1.361620 -1.394844
v 5.593445 1.361595 0.457946
v 5.593946 1.361620 1.394844
v 5.598184 1.049062 1.394844
v 5.598184 1.049062 -1.394844
v 5.593445 1.361595 -0.457946
v 5.593445 1.361595 0.663420
v 5.593445 1.361595 -0.663420
v -0.276937 1.182364 0.457946
v -0.276937 1.182364 0.000000
v -0.276937 1.182364 -0.457946
v -0.093241 1.437693 0.457946
v -0.093241 1.437693 0.000000
v -0.093241 1.437693 -0.457946
v 0.183074 1.976605 0.457946
v 0.183074 1.976605 0.000000
v 0.183074 1.976605 -0.457946
v -0.054721 1.549912 0.457946
v -0.054721 1.549912 -0.457946
v -0.055152 1.140367 0.457946
v -0.055152 1.140367 -0.457946
v 5.326536 2.847992 0.960896
v 5.326536 2.884906 0.960896
v 5.326536 2.847992 -0.960896
v 5.326536 2.884906 -0.960896
v 6.067713 3.000910 0.960896
v 6.067713 3.037824 0.960896
v 6.067713 3.000910 -0.960896
v 6.067713 3.037824 -0.960896
v 5.437712 2.809354 -0.960896
v 5.437712 2.846268 -0.960896
v 5.437712 2.809354 0.960896
v 5.437712 2.846268 0.960896
v 5.752713 2.846268 -0.960896
v 5.752713 2.809354 0.960896
v 5.752713 2.809354 -0.960896
v 5.752713 2.846268 0.960896
v 5.752713 2.809354 -1.009151
v 5.437712 2.809354 -1.009151
v 5.752713 2.846268 1.009151
v 5.437712 2.846268 1.009151
v 5.437712 2.809354 1.009151
v 5.437712 2.846268 -1.009151
v 5.752713 2.846268 -1.009151
v 5.752713 2.809354 1.009151
v 5.275659 2.846268 0.960896
v 5.275659 2.809354 0.960896
v 5.275659 2.846268 -0.960896
v 5.275659 2.809354 -0.960896
v 5.275659 2.846268 1.009151
v 5.275659 2.809354 1.009151
v 5.275659 2.846268 -1.009151
v 5.275659 2.809354 -1.009151
v 6.087502 2.846268 0.960896
v 6.087502 2.809354 0.960896
v 6.087502 2.846268 -0.960896
v 6.087502 2.809354 -0.960896
v 6.087502 2.846268 1.009151
v 6.087502 2.809354 1.009151
v 6.087502 2.846268 -1.009151
v 6.087502 2.809354 -1.009151
v 5.752713 3.091050 0.960896
v 5.437712 3.091050 0.960896
v 5.437712 3.091050 -0.960896
v 5.752713 3.091050 -0.960896
v 5.752713 3.091050 1.009151
v 5.437712 3.091050 1.009151
v 5.437712 3.091050 -1.009151
v 5.752713 3.091050 -1.009151
v 5.275659 3.091050 -1.009151
v 5.275659 3.091050 -0.960896
v 5.275659 3.091050 1.009151
v 5.275659 3.091050 0.960896
v 6.087502 3.091050 -0.960896
v 6.087502 3.091050 -1.009151
v 6.087502 3.091050 1.009151
v 6.087502 3.091050 0.960896
v 6.538321 2.846268 0.960896
v 6.538321 2.809354 0.960896
v 6.538321 2.846268 -0.960896
v 6.538321 2.809354 -0.960896
v 6.538321 2.846268 1.009151
v 6.538321 2.809354 1.009151
v 6.538321 2.846268 -1.009151
v 6.538321 2.809354 -1.009151
v 5.752713 2.412001 -0.960896
v 5.437712 2.412001 -0.960896
v 5.437712 2.412001 0.960896
v 5.752713 2.412001 0.960896
v 5.752713 2.412001 -1.009151
v 5.437712 2.412001 -1.009151
v 5.437712 2.412001 1.009151
v 5.752713 2.412001 1.009151
v 5.275659 2.412001 0.960896
v 5.275659 2.412001 1.009151
v 5.275659 2.412001 -0.960896
v 5.275659 2.412001 -1.009151
v 6.087502 2.412001 -0.960896
v 6.087502 2.412001 -1.009151
v 6.087502 2.412001 0.960896
v 6.087502 2.412001 1.009151
v 6.538321 2.412001 -0.960896
v 6.538321 2.412001 -1.009151
v 6.538321 2.412001 0.960896
v 6.538321 2.412001 1.009151
v 5.752713 2.207304 -0.727140
v 5.437712 2.207304 -0.727140
v 5.437712 2.207304 0.727140
v 5.752713 2.207304 0.727140
v 5.752713 2.207304 -0.763656
v 5.437712 2.207304 -0.763656
v 5.437712 2.207304 0.763656
v 5.752713 2.207304 0.763656
v 5.275659 2.207304 0.727140
v 5.275659 2.207304 0.763656
v 5.275659 2.207304 -0.727140
v 5.275659 2.207304 -0.763656
v 5.810678 2.041316 -0.727140
v 5.810678 2.041316 0.727140
v 6.029536 2.041316 -0.727140
v 6.087502 2.207304 -0.763656
v 6.029536 2.041316 0.727140
v 6.087502 2.207304 0.763656
v 6.492336 2.207304 -0.727140
v 6.492336 2.207304 -0.763656
v 6.492336 2.207304 0.727140
v 6.492336 2.207304 0.763656
v 5.752713 1.792559 -0.727140
v 5.437712 1.792559 -0.727140
v 5.437712 1.792559 0.727140
v 5.752713 1.792559 0.727140
v 5.752713 1.792559 -0.763656
v 5.437712 1.792559 -0.763656
v 5.437712 1.792559 0.763656
v 5.752713 1.792559 0.763656
v 5.275659 1.792559 0.727140
v 5.275659 1.792559 0.763656
v 5.275659 1.792559 -0.727140
v 5.275659 1.792559 -0.763656
v 5.810678 1.958547 -0.727140
v 5.810678 1.958547 0.727140
v 6.029536 1.958547 -0.727140
v 6.087502 1.792559 -0.763656
v 6.029536 1.958547 0.727140
v 6.087502 1.792559 0.763656
v 6.185133 1.792559 -0.727140
v 6.185133 1.792559 -0.763656
v 6.185133 1.792559 0.727140
v 6.185133 1.792559 0.763656
v 6.150454 3.091050 0.960896
v 6.150454 2.846268 0.960896
v 6.150454 2.846268 -0.960896
v 6.150454 2.846268 -1.009151
v 6.150454 2.846268 1.009151
v 6.150454 3.091050 -0.960896
v 6.150454 3.091050 -1.009151
v 6.150454 3.091050 1.009151
v 5.326536 2.847992 0.096090
v 5.329679 2.883813 0.038628
v 6.067713 3.000910 0.096090
v 6.067713 3.037824 0.096090
v 5.434568 2.847360 0.038628
v 5.437712 2.809354 0.096090
v 5.752713 2.846268 0.096090
v 5.752713 2.809354 0.096090
v 5.329679 2.883813 -0.057846
v 6.067713 3.000910 -0.115308
v 5.326536 2.847992 -0.115308
v 6.067713 3.037824 -0.115308
v 5.434568 2.847360 -0.057846
v 5.437712 2.809354 -0.115308
v 5.752713 2.846268 -0.115308
v 5.752713 2.809354 -0.115308
v 5.437712 2.846268 -0.115308
v 5.437712 2.846268 0.096090
v 5.326536 2.884906 0.096090
v 5.326536 2.884906 -0.115308
v 5.448913 2.888636 -0.057846
v 5.448913 2.888636 0.038628
v 5.344024 2.925089 0.038628
v 5.344024 2.925089 -0.057846
v 5.323591 2.885929 0.038628
v 5.323591 2.885929 -0.057846
v 5.337935 2.927205 0.038628
v 5.337935 2.927205 -0.057846
v 5.315136 2.897898 0.038628
v 5.315136 2.897898 -0.057846
v 5.303495 2.939174 0.038628
v 5.303495 2.939174 -0.057846
v 5.304775 2.886410 0.038628
v 5.304775 2.886410 -0.057846
v 5.262761 2.927686 0.038628
v 5.262761 2.927686 -0.057846
v 5.278570 2.875334 0.038628
v 5.278570 2.875334 -0.057846
v 5.216190 2.895739 0.038628
v 5.216190 2.895739 -0.057846
v 5.246427 2.790379 0.038628
v 5.246427 2.790379 -0.057846
v 5.190245 2.818881 0.038628
v 5.190245 2.818881 -0.057846
v 5.247731 2.761145 0.038628
v 5.247731 2.761145 -0.057846
v 5.169538 2.762070 0.038628
v 5.169538 2.762070 -0.057846
v 6.087502 2.207304 0.727140
v 6.087502 2.207304 -0.727140
v 6.087502 1.792559 0.727140
v 6.087502 1.792559 -0.727140
v 5.810678 1.812191 0.196179
v 5.810678 1.895289 0.197372
v 6.029536 1.895289 0.197372
v 6.029536 1.812191 0.196179
v 5.168065 1.914036 0.038628
v 5.168065 1.914036 -0.057846
v 5.246260 1.914036 -0.057846
v 5.246260 1.914036 0.038628
v 5.810678 1.895289 -0.197372
v 5.810678 1.812191 -0.196179
v 6.029536 1.812191 -0.196179
v 6.029536 1.895289 -0.197372
v 0.504231 3.236746 0.207550
v 0.708434 3.287471 -0.178777
v 0.673125 3.288740 0.178538
v 0.708434 3.287471 0.178777
v 0.742199 3.283720 -0.180323
v 0.511612 3.248619 0.201296
v 0.742199 3.283720 0.180323
v 0.772946 3.277651 -0.183110
v 0.526053 3.259708 0.195365
v 0.799330 3.269528 -0.187015
v 0.772946 3.277651 0.183110
v 0.546921 3.269528 0.190016
v 0.799330 3.269528 0.187015
v 0.820198 3.259708 -0.191867
v 0.573305 3.277651 0.185484
v 0.820198 3.259708 0.191867
v 0.834639 3.248619 -0.197454
v 0.604051 3.283720 0.181966
v 0.842020 3.236746 -0.203533
v 0.834639 3.248619 0.197454
v 0.637816 3.287471 0.179617
v 0.667140 3.288525 0.178721
v 0.842020 3.224607 -0.209838
v 0.842020 3.236746 0.203533
v 0.834639 3.212734 -0.216092
v 0.842020 3.224607 0.209838
v 0.820198 3.201645 -0.222023
v 0.834639 3.212734 0.216092
v 0.820198 3.201645 0.222023
v 0.799330 3.191824 -0.227372
v 0.799330 3.191824 0.227372
v 0.772946 3.183702 -0.231904
v 0.673125 3.288740 -0.178538
v 0.742199 3.177633 -0.235422
v 0.772946 3.183702 0.231904
v 0.511612 3.248619 -0.201296
v 0.708434 3.173882 -0.237771
v 0.742199 3.177633 0.235422
v 0.526053 3.259708 -0.195365
v 0.708434 3.173882 0.237771
v 0.673125 3.172613 -0.238850
v 0.546921 3.269528 -0.190016
v 0.673125 3.172613 0.238850
v 0.573305 3.277651 -0.185484
v 0.637817 3.173882 -0.238611
v 0.637817 3.173882 0.238611
v 0.604051 3.283720 -0.181966
v 0.604052 3.177633 -0.237064
v 0.604052 3.177633 0.237064
v 0.637816 3.287471 -0.179617
v 0.573305 3.183702 -0.234278
v 0.667140 3.288525 -0.178721
v 0.573305 3.183702 0.234278
v 0.546921 3.191824 -0.230373
v 0.546921 3.191824 0.230373
v 0.526053 3.201645 -0.225521
v 0.526053 3.201645 0.225521
v 0.511612 3.212734 -0.219933
v 0.511612 3.212734 0.219933
v 0.504231 3.224607 -0.213855
v 0.504231 3.224607 0.213855
v 0.504231 3.236746 -0.207550
v 0.068125 2.625235 -0.484482
v -0.035084 2.625235 0.567308
v -0.035387 2.625235 -0.521546
v -0.035387 2.625235 0.521596
v -2.361232 2.400055 -0.035839
v -2.399871 2.399098 -0.035029
v 0.087982 2.625235 0.597180
v -1.877848 2.412024 0.035022
v -0.003510 2.625235 0.564517
v 0.155148 2.625235 -0.477131
v 0.236021 2.625235 -0.470300
v -1.793420 2.414115 0.035022
v 0.507127 2.625235 0.567335
v -2.041839 2.407964 -0.035022
v 0.403427 2.625235 0.604240
v 0.087982 2.625235 -0.597117
v -1.877848 2.412024 -0.035022
v 0.068125 2.625235 0.484542
v -0.003510 2.625235 -0.564464
v 0.507430 2.625235 -0.521519
v -1.793420 2.414115 -0.035022
v 0.403917 2.625235 -0.484465
v 0.475554 2.625235 -0.564440
v 0.507430 2.625235 0.521623
v 0.384060 2.625235 -0.597103
v -1.800817 2.413932 0.000000
v -1.800817 2.413932 -0.000000
v 0.403917 2.625235 0.484559
v 0.384060 2.625235 -0.491418
v 0.384060 2.625235 0.597194
v 0.236021 2.625235 -0.478951
v 0.236021 2.625235 0.609661
v -0.035084 2.625235 -0.567258
v 0.155148 2.625235 0.477200
v 0.236021 2.625235 0.470377
v -2.289066 2.401842 -0.035022
v -2.041839 2.407964 0.035022
v 0.475554 2.625235 -0.524072
v 0.384060 2.625235 0.491510
v -2.289066 2.401842 0.035022
v 0.236021 2.625235 0.479028
v 0.236021 2.625235 0.618313
v 0.155148 2.625235 0.611506
v 0.068615 2.625235 0.604223
v 0.475554 2.625235 0.524173
v -2.407750 2.398903 0.000000
v -2.399871 2.399098 0.035029
v -2.361232 2.400055 0.035838
v 0.475554 2.625235 0.564541
v 0.236021 2.625235 -0.609584
v 0.155148 2.625235 -0.602774
v -2.407750 2.398903 -0.000000
v 0.403427 2.625235 -0.604146
v 0.236021 2.625235 -0.618236
v -0.003510 2.625235 0.524149
v 0.155148 2.625235 -0.485770
v 0.087982 2.625235 -0.491433
v 0.155148 2.625235 0.485839
v 0.068615 2.625235 -0.604162
v -0.003510 2.625235 -0.524096
v 0.087982 2.625235 0.491495
v 0.507127 2.625235 -0.567231
v 0.155148 2.625235 -0.611437
v 0.155148 2.625235 0.602843
v 4.971153 2.622999 0.012330
v 4.971153 2.622999 -0.012330
v 4.910805 2.622999 0.013048
v 4.910805 2.622999 -0.013048
v 4.910805 2.608719 0.013050
v 4.910805 2.608719 -0.013050
v 4.971153 2.608719 0.012332
v 4.971153 2.608719 -0.012332
vn -1.0000 -0.0000 -0.0000
vn -0.0000 -0.0000 -1.0000
vn 1.0000 -0.0000 -0.0000
vn -0.0000 -0.0000 1.0000
vn -0.0000 1.0000 -0.0000
vn -0.0000 -1.0000 -0.0000
vn -0.0196 -0.3075 0.9514
vn -0.1166 -0.7981 0.5912
vn -0.1697 -0.9855 0.0042
vn -0.1564 -0.7952 -0.5858
vn -0.0812 -0.3006 -0.9503
vn 0.0249 0.3067 -0.9515
vn 0.1203 0.7974 -0.5913
vn 0.1697 0.9855 -0.0042
vn 0.1556 0.7953 0.5859
vn 0.0837 0.3003 0.9502
vn 0.1844 -0.3321 0.9251
vn 0.0417 -0.8187 0.5727
vn -0.1173 -0.9931 -0.0000
vn -0.2314 -0.7864 -0.5727
vn -0.2567 -0.2800 -0.9251
vn -0.1844 0.3321 -0.9251
vn -0.0417 0.8187 -0.5727
vn 0.1173 0.9931 -0.0000
vn 0.2314 0.7864 0.5727
vn 0.2567 0.2800 0.9251
vn 0.3254 -0.3487 0.8789
vn 0.1290 -0.8290 0.5441
vn -0.3187 -0.7761 -0.5441
vn -0.3977 -0.2633 -0.8789
vn -0.3254 0.3488 -0.8789
vn -0.1290 0.8290 -0.5441
vn 0.3187 0.7761 0.5441
vn 0.3977 0.2633 0.8789
vn 0.4575 -0.3644 0.8111
vn 0.2108 -0.8387 0.5022
vn -0.4004 -0.7665 -0.5022
vn -0.5298 -0.2477 -0.8111
vn -0.4575 0.3643 -0.8112
vn -0.2108 0.8387 -0.5022
vn 0.4004 0.7665 0.5022
vn 0.5298 0.2477 0.8111
vn 0.5774 -0.3785 0.7234
vn 0.2850 -0.8475 0.4479
vn -0.4747 -0.7577 -0.4479
vn -0.6497 -0.2335 -0.7234
vn -0.5774 0.3785 -0.7234
vn -0.2850 0.8475 -0.4479
vn 0.4747 0.7577 0.4479
vn 0.6497 0.2335 0.7234
vn 0.6822 -0.3909 0.6178
vn 0.3499 -0.8551 0.3825
vn -0.5396 -0.7500 -0.3825
vn -0.7546 -0.2211 -0.6179
vn -0.6822 0.3909 -0.6179
vn -0.3499 0.8551 -0.3825
vn 0.5396 0.7500 0.3825
vn 0.7546 0.2211 0.6178
vn 0.7694 -0.4012 0.4971
vn 0.4039 -0.8615 0.3077
vn -0.5935 -0.7436 -0.3077
vn -0.8417 -0.2108 -0.4971
vn -0.7694 0.4012 -0.4971
vn -0.4039 0.8615 -0.3077
vn 0.5936 0.7436 0.3077
vn 0.8417 0.2108 0.4971
vn 0.8367 -0.4092 0.3641
vn 0.4455 -0.8664 0.2254
vn -0.6352 -0.7387 -0.2254
vn -0.9090 -0.2029 -0.3641
vn -0.8367 0.4092 -0.3641
vn -0.4455 0.8664 -0.2254
vn 0.6352 0.7387 0.2254
vn 0.9090 0.2029 0.3641
vn 0.8825 -0.4146 0.2221
vn 0.4739 -0.8698 0.1375
vn -0.6636 -0.7354 -0.1375
vn -0.9548 -0.1975 -0.2221
vn -0.8825 0.4146 -0.2221
vn -0.4739 0.8698 -0.1375
vn 0.6636 0.7354 0.1375
vn 0.9548 0.1975 0.2221
vn 0.9057 -0.4173 0.0746
vn 0.4883 -0.8715 0.0462
vn -0.6779 -0.7337 -0.0462
vn -0.9780 -0.1947 -0.0746
vn -0.9057 0.4173 -0.0746
vn -0.4883 0.8715 -0.0462
vn 0.6779 0.7337 0.0462
vn 0.9780 0.1947 0.0747
vn 0.9057 -0.4173 -0.0746
vn 0.4883 -0.8715 -0.0462
vn -0.6779 -0.7337 0.0462
vn -0.9780 -0.1947 0.0746
vn -0.9057 0.4173 0.0746
vn -0.4883 0.8715 0.0462
vn 0.6779 0.7337 -0.0462
vn 0.9780 0.1947 -0.0746
vn 0.8825 -0.4146 -0.2221
vn 0.4739 -0.8698 -0.1375
vn -0.6636 -0.7354 0.1375
vn -0.9548 -0.1975 0.2221
vn -0.8825 0.4146 0.2221
vn -0.4739 0.8698 0.1375
vn 0.6636 0.7354 -0.1375
vn 0.9548 0.1975 -0.2221
vn 0.8367 -0.4092 -0.3641
vn 0.4455 -0.8664 -0.2254
vn -0.6352 -0.7387 0.2254
vn -0.9090 -0.2029 0.3641
vn -0.8367 0.4092 0.3641
vn -0.4455 0.8664 0.2254
vn 0.6352 0.7387 -0.2254
vn 0.9090 0.2029 -0.3641
vn 0.7694 -0.4012 -0.4971
vn 0.4039 -0.8615 -0.3077
vn -0.5935 -0.7436 0.3077
vn -0.8417 -0.2108 0.4971
vn -0.7694 0.4012 0.4971
vn -0.4039 0.8615 0.3077
vn 0.5935 0.7436 -0.3077
vn 0.8417 0.2108 -0.4971
vn 0.6822 -0.3909 -0.6178
vn 0.3499 -0.8551 -0.3825
vn -0.5396 -0.7500 0.3825
vn -0.7546 -0.2211 0.6178
vn -0.6822 0.3909 0.6178
vn -0.3499 0.8551 0.3825
vn 0.5396 0.7500 -0.3825
vn 0.7546 0.2211 -0.6178
vn 0.5774 -0.3785 -0.7234
vn 0.2850 -0.8475 -0.4479
vn -0.4747 -0.7577 0.4479
vn -0.6497 -0.2335 0.7234
vn -0.5774 0.3785 0.7234
vn -0.2850 0.8475 0.4479
vn 0.4747 0.7577 -0.4479
vn 0.6497 0.2335 -0.7234
vn 0.4575 -0.3644 -0.8111
vn 0.2108 -0.8387 -0.5022
vn -0.4004 -0.7665 0.5022
vn -0.5298 -0.2477 0.8111
vn -0.4575 0.3643 0.8112
vn -0.2108 0.8387 0.5022
vn 0.4004 0.7665 -0.5022
vn 0.5298 0.2477 -0.8111
vn 0.3254 -0.3487 -0.8789
vn 0.1290 -0.8290 -0.5441
vn -0.3187 -0.7761 0.5441
vn -0.3977 -0.2633 0.8789
vn -0.3254 0.3488 0.8789
vn -0.1290 0.8290 0.5441
vn 0.3187 0.7761 -0.5441
vn 0.3977 0.2633 -0.8789
vn 0.1844 -0.3321 -0.9251
vn 0.0417 -0.8187 -0.5727
vn -0.2314 -0.7864 0.5727
vn -0.2567 -0.2800 0.9251
vn -0.1844 0.3321 0.9251
vn -0.0417 0.8187 0.5727
vn 0.2314 0.7864 -0.5727
vn 0.2567 0.2800 -0.9251
vn -0.0196 -0.3075 -0.9514
vn -0.1166 -0.7981 -0.5912
vn -0.1697 -0.9855 -0.0042
vn -0.1564 -0.7952 0.5858
vn -0.0812 -0.3006 0.9503
vn 0.0249 0.3067 0.9515
vn 0.1203 0.7974 0.5913
vn 0.1697 0.9855 0.0042
vn 0.1556 0.7953 -0.5859
vn 0.0837 0.3003 -0.9502
vn 0.0171 0.3073 -0.9515
vn 0.1053 0.7793 -0.6178
vn 0.1697 0.9855 -0.0059
vn 0.1566 0.7960 0.5847
vn 0.0811 0.3011 0.9501
vn -0.0254 -0.3072 0.9513
vn -0.1208 -0.7982 0.5902
vn -0.1698 -0.9855 0.0024
vn -0.1491 -0.8217 -0.5500
vn -0.0743 -0.3008 -0.9508
vn -0.1845 0.3316 -0.9252
vn -0.0363 0.8303 -0.5561
vn 0.1169 0.9931 -0.0017
vn 0.2312 0.7873 0.5716
vn 0.2567 0.2805 0.9249
vn 0.1843 -0.3326 0.9249
vn 0.0413 -0.8195 0.5716
vn -0.1177 -0.9930 -0.0017
vn -0.2140 -0.8589 -0.4653
vn -0.2567 -0.2795 -0.9252
vn -0.3255 0.3483 -0.8791
vn -0.1049 0.8621 -0.4958
vn 0.1167 0.9932 -0.0016
vn 0.3183 0.7770 0.5431
vn 0.3977 0.2638 0.8788
vn 0.3253 -0.3493 0.8788
vn 0.1285 -0.8298 0.5431
vn -0.1180 -0.9930 -0.0016
vn -0.2743 -0.8692 -0.4114
vn -0.3977 -0.2628 -0.8791
vn -0.2808 0.3369 -0.8987
vn -0.1059 0.9018 -0.4189
vn 0.1165 0.9932 -0.0015
vn 0.3999 0.7674 0.5012
vn 0.5298 0.2482 0.8110
vn 0.4573 -0.3649 0.8110
vn 0.2101 -0.8394 0.5012
vn -0.1182 -0.9930 -0.0015
vn -0.2140 -0.9226 -0.3209
vn -0.3230 -0.2635 -0.9090
vn -0.4951 0.3666 -0.7877
vn -0.1124 0.9531 -0.2808
vn 0.1162 0.9932 -0.0013
vn 0.4741 0.7586 0.4470
vn 0.6497 0.2341 0.7233
vn 0.5772 -0.3790 0.7233
vn 0.2842 -0.8482 0.4470
vn -0.1185 -0.9930 -0.0013
vn -0.1979 -0.9715 -0.1303
vn -0.5562 -0.2419 -0.7951
vn -0.4969 0.3584 -0.7903
vn -0.1020 0.9703 -0.2194
vn 0.1160 0.9932 -0.0011
vn 0.5388 0.7509 0.3818
vn 0.7545 0.2217 0.6177
vn 0.6821 -0.3914 0.6177
vn 0.3490 -0.8558 0.3818
vn -0.1186 -0.9929 -0.0011
vn -0.1641 -0.9816 -0.0982
vn -0.5456 -0.2331 -0.8050
vn -0.5097 0.3460 -0.7877
vn -0.0831 0.9836 -0.1598
vn 0.1159 0.9933 -0.0009
vn 0.5927 0.7446 0.3071
vn 0.8416 0.2114 0.4970
vn 0.7692 -0.4017 0.4970
vn 0.4028 -0.8622 0.3071
vn -0.1188 -0.9929 -0.0009
vn -0.1259 -0.9900 -0.0638
vn -0.5495 -0.2168 -0.8069
vn -0.5989 0.3517 -0.7194
vn -0.0684 0.9923 -0.1035
vn 0.1158 0.9933 -0.0007
vn 0.6343 0.7397 0.2249
vn 0.9089 0.2034 0.3640
vn 0.8365 -0.4097 0.3640
vn 0.4444 -0.8671 0.2250
vn -0.1189 -0.9929 -0.0007
vn -0.0996 -0.9945 -0.0322
vn -0.6405 -0.2009 -0.7412
vn -0.8827 0.4141 -0.2221
vn -0.0642 0.9970 -0.0434
vn 0.1157 0.9933 -0.0004
vn 0.6626 0.7363 0.1372
vn 0.9547 0.1980 0.2220
vn 0.8823 -0.4151 0.2220
vn 0.4727 -0.8705 0.1372
vn -0.1190 -0.9929 -0.0004
vn -0.0914 -0.9958 0.0063
vn -0.9549 -0.1970 -0.2221
vn -0.0648 0.9978 -0.0143
vn 0.1156 0.9933 -0.0001
vn 0.6769 0.7346 0.0461
vn 0.9779 0.1953 0.0746
vn 0.9055 -0.4178 0.0746
vn 0.4870 -0.8722 0.0461
vn -0.1191 -0.9929 -0.0001
vn -0.0913 -0.9958 0.0021
vn -0.5179 0.8525 -0.0706
vn -0.0648 0.9978 0.0143
vn 0.1156 0.9933 0.0001
vn 0.6769 0.7346 -0.0461
vn 0.9779 0.1953 -0.0746
vn 0.9055 -0.4178 -0.0746
vn 0.4870 -0.8722 -0.0461
vn -0.1191 -0.9929 0.0001
vn -0.0913 -0.9958 -0.0021
vn -0.5179 0.8525 0.0706
vn -0.8827 0.4141 0.2221
vn -0.0642 0.9970 0.0434
vn 0.1157 0.9933 0.0004
vn 0.6626 0.7363 -0.1372
vn 0.9547 0.1980 -0.2221
vn 0.8823 -0.4151 -0.2220
vn 0.4727 -0.8705 -0.1372
vn -0.1190 -0.9929 0.0004
vn -0.0914 -0.9958 -0.0063
vn -0.9549 -0.1970 0.2221
vn -0.5989 0.3517 0.7194
vn -0.0684 0.9923 0.1035
vn 0.1158 0.9933 0.0007
vn 0.6343 0.7397 -0.2249
vn 0.9089 0.2034 -0.3640
vn 0.8365 -0.4097 -0.3640
vn 0.4444 -0.8671 -0.2250
vn -0.1189 -0.9929 0.0007
vn -0.0996 -0.9945 0.0322
vn -0.6405 -0.2009 0.7412
vn -0.5097 0.3460 0.7877
vn -0.0831 0.9836 0.1598
vn 0.1159 0.9933 0.0009
vn 0.5927 0.7446 -0.3071
vn 0.8416 0.2114 -0.4970
vn 0.7692 -0.4017 -0.4970
vn 0.4028 -0.8622 -0.3071
vn -0.1188 -0.9929 0.0009
vn -0.1259 -0.9900 0.0638
vn -0.5495 -0.2168 0.8069
vn -0.4969 0.3584 0.7903
vn -0.1020 0.9703 0.2194
vn 0.1160 0.9932 0.0011
vn 0.5388 0.7509 -0.3818
vn 0.7545 0.2217 -0.6177
vn 0.6821 -0.3914 -0.6177
vn 0.3490 -0.8558 -0.3818
vn -0.1186 -0.9929 0.0011
vn -0.1641 -0.9816 0.0982
vn -0.5456 -0.2331 0.8050
vn -0.4951 0.3666 0.7877
vn -0.1124 0.9531 0.2808
vn 0.1162 0.9932 0.0013
vn 0.4741 0.7586 -0.4470
vn 0.6497 0.2341 -0.7233
vn 0.5772 -0.3790 -0.7233
vn 0.2842 -0.8482 -0.4470
vn -0.1185 -0.9930 0.0013
vn -0.1979 -0.9715 0.1303
vn -0.5562 -0.2419 0.7951
vn -0.2808 0.3369 0.8987
vn -0.1059 0.9018 0.4189
vn 0.1165 0.9932 0.0015
vn 0.4000 0.7674 -0.5012
vn 0.5298 0.2482 -0.8110
vn 0.4573 -0.3649 -0.8110
vn 0.2101 -0.8394 -0.5012
vn -0.1182 -0.9930 0.0015
vn -0.2140 -0.9226 0.3209
vn -0.3230 -0.2635 0.9090
vn -0.3255 0.3483 0.8791
vn -0.1049 0.8621 0.4958
vn 0.1167 0.9932 0.0016
vn 0.3183 0.7770 -0.5431
vn 0.3977 0.2638 -0.8788
vn 0.3253 -0.3493 -0.8788
vn 0.1285 -0.8298 -0.5431
vn -0.1180 -0.9930 0.0016
vn -0.2743 -0.8692 0.4114
vn -0.3977 -0.2628 0.8791
vn -0.1845 0.3316 0.9252
vn -0.0363 0.8303 0.5561
vn 0.1169 0.9931 0.0017
vn 0.2312 0.7873 -0.5716
vn 0.2567 0.2805 -0.9249
vn 0.1843 -0.3326 -0.9249
vn 0.0413 -0.8195 -0.5716
vn -0.1177 -0.9930 0.0017
vn -0.2140 -0.8589 0.4653
vn -0.2567 -0.2795 0.9252
vn 0.0171 0.3073 0.9515
vn 0.1053 0.7793 0.6178
vn 0.1697 0.9855 0.0059
vn 0.1566 0.7960 -0.5847
vn 0.0811 0.3011 -0.9501
vn -0.0254 -0.3072 -0.9513
vn -0.1208 -0.7982 -0.5902
vn -0.1698 -0.9855 -0.0024
vn -0.1491 -0.8217 0.5500
vn -0.0743 -0.3008 0.9508
vn 0.1690 0.9856 0.0017
vn -0.1690 -0.9856 0.0017
vn -0.1690 -0.9856 -0.0017
vn -0.1368 -0.7978 -0.5873
vn -0.0522 -0.3045 0.9511
vn -0.1368 -0.7978 0.5873
vn 0.0524 0.3055 -0.9508
vn 0.1690 0.9856 -0.0017
vn -0.0523 -0.3049 0.9509
vn -0.0523 -0.3055 -0.9508
vn 0.1368 0.7978 0.5873
vn 0.1369 0.7986 0.5861
vn 0.1368 0.7978 -0.5873
vn 0.0522 0.3045 0.9511
vn -0.0522 -0.3045 -0.9511
vn 0.0523 0.3055 0.9508
vn -0.1367 -0.7970 0.5884
vn -0.1690 -0.9856 -0.0000
vn 0.1367 0.7970 -0.5884
vn -0.0524 -0.3055 0.9508
vn 0.1690 0.9856 -0.0000
vn 0.0523 0.3049 -0.9509
vn 0.0523 0.3050 0.9509
vn 0.1366 0.7970 0.5884
vn -0.0523 -0.3050 -0.9509
vn 0.1370 0.7986 -0.5861
vn 0.0522 0.3045 -0.9511
vn -0.1366 -0.7970 -0.5884
vn -0.1370 -0.7986 0.5861
vn -0.1369 -0.7986 -0.5861
vn -0.1418 -0.7970 -0.5871
vn 0.1418 0.7970 0.5871
vn 0.1417 0.7962 -0.5882
vn 0.0543 0.3052 0.9507
vn 0.1752 0.9845 -0.0000
vn 0.1752 0.9845 -0.0017
vn 0.0543 0.3052 -0.9507
vn 0.0542 0.3047 -0.9509
vn 0.1752 0.9845 0.0017
vn -0.0541 -0.3042 -0.9511
vn -0.0542 -0.3047 0.9509
vn -0.1752 -0.9845 0.0017
vn -0.0543 -0.3052 0.9507
vn 0.1420 0.7978 0.5860
vn 0.1420 0.7978 -0.5860
vn -0.0542 -0.3047 -0.9509
vn -0.0543 -0.3052 -0.9507
vn -0.1420 -0.7978 0.5860
vn 0.1418 0.7970 -0.5871
vn 0.1417 0.7962 0.5882
vn -0.1420 -0.7978 -0.5860
vn -0.1418 -0.7970 0.5871
vn -0.1752 -0.9845 -0.0017
vn -0.1752 -0.9845 -0.0000
vn -0.0542 -0.3042 0.9511
vn 0.0542 0.3047 0.9509
vn 0.0542 0.3042 -0.9511
vn -0.1417 -0.7962 -0.5882
vn 0.0541 0.3042 0.9511
vn -0.1417 -0.7962 0.5882
vn -0.0465 -0.9989 -0.0055
vn -0.9389 -0.3368 0.0703
vn -0.0895 -0.9924 0.0844
vn -0.0895 -0.9924 -0.0844
vn -0.0465 -0.9989 0.0055
vn -0.9389 -0.3369 -0.0702
vn -0.6987 0.6962 -0.1647
vn 0.0153 -0.0153 -0.9998
vn -0.6987 0.6962 0.1647
vn -0.0364 0.0362 0.9987
vn -0.7857 -0.1731 0.5939
vn -0.7857 -0.1731 -0.5939
vn -0.8235 0.3903 -0.4116
vn -0.8235 0.3903 0.4116
vn -0.6584 0.7361 0.1572
vn -0.0297 0.0332 0.9990
vn 0.0139 -0.0155 0.9998
vn -0.0363 0.0362 -0.9987
vn -0.0501 -0.9240 -0.3791
vn 0.0153 -0.0153 0.9998
vn -0.0355 0.0358 0.9987
vn 0.0151 -0.0153 0.9998
vn 0.0542 0.9985 0.0050
vn 0.0139 -0.0155 -0.9998
vn -0.6584 0.7361 -0.1572
vn -0.0297 0.0332 -0.9990
vn 0.0542 0.9985 -0.0050
vn -0.0262 0.0316 -0.9992
vn -0.6306 0.7611 -0.1520
vn 0.0130 -0.0157 -0.9998
vn -0.6943 0.7008 0.1639
vn 0.0151 -0.0153 -0.9998
vn -0.6943 0.7008 -0.1639
vn -0.0355 0.0358 -0.9987
vn -0.5853 0.7980 0.1433
vn 0.0130 -0.0157 0.9998
vn -0.0262 0.0316 0.9992
vn -0.6306 0.7611 0.1520
vn -0.5853 0.7980 -0.1433
vn 0.6584 -0.7361 0.1572
vn -0.0334 -0.9993 0.0179
vn 0.0334 0.9994 -0.0066
vn 0.6943 -0.7008 0.1639
vn 0.6943 -0.7008 -0.1639
vn 0.6584 -0.7361 -0.1572
vn -0.0501 -0.9240 0.3791
vn 0.0899 0.9959 -0.0059
vn 0.0899 0.9959 0.0059
vn 0.5179 -0.8525 -0.0706
vn 0.5179 -0.8525 0.0706
vn 0.6987 -0.6962 -0.1647
vn 0.6987 -0.6962 0.1647
vn 0.0334 0.9994 0.0066
vn -0.0311 -0.9293 -0.3680
vn -0.0334 -0.9993 -0.0179
vn -0.0311 -0.9293 0.3680
vn -0.0257 0.9997 -0.0000
vn -0.1190 0.0137 0.9928
vn 0.0305 -0.9995 -0.0000
vn 0.0157 -0.0051 0.9999
vn -0.3721 0.9282 -0.0000
vn -0.9467 0.3220 -0.0000
vn 0.0143 -0.0000 0.9999
vn -0.1130 -0.0000 0.9936
vn -0.9840 -0.1784 -0.0000
vn -0.0272 0.1317 -0.9909
vn -0.0000 0.0161 -0.9999
vn 0.0007 1.0000 -0.0001
vn -0.9886 -0.0157 0.1496
vn 0.1241 0.4772 -0.8700
vn -0.0000 0.0161 0.9999
vn -0.0000 0.1027 -0.9947
vn 0.1927 0.1317 0.9724
vn -0.0000 0.7781 0.6281
vn -0.0000 -0.0610 0.9981
vn -0.1190 0.0137 -0.9928
vn 0.0157 -0.0051 -0.9999
vn 0.0143 -0.0000 -0.9999
vn -0.1130 -0.0000 -0.9936
vn -0.0272 0.1317 0.9909
vn 0.9999 -0.0146 -0.0000
vn 0.0007 1.0000 0.0002
vn -0.9886 -0.0157 -0.1496
vn -0.0198 -0.0990 -0.9949
vn -0.0000 0.1027 0.9947
vn 0.1710 0.1035 -0.9798
vn -0.0000 0.7781 -0.6281
vn -0.0000 -0.0610 -0.9981
vn 0.8969 -0.1791 -0.4045
vn -0.9913 -0.0000 0.1314
vn -0.9811 -0.0000 0.1937
vn -0.9620 0.1105 0.2496
vn -0.9869 0.0653 0.1475
vn -0.9354 -0.0000 0.3535
vn 0.7598 -0.2632 -0.5945
vn 0.6594 -0.0000 -0.7518
vn 0.1866 -0.9805 -0.0615
vn -0.0000 0.8996 -0.4368
vn -0.1851 0.9815 0.0497
vn 0.5513 -0.8219 -0.1433
vn -0.3485 0.9349 0.0672
vn 0.3533 -0.9310 -0.0917
vn -0.0000 0.9633 -0.2683
vn -0.0000 -0.0074 1.0000
vn -0.0000 0.8832 -0.4690
vn -0.5396 0.8363 0.0973
vn -0.0000 0.9714 -0.2373
vn -0.7310 0.6613 0.1680
vn 0.7349 -0.6362 -0.2351
vn -0.0000 0.8439 -0.5365
vn 0.8969 -0.1791 0.4045
vn -0.9913 -0.0000 -0.1314
vn -0.9811 -0.0000 -0.1937
vn -0.9620 0.1105 -0.2496
vn -0.9869 0.0653 -0.1475
vn -0.9354 -0.0000 -0.3536
vn 0.7598 -0.2632 0.5945
vn 0.6594 -0.0000 0.7518
vn 0.1866 -0.9805 0.0615
vn -0.0000 0.8996 0.4368
vn -0.1851 0.9815 -0.0497
vn 0.5513 -0.8219 0.1433
vn -0.3485 0.9349 -0.0672
vn 0.3533 -0.9310 0.0917
vn -0.0000 0.9633 0.2683
vn -0.0000 -0.0074 -1.0000
vn -0.0000 0.8832 0.4690
vn -0.5396 0.8363 -0.0973
vn -0.0000 0.9714 0.2373
vn -0.7310 0.6613 -0.1680
vn 0.7349 -0.6362 0.2351
vn -0.0000 0.8439 0.5365
vn -0.3471 0.9378 -0.0000
vn 0.3471 -0.9378 -0.0000
vn -0.0212 0.1328 -0.9909
vn -0.0212 0.1328 0.9909
vn 0.0099 -0.0000 1.0000
vn 0.1753 -0.9845 -0.0000
vn 0.9913 -0.0000 -0.1314
vn 0.1777 -0.9841 0.0061
vn 0.9913 -0.0000 0.1314
vn 0.1718 -0.0266 0.9848
vn -0.0198 -0.0990 0.9949
vn -0.9893 0.0239 -0.1438
vn 0.1718 -0.0266 -0.9848
vn 0.1241 0.4772 0.8700
vn 0.2118 0.1438 -0.9667
vn -0.0426 0.0688 -0.9967
vn 0.1179 0.7442 0.6575
vn 0.2139 -0.0544 0.9753
vn 0.2139 -0.0544 -0.9753
vn 0.1179 0.7442 -0.6575
vn 0.1183 0.6737 0.7295
vn 0.1943 -0.0446 0.9799
vn 0.1943 -0.0446 -0.9799
vn 0.1183 0.6737 -0.7295
vn -0.0023 0.1510 -0.9885
vn 0.0300 -0.9995 -0.0000
vn -0.0300 0.9995 -0.0000
vn -0.7590 -0.0228 0.6507
vn -0.7590 -0.0228 -0.6507
vn -1.0000 0.0011 -0.0000
vn 0.0015 1.0000 -0.0000
vn -0.0022 0.1433 0.9897
vn 0.1703 0.1221 0.9778
vn -0.9678 0.0228 0.2509
vn 0.1927 0.1317 -0.9724
vn 0.2118 0.1438 0.9667
vn -0.1532 0.9882 -0.0000
vn -0.1532 0.9882 0.0001
vn -0.9995 -0.0300 -0.0000
vn -0.8198 -0.0246 -0.5721
vn -0.5594 -0.0168 0.8287
vn -0.7629 -0.0144 -0.6463
vn 0.8759 0.0165 -0.4823
vn 0.0057 0.0002 -1.0000
vn -0.0067 -0.0002 1.0000
vn 0.0057 0.0002 1.0000
vn 0.0018 0.0001 -1.0000
vn 0.0018 0.0001 1.0000
vn -0.0067 -0.0002 -1.0000
vn 0.1718 -0.0296 -0.9847
vn 0.1708 0.1093 -0.9792
vn 0.1209 0.5166 -0.8476
vn 0.1710 0.1035 0.9798
vn 0.1209 0.5166 0.8476
vn 0.1718 -0.0296 0.9847
vn 0.1121 0.6080 -0.7860
vn 0.1703 0.1221 -0.9778
vn 0.1717 -0.0375 -0.9844
vn 0.1717 -0.0375 0.9844
vn 0.1121 0.6080 0.7860
vn 0.1706 0.1143 0.9787
vn 0.1178 0.5521 -0.8255
vn 0.1706 0.1143 -0.9787
vn 0.1718 -0.0325 -0.9846
vn 0.1708 0.1093 0.9792
vn 0.1718 -0.0325 0.9846
vn 0.1178 0.5521 0.8255
vn -0.7627 -0.0229 -0.6463
vn -0.7627 -0.0229 0.6463
vn -0.0157 -0.0005 0.9999
vn 0.9995 0.0300 -0.0010
vn -0.1532 0.9882 -0.0001
vn -0.0237 0.9995 0.0205
vn -0.0237 0.9995 -0.0205
vn -0.0426 0.0688 0.9967
vn 0.0422 0.9659 0.2556
vn 0.0330 -0.0184 -0.9993
vn -0.0000 0.4609 0.8874
vn 0.0598 0.3084 -0.9494
vn 0.0110 -0.0093 0.9999
vn 0.0114 -0.0013 -0.9999
vn 0.1062 0.3748 -0.9210
vn 0.0598 0.3084 0.9494
vn 0.1647 0.5546 -0.8157
vn 0.1062 0.3748 0.9210
vn 0.0115 -0.0015 0.9999
vn 0.1313 0.8182 -0.5597
vn 0.1647 0.5546 0.8157
vn 0.0422 0.9659 -0.2556
vn 0.0110 -0.0093 -0.9999
vn 0.1313 0.8182 0.5597
vn 0.0578 0.9983 -0.0000
vn 0.1912 0.9815 -0.0000
vn 0.3316 0.9434 -0.0000
vn 0.3750 0.9270 -0.0000
vn 0.2170 0.9762 -0.0000
vn -0.0061 1.0000 -0.0000
vn -0.0164 0.9999 -0.0000
vn 0.3686 0.9296 -0.0000
vn 0.3455 0.9384 -0.0000
vn 0.3302 0.9439 -0.0000
vn 1.0000 0.0087 -0.0000
vn 0.0114 -0.0013 0.9999
vn 0.0115 -0.0021 -0.9999
vn -0.0238 0.9997 -0.0000
vn 0.0115 -0.0015 -0.9999
vn 0.0115 -0.0021 0.9999
vn -0.0022 0.1475 0.9891
vn -0.0402 0.0515 -0.9979
vn -0.0866 0.0080 -0.9962
vn -0.0022 0.1433 -0.9897
vn -0.0402 0.0515 0.9979
vn -0.0866 0.0080 0.9962
vn -0.0023 0.1510 0.9885
vn -0.0022 0.1475 -0.9891
vn 0.8894 0.0167 -0.4568
vn -0.8198 -0.0246 0.5721
vn -0.9893 0.0239 0.1438
vn -0.9678 -0.0186 0.2510
vn -0.0006 -0.8261 0.5635
vn -0.5594 -0.0168 -0.8287
vn -0.9678 0.0228 -0.2509
vn -0.9678 -0.0186 -0.2510
vn 0.0007 1.0000 0.0001
vn 0.7960 -0.6053 -0.0000
vn -0.7960 0.6053 -0.0000
vn -0.4627 -0.8865 -0.0000
vn 0.4627 0.8865 -0.0000
vn 0.6990 0.0132 -0.7150
vn 0.6990 0.0132 0.7150
vn -0.7629 -0.0144 0.6463
vn 0.8759 0.0165 0.4823
vn -0.8201 -0.0154 0.5720
vn -0.5596 -0.0105 0.8287
vn 0.8894 0.0167 0.4568
vn -0.8201 -0.0154 -0.5720
vn -0.5596 -0.0105 -0.8287
vn 0.1458 -0.9893 -0.0000
vn 0.1793 -0.9838 0.0038
vn 0.1761 -0.9822 0.0662
vn 0.2021 -0.9794 -0.0000
vn 0.1805 -0.9827 -0.0420
vn 0.1758 -0.9843 -0.0165
vn -0.0157 -0.0005 -0.9999
vn 0.9995 0.0300 0.0010
vn 0.9999 0.0105 -0.0000
vn -0.0571 -0.9984 -0.0000
vn -0.0578 -0.9983 -0.0000
vn 0.9999 0.0107 -0.0000
vn 0.9999 0.0108 0.0007
vn 0.9999 0.0108 -0.0007
vn -0.0000 0.0159 -0.9999
vn -0.0000 0.0159 0.9999
vn -1.0000 -0.0000 0.0006
vn 0.0330 -0.0184 0.9993
vn -0.8738 0.4864 -0.0000
vn 0.8738 -0.4864 -0.0000
vn 1.0000 -0.0000 0.0006
vn 0.0330 -0.0000 0.9995
vn 0.0330 -0.0000 -0.9995
vn -1.0000 -0.0000 -0.0006
vn 1.0000 -0.0000 -0.0006
vn 0.0486 0.8244 0.5639
vn 0.0178 0.9666 -0.2558
vn 0.0647 0.5611 0.8252
vn 0.0486 0.8244 -0.5639
vn 0.0534 0.3764 0.9249
vn 0.0647 0.5611 -0.8252
vn 0.0431 0.3086 0.9502
vn 0.0534 0.3764 -0.9249
vn 0.1160 0.3652 0.9237
vn 0.0431 0.3086 -0.9502
vn 0.1160 0.3652 -0.9237
vn 0.0178 0.9666 0.2558
vn -0.0000 -0.5349 0.8449
vn -0.0000 0.4609 -0.8874
vn -0.0000 -0.5349 -0.8449
vn -0.9120 -0.2056 0.3548
vn -0.9701 0.0868 0.2265
vn -0.9842 -0.1005 0.1461
vn -0.5902 0.3781 0.7132
vn -0.9120 -0.2056 -0.3548
vn -0.9701 0.0868 -0.2265
vn -0.9842 -0.1005 -0.1461
vn -0.5902 0.3781 -0.7132
vn -0.9680 0.1106 0.2251
vn -0.8489 -0.2772 0.4500
vn -0.9680 0.1106 -0.2251
vn -0.8489 -0.2772 -0.4500
vn -0.9731 0.0381 0.2272
vn -0.9731 0.0381 -0.2272
vn -0.9306 -0.0536 0.3620
vn -0.9306 -0.0536 -0.3620
vn -0.0007 -1.0000 -0.0012
vn -0.0007 -1.0000 -0.0006
vn -0.0007 -1.0000 0.0012
vn 0.0007 1.0000 -0.0002
vn -0.0000 -0.0078 1.0000
vn -0.0000 -0.0078 -1.0000
vn -0.0007 -1.0000 0.0006
vn -0.0006 -0.8261 -0.5635
vn -1.0000 0.0009 -0.0000
vn -0.0015 -1.0000 -0.0000
vn -0.7885 -0.0000 0.6150
vn -0.7885 -0.0000 -0.6150
vn -0.0231 0.9993 -0.0291
vn -0.0231 0.9993 0.0291
vn -0.0248 0.9997 -0.0000
vn -0.1176 -0.0220 -0.9928
vn -0.1176 -0.0220 0.9928
vn -0.0232 0.9993 -0.0283
vn -0.0232 0.9993 0.0283
vn -0.1178 -0.0168 -0.9929
vn 0.0323 -0.9995 0.0001
vn -0.1178 -0.0168 0.9929
vn -0.9995 -0.0323 -0.0000
vn -0.0286 0.9996 -0.0000
vn -0.0043 1.0000 -0.0000
vn -0.0323 0.9995 -0.0000
vn 0.9995 0.0323 -0.0000
vn 0.1021 0.0033 -0.9948
vn 0.1021 0.0033 0.9948
vn 0.0323 -0.9995 -0.0001
vn -0.1560 -0.0050 0.9877
vn -0.1560 -0.0050 -0.9877
vn -0.9995 -0.0323 0.0031
vn -0.0323 0.9995 -0.0001
vn -0.9995 -0.0323 -0.0031
vn 0.9995 0.0323 0.0031
vn 0.9995 0.0323 -0.0031
vn -0.0323 0.9995 0.0001
vn -0.1651 -0.0053 -0.9863
vn -0.1651 -0.0053 0.9863
vn -0.9995 -0.0323 -0.0023
vn -0.9995 -0.0323 0.0023
vn 0.1560 0.0050 -0.9877
vn 0.1560 0.0050 0.9877
vn 0.0410 -0.9992 0.0001
vn 0.9992 0.0361 -0.0159
vn 0.9992 0.0361 0.0159
vn 0.9991 0.0361 0.0205
vn 0.9991 0.0361 -0.0205
vn 1.0000 0.0009 -0.0023
vn 1.0000 0.0009 0.0023
vn 1.0000 0.0007 -0.0023
vn 1.0000 0.0007 0.0023
vn 0.9993 0.0361 0.0126
vn 0.9992 0.0361 0.0172
vn 0.9993 0.0361 -0.0126
vn 0.9992 0.0361 -0.0172
vn 0.9992 0.0410 -0.0023
vn 0.9992 0.0410 0.0023
vn -0.0410 0.9992 0.0001
vn -0.0410 0.9992 -0.0001
vn 0.0410 -0.9992 -0.0001
vn -0.0446 0.9990 -0.0000
vn -0.3416 0.9399 -0.0000
vn -0.3416 0.9399 -0.0002
vn -0.3416 0.9399 0.0002
vn 0.8117 -0.5840 -0.0000
vn -0.8117 0.5840 -0.0000
vn 0.8899 -0.4563 -0.0000
vn -0.8899 0.4563 -0.0000
vn 0.5196 -0.8544 -0.0000
vn 0.3283 0.9446 -0.0000
vn -0.3283 -0.9446 -0.0000
vn -0.5196 0.8544 -0.0000
vn -0.0000 0.7523 -0.6588
vn 0.9757 -0.2192 -0.0000
vn -0.0000 0.7523 0.6588
vn -0.0000 -0.7680 -0.6404
vn -0.0000 -0.7680 0.6404
vn 0.8036 -0.5952 -0.0000
vn 0.9446 -0.3283 -0.0000
vn -0.8168 -0.5769 -0.0000
vn -0.2714 0.9625 -0.0000
vn 0.7426 -0.6698 -0.0000
vn 0.9353 -0.3539 -0.0000
vn 0.3893 -0.9211 -0.0000
vn -0.5657 0.8246 -0.0000
vn -0.9475 0.3198 -0.0000
vn 0.9990 0.0446 -0.0000
vn -0.9395 0.3425 -0.0000
vn -0.0000 -0.0144 0.9999
vn -0.0000 -0.0144 -0.9999
vn -0.1023 -0.9948 -0.0001
vn -0.0137 -0.9989 0.0456
vn 0.0421 -0.9991 -0.0001
vn -0.0735 -0.9971 -0.0202
vn -0.1023 -0.9948 0.0001
vn -0.0137 -0.9989 -0.0456
vn 0.0421 -0.9991 0.0001
vn 0.1120 -0.9937 -0.0000
vn -0.1120 0.9937 -0.0000
vn -1.0000 0.0017 -0.0000
vn 1.0000 -0.0017 -0.0000
vn -0.0000 0.9640 -0.2657
vn -0.0000 -0.9640 0.2657
vn -0.0000 0.9640 0.2657
vn -0.0000 -0.9640 -0.2657
vn 0.0359 0.9994 -0.0000
vn 0.1104 0.9939 -0.0000
vn 0.1937 0.9811 -0.0000
vn 0.2942 0.9557 -0.0000
vn 0.4258 0.9048 -0.0000
vn 0.6091 0.7931 -0.0000
vn 0.8493 0.5280 -0.0000
vn 0.8493 -0.5280 -0.0000
vn 0.6091 -0.7931 -0.0000
vn 0.4258 -0.9048 -0.0000
vn 0.2942 -0.9557 -0.0000
vn 0.1937 -0.9811 -0.0000
vn 0.1104 -0.9939 -0.0000
vn 0.0359 -0.9994 -0.0000
vn -0.0359 -0.9994 -0.0000
vn -0.1104 -0.9939 -0.0000
vn -0.1937 -0.9811 -0.0000
vn -0.2942 -0.9557 -0.0000
vn -0.4258 -0.9048 -0.0000
vn -0.6091 -0.7931 -0.0000
vn -0.8493 -0.5280 -0.0000
vn -0.8493 0.5280 -0.0000
vn -0.6091 0.7931 -0.0000
vn -0.4258 0.9048 -0.0000
vn -0.2942 0.9557 -0.0000
vn -0.1937 0.9811 -0.0000
vn -0.1104 0.9939 -0.0000
vn -0.0359 0.9994 -0.0000
vn 0.0617 0.3502 -0.9347
vn 0.0106 0.4609 -0.8874
vn 0.0617 0.3502 0.9347
vn 0.0106 0.4609 0.8874
vn -0.0707 -0.9974 0.0155
vn -0.1021 -0.9928 0.0622
vn 0.1247 0.9889 -0.0806
vn -0.2087 -0.7854 0.5827
vn 0.2084 0.7846 -0.5839
vn 0.2082 0.7839 0.5850
vn -0.2086 -0.7854 -0.5827
vn -0.2084 -0.7846 0.5839
vn -0.0800 -0.3014 -0.9501
vn -0.2567 -0.9665 -0.0017
vn -0.2567 -0.9665 -0.0000
vn -0.0801 -0.3014 0.9501
vn -0.0800 -0.3009 0.9503
vn 0.0800 0.3014 0.9501
vn 0.0800 0.3009 -0.9503
vn 0.2567 0.9665 -0.0000
vn 0.0801 0.3014 -0.9501
vn -0.2082 -0.7839 -0.5850
vn -0.2084 -0.7846 -0.5839
vn 0.0799 0.3009 0.9503
vn -0.2082 -0.7838 0.5850
vn 0.2084 0.7846 0.5839
vn 0.2082 0.7838 -0.5850
vn 0.0801 0.3019 0.9500
vn 0.2567 0.9665 -0.0017
vn 0.0802 0.3019 -0.9500
vn 0.2567 0.9665 0.0017
vn -0.0799 -0.3009 -0.9503
vn -0.2567 -0.9665 0.0017
vn -0.0802 -0.3019 0.9500
vn 0.2086 0.7854 0.5827
vn 0.2087 0.7854 -0.5827
vn -0.0801 -0.3019 -0.9500
vn 0.0117 -0.0160 -0.9998
vn -0.0217 0.0295 0.9993
vn 0.0117 -0.0160 0.9998
vn -0.8904 0.4098 -0.1980
vn -0.8904 0.4098 0.1980
vn -0.0217 0.0295 -0.9993
vn 0.9784 -0.0081 -0.2066
vn 0.9784 -0.0081 0.2066
vn 0.0119 0.0001 0.9999
vn 0.0123 -0.0014 0.9999
vn 0.0123 -0.0014 -0.9999
vn 0.0119 0.0001 -0.9999
vt 0.375000 1.000000
vt 0.375000 0.000000
vt 0.625000 1.000000
vt 0.875000 0.750000
vt 0.625000 0.000000
vt 0.375000 0.250000
vt 0.625000 0.250000
vt 0.875000 0.500000
vt 0.375000 0.750000
vt 0.625000 0.750000
vt 0.375000 0.500000
vt 0.625000 0.500000
vt 0.125000 0.737500
vt 0.375000 0.012500
vt 0.875000 0.737500
vt 0.625000 0.012500
vt 0.375000 0.737500
vt 0.625000 0.737500
vt 0.875000 0.511875
vt 0.625000 0.238125
vt 0.375000 0.511875
vt 0.125000 0.511875
vt 0.375000 0.238125
vt 0.625000 0.511875
vt 0.125000 0.737500
vt 0.375000 0.012500
vt 0.125000 0.750000
vt 0.375000 1.000000
vt 0.375000 0.000000
vt 0.375000 0.500000
vt 0.125000 0.500000
vt 0.375000 0.250000
vt 0.375000 0.511875
vt 0.375000 0.750000
vt 0.375000 0.737500
vt 0.125000 0.511875
vt 0.375000 0.238125
vt 0.775000 0.600000
vt 0.775000 0.700000
vt 0.775000 0.800000
vt 0.775000 0.900000
vt 0.775000 1.000000
vt 0.775000 -0.000000
vt 0.775000 0.100000
vt 0.775000 0.200000
vt 0.775000 0.300000
vt 0.775000 0.400000
vt 0.775000 0.500000
vt 0.800000 0.600000
vt 0.800000 0.700000
vt 0.800000 0.800000
vt 0.800000 0.900000
vt 0.800000 1.000000
vt 0.800000 -0.000000
vt 0.800000 0.100000
vt 0.800000 0.200000
vt 0.800000 0.300000
vt 0.800000 0.400000
vt 0.800000 0.500000
vt 0.825000 0.600000
vt 0.825000 0.700000
vt 0.825000 0.800000
vt 0.825000 0.900000
vt 0.825000 1.000000
vt 0.825000 -0.000000
vt 0.825000 0.100000
vt 0.825000 0.200000
vt 0.825000 0.300000
vt 0.825000 0.400000
vt 0.825000 0.500000
vt 0.850000 0.600000
vt 0.850000 0.700000
vt 0.850000 0.800000
vt 0.850000 0.900000
vt 0.850000 1.000000
vt 0.850000 -0.000000
vt 0.850000 0.100000
vt 0.850000 0.200000
vt 0.850000 0.300000
vt 0.850000 0.400000
vt 0.850000 0.500000
vt 0.875000 0.600000
vt 0.875000 0.700000
vt 0.875000 0.800000
vt 0.875000 0.900000
vt 0.875000 1.000000
vt 0.875000 -0.000000
vt 0.875000 0.100000
vt 0.875000 0.200000
vt 0.875000 0.300000
vt 0.875000 0.400000
vt 0.875000 0.500000
vt 0.900000 0.600000
vt 0.900000 0.700000
vt 0.900000 0.800000
vt 0.900000 0.900000
vt 0.900000 1.000000
vt 0.900000 -0.000000
vt 0.900000 0.100000
vt 0.900000 0.200000
vt 0.900000 0.300000
vt 0.900000 0.400000
vt 0.900000 0.500000
vt 0.925000 0.600000
vt 0.925000 0.700000
vt 0.925000 0.800000
vt 0.925000 0.900000
vt 0.925000 1.000000
vt 0.925000 -0.000000
vt 0.925000 0.100000
vt 0.925000 0.200000
vt 0.925000 0.300000
vt 0.925000 0.400000
vt 0.925000 0.500000
vt 0.950000 0.600000
vt 0.950000 0.700000
vt 0.950000 0.800000
vt 0.950000 0.900000
vt 0.950000 1.000000
vt 0.950000 -0.000000
vt 0.950000 0.100000
vt 0.950000 0.200000
vt 0.950000 0.300000
vt 0.950000 0.400000
vt 0.950000 0.500000
vt 0.975000 0.600000
vt 0.975000 0.700000
vt 0.975000 0.800000
vt 0.975000 0.900000
vt 0.975000 1.000000
vt 0.975000 -0.000000
vt 0.975000 0.100000
vt 0.975000 0.200000
vt 0.975000 0.300000
vt 0.975000 0.400000
vt 0.975000 0.500000
vt 1.000000 0.600000
vt 0.000000 0.600000
vt 1.000000 0.700000
vt 0.000000 0.700000
vt 1.000000 0.800000
vt 0.000000 0.800000
vt 1.000000 0.900000
vt 0.000000 0.900000
vt 1.000000 1.000000
vt 1.000000 -0.000000
vt 0.000000 1.000000
vt 0.000000 -0.000000
vt 1.000000 0.100000
vt 0.000000 0.100000
vt 1.000000 0.200000
vt 0.000000 0.200000
vt 1.000000 0.300000
vt 0.000000 0.300000
vt 1.000000 0.400000
vt 0.000000 0.400000
vt 1.000000 0.500000
vt 0.000000 0.500000
vt 0.025000 0.600000
vt 0.025000 0.700000
vt 0.025000 0.800000
vt 0.025000 0.900000
vt 0.025000 1.000000
vt 0.025000 -0.000000
vt 0.025000 0.100000
vt 0.025000 0.200000
vt 0.025000 0.300000
vt 0.025000 0.400000
vt 0.025000 0.500000
vt 0.050000 0.600000
vt 0.050000 0.700000
vt 0.050000 0.800000
vt 0.050000 0.900000
vt 0.050000 1.000000
vt 0.050000 -0.000000
vt 0.050000 0.100000
vt 0.050000 0.200000
vt 0.050000 0.300000
vt 0.050000 0.400000
vt 0.050000 0.500000
vt 0.075000 0.600000
vt 0.075000 0.700000
vt 0.075000 0.800000
vt 0.075000 0.900000
vt 0.075000 1.000000
vt 0.075000 -0.000000
vt 0.075000 0.100000
vt 0.075000 0.200000
vt 0.075000 0.300000
vt 0.075000 0.400000
vt 0.075000 0.500000
vt 0.100000 0.600000
vt 0.100000 0.700000
vt 0.100000 0.800000
vt 0.100000 0.900000
vt 0.100000 1.000000
vt 0.100000 -0.000000
vt 0.100000 0.100000
vt 0.100000 0.200000
vt 0.100000 0.300000
vt 0.100000 0.400000
vt 0.100000 0.500000
vt 0.125000 0.600000
vt 0.125000 0.700000
vt 0.125000 0.800000
vt 0.125000 0.900000
vt 0.125000 1.000000
vt 0.125000 -0.000000
vt 0.125000 0.100000
vt 0.125000 0.200000
vt 0.125000 0.300000
vt 0.125000 0.400000
vt 0.125000 0.500000
vt 0.150000 0.600000
vt 0.150000 0.700000
vt 0.150000 0.800000
vt 0.150000 0.900000
vt 0.150000 1.000000
vt 0.150000 -0.000000
vt 0.150000 0.100000
vt 0.150000 0.200000
vt 0.150000 0.300000
vt 0.150000 0.400000
vt 0.150000 0.500000
vt 0.175000 0.600000
vt 0.175000 0.700000
vt 0.175000 0.800000
vt 0.175000 0.900000
vt 0.175000 1.000000
vt 0.175000 -0.000000
vt 0.175000 0.100000
vt 0.175000 0.200000
vt 0.175000 0.300000
vt 0.175000 0.400000
vt 0.175000 0.500000
vt 0.200000 0.600000
vt 0.200000 0.700000
vt 0.200000 0.800000
vt 0.200000 0.900000
vt 0.200000 1.000000
vt 0.200000 -0.000000
vt 0.200000 0.100000
vt 0.200000 0.200000
vt 0.200000 0.300000
vt 0.200000 0.400000
vt 0.200000 0.500000
vt 0.225000 0.600000
vt 0.225000 0.700000
vt 0.225000 0.800000
vt 0.225000 0.900000
vt 0.225000 1.000000
vt 0.225000 -0.000000
vt 0.225000 0.100000
vt 0.225000 0.200000
vt 0.225000 0.300000
vt 0.225000 0.400000
vt 0.225000 0.500000
vt 0.250000 0.600000
vt 0.250000 0.700000
vt 0.250000 0.800000
vt 0.250000 0.900000
vt 0.250000 1.000000
vt 0.250000 -0.000000
vt 0.250000 0.100000
vt 0.250000 0.200000
vt 0.250000 0.300000
vt 0.250000 0.400000
vt 0.250000 0.500000
vt 0.275000 0.600000
vt 0.275000 0.700000
vt 0.275000 0.800000
vt 0.275000 0.900000
vt 0.275000 1.000000
vt 0.275000 -0.000000
vt 0.275000 0.100000
vt 0.275000 0.200000
vt 0.275000 0.300000
vt 0.275000 0.400000
vt 0.275000 0.500000
vt 0.150000 0.300000
vt 0.150000 0.400000
vt 0.125000 0.500000
vt 0.150000 0.500000
vt 0.175000 0.300000
vt 0.175000 0.100000
vt 0.200000 0.100000
vt 0.200000 0.900000
vt 0.225000 0.900000
vt 0.225000 0.700000
vt 0.250000 0.700000
vt 0.200000 1.000000
vt 0.200000 -0.000000
vt 0.225000 1.000000
vt 0.225000 -0.000000
vt 0.225000 0.500000
vt 0.250000 0.500000
vt 0.250000 0.300000
vt 0.275000 0.300000
vt 0.275000 0.100000
vt 0.925000 0.600000
vt 0.925000 0.500000
vt 0.250000 0.600000
vt 0.775000 1.000000
vt 0.775000 -0.000000
vt 0.775000 0.100000
vt 0.775000 0.200000
vt 0.800000 0.800000
vt 0.800000 0.900000
vt 0.800000 1.000000
vt 0.800000 -0.000000
vt 0.175000 0.200000
vt 0.825000 0.600000
vt 0.825000 0.700000
vt 0.825000 0.800000
vt 0.825000 0.400000
vt 0.825000 0.500000
vt 0.850000 0.600000
vt 0.850000 0.200000
vt 0.850000 0.300000
vt 0.850000 0.400000
vt 0.225000 0.800000
vt 0.250000 0.800000
vt 0.875000 1.000000
vt 0.875000 -0.000000
vt 0.875000 0.100000
vt 0.875000 0.200000
vt 0.900000 0.800000
vt 0.900000 0.900000
vt 0.900000 1.000000
vt 0.900000 -0.000000
vt 0.925000 0.700000
vt 0.925000 0.800000
vt 0.925000 0.400000
vt 0.950000 0.600000
vt 0.950000 0.200000
vt 0.950000 0.300000
vt 0.950000 0.400000
vt 0.975000 1.000000
vt 0.975000 -0.000000
vt 0.975000 0.100000
vt 0.975000 0.200000
vt 1.000000 0.800000
vt 0.000000 0.800000
vt 1.000000 0.900000
vt 0.000000 0.900000
vt 1.000000 1.000000
vt 1.000000 -0.000000
vt 0.000000 1.000000
vt 0.000000 -0.000000
vt 0.025000 0.700000
vt 0.025000 0.800000
vt 0.850000 0.500000
vt 0.025000 0.400000
vt 0.025000 0.500000
vt 0.050000 0.600000
vt 0.050000 0.200000
vt 0.050000 0.300000
vt 0.039633 0.410949
vt 0.075000 1.000000
vt 0.075000 -0.000000
vt 0.075000 0.100000
vt 0.075000 0.200000
vt 0.100000 0.800000
vt 0.100000 0.900000
vt 0.100000 1.000000
vt 0.100000 -0.000000
vt 0.125000 0.600000
vt 0.125000 0.700000
vt 0.125000 0.800000
vt 0.275000 0.600000
vt 0.125000 0.400000
vt 0.150000 0.600000
vt 0.150000 0.200000
vt 0.150000 0.800000
vt 0.175000 0.800000
vt 0.175000 1.000000
vt 0.175000 -0.000000
vt 0.200000 0.800000
vt 0.225000 0.600000
vt 0.225000 0.400000
vt 0.250000 0.200000
vt 0.275000 -0.000000
vt 0.275000 1.000000
vt 0.275000 0.200000
vt 0.775000 0.600000
vt 0.775000 0.500000
vt 0.250000 0.400000
vt 0.275000 0.400000
vt 0.775000 0.300000
vt 0.175000 0.600000
vt 0.200000 0.600000
vt 0.800000 0.100000
vt 0.825000 0.900000
vt 0.850000 0.700000
vt 0.200000 0.300000
vt 0.200000 0.400000
vt 0.875000 0.300000
vt 0.900000 0.100000
vt 0.925000 0.900000
vt 0.100000 0.600000
vt 0.100000 0.500000
vt 0.950000 0.700000
vt 0.950000 0.500000
vt 0.975000 0.300000
vt 1.000000 0.100000
vt 0.000000 0.100000
vt 0.025000 0.900000
vt 0.050000 0.700000
vt 0.175000 0.400000
vt 0.040122 0.489051
vt 0.075000 0.300000
vt 0.100000 0.100000
vt 0.125000 0.900000
vt 0.150000 0.700000
vt 0.175000 0.700000
vt 0.175000 0.500000
vt 0.225000 0.100000
vt 0.250000 0.900000
vt 0.275000 0.700000
vt 0.275000 0.500000
vt 0.275000 0.900000
vt 0.775000 0.400000
vt 0.800000 0.200000
vt 0.825000 1.000000
vt 0.825000 -0.000000
vt 0.850000 0.800000
vt 0.875000 0.600000
vt 0.875000 0.400000
vt 0.900000 0.200000
vt 0.925000 1.000000
vt 0.925000 -0.000000
vt 0.250000 1.000000
vt 0.250000 -0.000000
vt 0.950000 0.800000
vt 0.975000 0.600000
vt 0.975000 0.400000
vt 1.000000 0.200000
vt 0.000000 0.200000
vt 0.025000 1.000000
vt 0.025000 -0.000000
vt 0.050000 0.800000
vt 0.075000 0.600000
vt 0.975000 0.500000
vt 0.075000 0.400000
vt 0.100000 0.200000
vt 0.125000 1.000000
vt 0.125000 -0.000000
vt 0.200000 0.200000
vt 0.275000 0.800000
vt 0.150000 1.000000
vt 0.150000 -0.000000
vt 0.875000 0.500000
vt 0.775000 0.700000
vt 0.800000 0.300000
vt 0.825000 0.100000
vt 0.850000 0.900000
vt 0.875000 0.700000
vt 0.225000 0.200000
vt 0.900000 0.300000
vt 0.925000 0.100000
vt 0.950000 0.900000
vt 0.975000 0.700000
vt 1.000000 0.300000
vt 0.000000 0.300000
vt 0.800000 0.600000
vt 0.800000 0.500000
vt 0.025000 0.100000
vt 0.050000 0.900000
vt 0.075000 0.700000
vt 0.200000 0.500000
vt 0.075000 0.500000
vt 0.100000 0.300000
vt 0.125000 0.100000
vt 0.150000 0.900000
vt 0.175000 0.900000
vt 0.200000 0.700000
vt 0.225000 0.300000
vt 0.250000 0.100000
vt 0.775000 0.800000
vt 0.800000 0.400000
vt 0.825000 0.200000
vt 0.850000 1.000000
vt 0.850000 -0.000000
vt 0.875000 0.800000
vt 0.900000 0.600000
vt 0.900000 0.400000
vt 0.925000 0.200000
vt 0.950000 1.000000
vt 0.950000 -0.000000
vt 0.975000 0.800000
vt 1.000000 0.600000
vt 0.010367 0.410949
vt 0.025000 0.200000
vt 0.050000 1.000000
vt 0.050000 -0.000000
vt 0.100000 0.400000
vt 0.125000 0.200000
vt 0.775000 0.900000
vt 0.800000 0.700000
vt 0.825000 0.300000
vt 0.850000 0.100000
vt 0.875000 0.900000
vt 0.900000 0.700000
vt 0.900000 0.500000
vt 0.925000 0.300000
vt 0.950000 0.100000
vt 0.975000 0.900000
vt 0.000000 0.700000
vt 1.000000 0.700000
vt 0.009878 0.489051
vt 0.025000 0.300000
vt 0.050000 0.100000
vt 0.075000 0.800000
vt 0.075000 0.900000
vt 0.100000 0.700000
vt 0.125000 0.300000
vt 0.150000 0.100000
vt 0.775000 0.600000
vt 0.775000 0.700000
vt 0.775000 0.800000
vt 0.775000 0.900000
vt 0.775000 -0.000000
vt 0.775000 1.000000
vt 0.775000 0.100000
vt 0.775000 0.200000
vt 0.775000 0.300000
vt 0.775000 0.400000
vt 0.775000 0.500000
vt 0.275000 0.600000
vt 0.275000 0.700000
vt 0.275000 0.800000
vt 0.275000 0.900000
vt 0.275000 -0.000000
vt 0.275000 1.000000
vt 0.275000 0.100000
vt 0.275000 0.200000
vt 0.275000 0.300000
vt 0.275000 0.400000
vt 0.275000 0.500000
vt 0.275000 0.300000
vt 0.275000 0.100000
vt 0.775000 -0.000000
vt 0.775000 1.000000
vt 0.775000 0.100000
vt 0.775000 0.200000
vt 0.275000 0.600000
vt 0.275000 -0.000000
vt 0.275000 1.000000
vt 0.275000 0.200000
vt 0.775000 0.600000
vt 0.775000 0.500000
vt 0.275000 0.400000
vt 0.775000 0.300000
vt 0.275000 0.700000
vt 0.275000 0.500000
vt 0.275000 0.900000
vt 0.775000 0.400000
vt 0.275000 0.800000
vt 0.775000 0.700000
vt 0.775000 0.800000
vt 0.775000 0.900000
vt 0.775000 0.600000
vt 0.775000 0.700000
vt 0.775000 0.800000
vt 0.775000 0.900000
vt 0.775000 -0.000000
vt 0.775000 1.000000
vt 0.775000 0.100000
vt 0.775000 0.200000
vt 0.775000 0.300000
vt 0.775000 0.400000
vt 0.775000 0.500000
vt 0.275000 0.600000
vt 0.275000 0.700000
vt 0.275000 0.800000
vt 0.275000 0.900000
vt 0.275000 -0.000000
vt 0.275000 1.000000
vt 0.275000 0.100000
vt 0.275000 0.200000
vt 0.275000 0.300000
vt 0.275000 0.400000
vt 0.275000 0.500000
vt 0.275000 0.300000
vt 0.275000 0.100000
vt 0.775000 -0.000000
vt 0.775000 1.000000
vt 0.775000 0.100000
vt 0.775000 0.200000
vt 0.275000 0.600000
vt 0.275000 -0.000000
vt 0.275000 1.000000
vt 0.275000 0.200000
vt 0.775000 0.600000
vt 0.775000 0.500000
vt 0.275000 0.400000
vt 0.775000 0.300000
vt 0.275000 0.700000
vt 0.275000 0.500000
vt 0.275000 0.900000
vt 0.775000 0.400000
vt 0.275000 0.800000
vt 0.775000 0.700000
vt 0.775000 0.800000
vt 0.775000 0.900000
vt 0.025000 0.410949
vt 0.050000 0.400000
vt 0.025000 0.489051
vt 0.050000 0.500000
vt 1.000000 0.400000
vt 0.000000 0.400000
vt 1.000000 0.500000
vt 0.000000 0.500000
vt 0.025000 0.700000
vt 0.050000 0.600000
vt 0.050000 0.700000
vt 0.050000 0.500000
vt 1.000000 0.600000
vt 0.000000 0.700000
vt 1.000000 0.700000
vt 1.000000 0.500000
vt 0.025000 0.700000
vt 0.050000 0.600000
vt 0.050000 0.700000
vt 0.050000 0.500000
vt 1.000000 0.600000
vt 0.000000 0.700000
vt 1.000000 0.700000
vt 1.000000 0.500000
vt 0.025000 0.700000
vt 0.050000 0.600000
vt 0.050000 0.700000
vt 1.000000 0.500000
vt 0.000000 0.500000
vt 0.050000 0.500000
vt 1.000000 0.600000
vt 0.000000 0.700000
vt 1.000000 0.700000
vt 1.000000 0.500000
vt 0.025000 0.700000
vt 0.050000 0.600000
vt 0.050000 0.700000
vt 0.050000 0.500000
vt 0.050000 0.500000
vt 1.000000 0.600000
vt 0.000000 0.700000
vt 1.000000 0.700000
vt 1.000000 0.500000
vt 0.025000 0.700000
vt 0.050000 0.600000
vt 0.050000 0.700000
vt 0.025000 0.500000
vt 0.050000 0.500000
vt 1.000000 0.600000
vt 0.000000 0.700000
vt 1.000000 0.700000
vt 1.000000 0.500000
vt 0.025000 0.700000
vt 0.050000 0.700000
vt 0.000000 0.700000
vt 1.000000 0.700000
vt 1.000000 0.500000
vt 0.000000 0.500000
vt 1.000000 0.500000
vt 0.025000 0.500000
vt 0.050000 0.500000
vt 0.000000 0.500000
vt 1.000000 0.500000
vt 0.050000 0.500000
vt 0.050000 0.500000
vt 0.050000 0.500000
vt 0.025000 0.500000
vt 0.000000 0.500000
vt 1.000000 0.500000
vt 0.025000 0.500000
vt 0.000000 0.500000
vt 1.000000 0.500000
vt 0.025000 0.500000
vt 0.050000 0.500000
vt 1.000000 0.500000
vt 0.050000 0.500000
vt 0.000000 0.500000
vt 1.000000 0.500000
vt 0.000000 0.500000
vt 1.000000 0.500000
vt 0.025000 0.500000
vt 0.025000 0.500000
vt 0.050000 0.500000
vt 1.000000 0.500000
vt 0.000000 0.500000
vt 0.050000 0.500000
vt 0.025000 0.500000
vt 0.050000 0.500000
vt 0.250000 0.490000
vt 1.000000 1.000000
vt -0.000000 1.000000
vt 0.299899 0.484755
vt 0.966667 1.000000
vt 0.347617 0.469251
vt 0.933333 1.000000
vt 0.391068 0.444164
vt 0.900000 1.000000
vt 0.428355 0.410591
vt 0.866667 1.000000
vt 0.457846 0.370000
vt 0.833333 1.000000
vt 0.478254 0.324164
vt 0.800000 1.000000
vt 0.488685 0.275087
vt 0.766666 1.000000
vt 0.488685 0.224913
vt 0.733333 1.000000
vt 0.478254 0.175836
vt 0.700000 1.000000
vt 0.457846 0.130000
vt 0.666666 1.000000
vt 0.428355 0.089409
vt 0.633333 1.000000
vt 0.391068 0.055836
vt 0.600000 1.000000
vt 0.347617 0.030749
vt 0.566666 1.000000
vt 0.299899 0.015245
vt 0.533333 1.000000
vt 0.250000 0.010000
vt 0.500000 1.000000
vt 0.200101 0.015245
vt 0.466666 1.000000
vt 0.152383 0.030749
vt 0.433333 1.000000
vt 0.108932 0.055836
vt 0.400000 1.000000
vt 0.071645 0.089409
vt 0.366666 1.000000
vt 0.042154 0.130000
vt 0.333333 1.000000
vt 0.021746 0.175836
vt 0.300000 1.000000
vt 0.011315 0.224913
vt 0.266666 1.000000
vt 0.011315 0.275087
vt 0.233333 1.000000
vt 0.021746 0.324164
vt 0.200000 1.000000
vt 0.042154 0.370000
vt 0.166666 1.000000
vt 0.071645 0.410591
vt 0.133333 1.000000
vt 0.108931 0.444164
vt 0.100000 1.000000
vt 0.152383 0.469251
vt 0.066666 1.000000
vt 0.200101 0.484755
vt 0.033333 1.000000
vt 0.250000 0.490000
vt 1.000000 1.000000
vt -0.000000 1.000000
vt 0.299899 0.484755
vt 0.966667 1.000000
vt 0.347617 0.469251
vt 0.933333 1.000000
vt 0.391068 0.444164
vt 0.900000 1.000000
vt 0.428355 0.410591
vt 0.866667 1.000000
vt 0.457846 0.370000
vt 0.833333 1.000000
vt 0.478254 0.324164
vt 0.800000 1.000000
vt 0.488685 0.275087
vt 0.766666 1.000000
vt 0.488685 0.224913
vt 0.733333 1.000000
vt 0.478254 0.175836
vt 0.700000 1.000000
vt 0.457846 0.130000
vt 0.666666 1.000000
vt 0.428355 0.089409
vt 0.633333 1.000000
vt 0.391068 0.055836
vt 0.600000 1.000000
vt 0.347617 0.030749
vt 0.566666 1.000000
vt 0.299899 0.015245
vt 0.533333 1.000000
vt 0.250000 0.010000
vt 0.500000 1.000000
vt 0.200101 0.015245
vt 0.466666 1.000000
vt 0.152383 0.030749
vt 0.433333 1.000000
vt 0.108932 0.055836
vt 0.400000 1.000000
vt 0.071645 0.089409
vt 0.366666 1.000000
vt 0.042154 0.130000
vt 0.333333 1.000000
vt 0.021746 0.175836
vt 0.300000 1.000000
vt 0.011315 0.224913
vt 0.266666 1.000000
vt 0.011315 0.275087
vt 0.233333 1.000000
vt 0.021746 0.324164
vt 0.200000 1.000000
vt 0.042154 0.370000
vt 0.166666 1.000000
vt 0.071645 0.410591
vt 0.133333 1.000000
vt 0.108931 0.444164
vt 0.100000 1.000000
vt 0.152383 0.469251
vt 0.066666 1.000000
vt 0.200101 0.484755
vt 0.033333 1.000000
vt 0.625000 0.000000
vt 0.625000 1.000000
vt 0.875000 0.750000
vt 0.625000 0.250000
vt 0.875000 0.500000
vt 0.625000 0.000000
vt 0.625000 1.000000
vt 0.875000 0.750000
vt 0.625000 0.250000
vt 0.875000 0.500000
vt 0.625000 0.000000
vt 0.625000 1.000000
vt 0.875000 0.750000
vt 0.625000 0.250000
vt 0.875000 0.500000
vt 0.625000 0.000000
vt 0.625000 1.000000
vt 0.875000 0.750000
vt 0.625000 0.250000
vt 0.875000 0.500000
vt 0.625000 0.000000
vt 0.625000 1.000000
vt 0.875000 0.750000
vt 0.625000 0.250000
vt 0.875000 0.500000
vt 0.625000 0.000000
vt 0.625000 1.000000
vt 0.875000 0.750000
vt 0.625000 0.250000
vt 0.875000 0.500000
vt 0.625000 0.000000
vt 0.625000 1.000000
vt 0.875000 0.750000
vt 0.625000 0.250000
vt 0.875000 0.500000
vt 0.625000 0.000000
vt 0.625000 1.000000
vt 0.875000 0.750000
vt 0.625000 0.250000
vt 0.875000 0.500000
vt 0.625000 0.000000
vt 0.625000 1.000000
vt 0.875000 0.750000
vt 0.625000 0.250000
vt 0.875000 0.500000
vt 0.375000 0.750000
vt 0.375000 0.500000
vt 0.375000 0.750000
vt 0.375000 0.500000
vt 0.625000 0.750000
vt 0.375000 0.750000
vt 0.625000 1.000000
vt 0.875000 0.750000
vt 0.375000 1.000000
vt 0.125000 0.750000
vt 0.375000 0.000000
vt 0.375000 1.000000
vt 0.125000 0.750000
vt 0.625000 1.000000
vt 0.875000 0.750000
vt 0.625000 0.000000
vt 0.125000 0.682387
vt 0.875000 0.682387
vt 0.543073 0.308287
vt 0.625000 0.067613
vt 0.125000 0.682731
vt 0.875000 0.682729
vt 0.564176 0.500000
vt 0.446381 0.750000
vt 0.125000 0.727752
vt 0.875000 0.727758
vt 0.564176 0.750000
vt 0.434926 0.941713
vt 0.375000 0.022768
vt 0.125000 0.727232
vt 0.875000 0.727232
vt 0.625000 0.022768
vt 0.543073 0.941713
vt 0.500000 1.000000
vt 0.500000 0.750000
vt 0.500000 0.000000
vt 0.500000 1.000000
vt 0.489000 0.308287
vt 0.500000 0.067613
vt 0.505278 0.500000
vt 0.505278 0.750000
vt 0.500000 0.022768
vt 0.489000 0.941713
vt 0.125000 0.625000
vt 0.000000 0.000000
vt 0.125000 0.682387
vt 0.125000 0.682731
vt 0.125000 0.727752
vt 0.000000 0.000000
vt 0.000000 0.000000
vt 0.125000 0.687500
vt 0.625000 0.687500
vt 0.875000 0.687500
vt 0.375000 0.687500
vt 0.500000 0.687500
vt 0.501121 0.750000
vt 0.375000 0.750000
vt 0.625000 0.687500
vt 0.623878 0.750000
vt 0.500000 0.687500
vt 0.375000 0.687500
vt 0.000000 0.000000
vt 0.501121 0.750000
vt 0.375000 0.750000
vt 0.625000 0.687500
vt 0.623879 0.750000
vt 0.500000 0.687500
vt 0.375000 0.687500
vt 0.500000 0.750000
vt 0.375000 0.750000
vt 0.625000 0.687500
vt 0.625000 0.750000
vt 0.500000 0.687500
vt 0.375000 0.687500
vt 0.625000 0.750000
vt 0.375000 0.750000
vt 0.625000 1.000000
vt 0.875000 0.750000
vt 0.375000 1.000000
vt 0.125000 0.750000
vt 0.375000 0.000000
vt 0.375000 1.000000
vt 0.125000 0.750000
vt 0.625000 1.000000
vt 0.875000 0.750000
vt 0.625000 0.000000
vt 0.125000 0.625000
vt 0.625000 0.625000
vt 0.875000 0.625000
vt 0.375000 0.625000
vt 0.000000 0.000000
vt 0.125000 0.625000
vt 0.875000 0.625000
vt 0.625000 0.125000
vt 0.125000 0.682387
vt 0.875000 0.682387
vt 0.543073 0.308287
vt 0.625000 0.067613
vt 0.125000 0.682731
vt 0.875000 0.682729
vt 0.564176 0.500000
vt 0.446381 0.750000
vt 0.125000 0.727752
vt 0.875000 0.727758
vt 0.564176 0.750000
vt 0.434926 0.941713
vt 0.375000 0.022768
vt 0.125000 0.727232
vt 0.875000 0.727232
vt 0.625000 0.022768
vt 0.543073 0.941713
vt 0.500000 1.000000
vt 0.500000 0.750000
vt 0.500000 0.000000
vt 0.500000 1.000000
vt 0.500000 0.625000
vt 0.489000 0.308287
vt 0.500000 0.067613
vt 0.505278 0.500000
vt 0.505278 0.750000
vt 0.500000 0.022768
vt 0.489000 0.941713
vt 0.500000 0.125000
vt 0.625000 0.125000
vt 0.500000 0.125000
vt 0.125000 0.625000
vt 0.000000 0.000000
vt 0.125000 0.682387
vt 0.125000 0.682731
vt 0.125000 0.727752
vt 0.000000 0.000000
vt 0.000000 0.000000
vt 0.125000 0.687500
vt 0.625000 0.687500
vt 0.875000 0.687500
vt 0.375000 0.687500
vt 0.500000 0.687500
vt 0.501121 0.750000
vt 0.375000 0.750000
vt 0.625000 0.687500
vt 0.623878 0.750000
vt 0.500000 0.687500
vt 0.375000 0.687500
vt 0.000000 0.000000
vt 0.501121 0.750000
vt 0.375000 0.750000
vt 0.625000 0.687500
vt 0.623879 0.750000
vt 0.500000 0.687500
vt 0.375000 0.687500
vt 0.500000 0.750000
vt 0.375000 0.750000
vt 0.625000 0.687500
vt 0.625000 0.750000
vt 0.500000 0.687500
vt 0.375000 0.687500
vt 0.375000 1.000000
vt 0.375000 0.000000
vt 0.125000 0.750000
vt 0.625000 1.000000
vt 0.875000 0.750000
vt 0.625000 0.000000
vt 0.375000 0.750000
vt 0.625000 0.750000
vt 0.375000 0.091213
vt 0.125000 0.658787
vt 0.625000 0.658787
vt 0.625000 0.091213
vt 0.875000 0.658787
vt 0.375000 0.658787
vt 0.375000 0.011860
vt 0.125000 0.738140
vt 0.625000 0.738140
vt 0.625000 0.011860
vt 0.875000 0.738140
vt 0.375000 0.738140
vt 0.375000 0.005060
vt 0.125000 0.744940
vt 0.625000 0.744940
vt 0.625000 0.005060
vt 0.875000 0.744940
vt 0.375000 0.744940
vt 0.625000 0.005060
vt 0.875000 0.744940
vt 0.625000 0.011860
vt 0.875000 0.738140
vt 0.625000 0.738140
vt 0.625000 0.744940
vt 0.375000 0.937500
vt 0.187500 0.750000
vt 0.812500 0.750000
vt 0.625000 0.937500
vt 0.812500 0.658787
vt 0.187500 0.658787
vt 0.812500 0.738140
vt 0.187500 0.738140
vt 0.812500 0.744940
vt 0.187500 0.744940
vt 0.812500 0.738140
vt 0.812500 0.744940
vt 0.375000 0.900000
vt 0.225000 0.750000
vt 0.775000 0.658787
vt 0.775000 0.738140
vt 0.775000 0.744940
vt 0.775000 0.738140
vt 0.775000 0.744940
vt 0.625000 0.900000
vt 0.775000 0.750000
vt 0.225000 0.658787
vt 0.225000 0.738140
vt 0.225000 0.744940
vt 0.812500 0.658787
vt 0.812500 0.738140
vt 0.775000 0.658787
vt 0.775000 0.738140
vt 0.812500 0.658787
vt 0.812500 0.738140
vt 0.775000 0.658787
vt 0.775000 0.738140
vt 0.812500 0.658787
vt 0.812500 0.738140
vt 0.775000 0.658787
vt 0.775000 0.738140
vt 0.812500 0.658787
vt 0.812500 0.738140
vt 0.775000 0.658787
vt 0.775000 0.738140
vt 0.375000 1.000000
vt 0.375000 0.000000
vt 0.125000 0.750000
vt 0.625000 1.000000
vt 0.875000 0.750000
vt 0.625000 0.000000
vt 0.375000 0.750000
vt 0.625000 0.750000
vt 0.375000 0.125000
vt 0.125000 0.625000
vt 0.625000 0.125000
vt 0.875000 0.625000
vt 0.375000 0.625000
vt 0.625000 0.625000
vt 0.375000 0.091213
vt 0.125000 0.658787
vt 0.625000 0.658787
vt 0.625000 0.091213
vt 0.875000 0.658787
vt 0.375000 0.658787
vt 0.375000 0.011860
vt 0.125000 0.738140
vt 0.625000 0.738140
vt 0.625000 0.011860
vt 0.875000 0.738140
vt 0.375000 0.738140
vt 0.375000 0.005060
vt 0.125000 0.744940
vt 0.625000 0.744940
vt 0.625000 0.005060
vt 0.875000 0.744940
vt 0.375000 0.744940
vt 0.625000 0.005060
vt 0.875000 0.744940
vt 0.625000 0.011860
vt 0.875000 0.738140
vt 0.625000 0.738140
vt 0.625000 0.744940
vt 0.375000 0.937500
vt 0.187500 0.750000
vt 0.812500 0.750000
vt 0.625000 0.937500
vt 0.812500 0.625000
vt 0.187500 0.625000
vt 0.812500 0.658787
vt 0.187500 0.658787
vt 0.812500 0.738140
vt 0.187500 0.738140
vt 0.812500 0.744940
vt 0.187500 0.744940
vt 0.812500 0.738140
vt 0.812500 0.744940
vt 0.375000 0.900000
vt 0.225000 0.750000
vt 0.775000 0.625000
vt 0.775000 0.658787
vt 0.775000 0.738140
vt 0.775000 0.744940
vt 0.775000 0.738140
vt 0.775000 0.744940
vt 0.625000 0.900000
vt 0.775000 0.750000
vt 0.225000 0.625000
vt 0.225000 0.658787
vt 0.225000 0.738140
vt 0.225000 0.744940
vt 0.812500 0.658787
vt 0.812500 0.738140
vt 0.775000 0.658787
vt 0.775000 0.738140
vt 0.812500 0.658787
vt 0.812500 0.738140
vt 0.775000 0.658787
vt 0.775000 0.738140
vt 0.812500 0.658787
vt 0.812500 0.738140
vt 0.775000 0.658787
vt 0.775000 0.738140
vt 0.812500 0.658787
vt 0.812500 0.738140
vt 0.775000 0.658787
vt 0.775000 0.738140
vt 0.421985 0.000000
vt 0.421985 1.000000
vt 0.716952 0.645181
vt 0.461816 0.000000
vt 0.461816 1.000000
vt 0.125000 0.745762
vt 0.421985 0.250000
vt 0.714557 0.642668
vt 0.461816 0.250000
vt 0.125000 0.730721
vt 0.414707 0.308522
vt 0.625000 0.642668
vt 0.375000 0.308522
vt 0.183522 0.500000
vt 0.522239 0.642668
vt 0.592391 0.500000
vt 0.125000 0.737383
vt 0.593454 0.750000
vt 0.125000 0.747550
vt 0.414596 0.939992
vt 0.625000 0.645054
vt 0.375000 0.939992
vt 0.185008 0.750000
vt 0.522239 0.645054
vt 0.380039 0.000000
vt 0.380039 1.000000
vt 0.714557 0.642668
vt 0.415047 0.000000
vt 0.415047 1.000000
vt 0.125000 0.730721
vt 0.380039 0.250000
vt 0.716952 0.645181
vt 0.415047 0.250000
vt 0.125000 0.745762
vt 0.380039 0.338435
vt 0.625000 0.645181
vt 0.375000 0.338435
vt 0.213435 0.500000
vt 0.612460 0.645181
vt 0.594598 0.500000
vt 0.125000 0.748977
vt 0.592502 0.750000
vt 0.125000 0.735649
vt 0.375000 0.913868
vt 0.211132 0.750000
vt 0.612460 0.642668
vt 0.380039 0.913868
vt 0.625000 0.642668
vt 0.500000 0.750000
vt 0.375000 0.750000
vt 0.625000 0.687500
vt 0.625000 0.750000
vt 0.499064 0.687500
vt 0.375936 0.687500
vt 0.500000 0.750000
vt 0.375000 0.750000
vt 0.625000 0.687500
vt 0.625000 0.750000
vt 0.499064 0.687500
vt 0.375936 0.687500
vt 0.375000 0.750000
vt 0.500000 0.750000
vt 0.625000 0.750000
vt 0.625000 0.750000
vt 0.500000 0.750000
vt 0.375000 0.750000
vt 0.375000 0.750000
vt 0.625000 0.750000
vt 0.500000 0.750000
vt 0.625000 0.750000
vt 0.500000 0.750000
vt 0.375000 0.750000
vt 0.375000 0.687500
vt 0.000000 0.000000
vt 0.375000 0.625000
vt 0.000000 0.000000
vt 0.375000 0.750000
vt 0.375000 0.687500
vt 0.000000 0.000000
vt 0.375000 0.750000
vt 0.375000 0.750000
vt 0.375000 0.687500
vt 0.000000 0.000000
vt 0.375000 0.750000
vt 0.375000 0.687500
vt 0.000000 0.000000
vt 0.375000 0.750000
vt 0.375000 0.750000
vt 0.375000 0.750000
vt 0.375000 0.687500
vt 0.375000 0.750000
vt 0.375000 0.687500
vt 0.375000 0.750000
vt 0.375000 0.750000
vt 0.375000 0.750000
vt 0.375000 0.750000
vt 0.375000 0.687500
vt 0.000000 0.000000
vt 0.000000 0.000000
vt 0.375000 0.750000
vt 0.000000 0.000000
vt 0.375000 0.687500
vt 0.375000 0.750000
vt 0.000000 0.000000
vt 0.375000 0.687500
vt 0.375000 0.750000
vt 0.375000 0.687500
vt 0.000000 0.000000
vt 0.000000 0.000000
vt 0.375000 0.687500
vt 0.375000 0.750000
vt 0.000000 0.000000
vt 0.375000 0.687500
vt 0.375000 0.750000
vt 0.000000 0.000000
vt 0.375000 0.687500
vt 0.375000 0.750000
vt 0.375000 0.687500
vt 0.000000 0.000000
vt 0.375000 0.750000
vt 0.375000 0.687500
vt 0.375000 0.750000
vt 0.375000 0.687500
vt 0.375000 0.750000
vt 0.375000 0.750000
vt 0.375000 0.750000
vt 0.375000 0.750000
vt 0.375000 0.687500
vt 0.375000 0.625000
vt 0.375000 0.750000
vt 0.375000 0.687500
vt 0.375000 0.750000
vt 0.375000 0.750000
vt 0.375000 0.687500
vt 0.000000 0.000000
vt 0.375000 0.687500
vt 0.375000 0.750000
vt 0.375000 0.687500
vt 0.375000 0.625000
vt 0.000000 0.000000
vt 0.375000 0.750000
vt 0.375000 0.750000
vt 0.375000 0.750000
vt 0.375000 0.750000
vt 0.375000 0.687500
vt 0.000000 0.000000
vt 0.375000 0.687500
vt 0.375000 0.687500
vt 0.375000 0.750000
vt 0.375000 0.750000
vt 0.375000 0.750000
vt 0.375000 0.750000
vt 0.375000 0.750000
vt 0.375000 0.750000
vt 0.375000 0.750000
vt 0.375000 0.750000
vt 0.375000 0.750000
vt 0.375000 0.750000
vt 0.375000 0.750000
vt 0.375000 0.750000
vt 0.375000 0.750000
vt 0.375000 0.750000
vt 0.375000 0.750000
vt 0.375000 0.750000
vt 0.375000 0.750000
vt 0.375000 0.750000
vt 0.375000 0.750000
vt 0.375000 0.750000
vt 0.625000 0.750000
vt 0.500000 0.750000
vt 0.375000 0.750000
vt 0.375000 0.750000
vt 0.375000 0.750000
vt 0.375000 0.750000
vt 0.000000 0.000000
vt 0.375000 0.750000
vt 0.000000 0.000000
vt 0.375000 0.750000
vt 0.625000 0.750000
vt 0.500000 0.750000
vt 0.375000 0.750000
vt 0.375000 0.750000
vt 0.375000 0.750000
vt 0.375000 0.750000
vt 0.625000 0.750000
vt 0.500000 0.750000
vt 0.375000 0.750000
vt 0.375000 0.750000
vt 0.375000 0.750000
vt 0.375000 0.750000
vt 0.375000 0.750000
vt 0.500000 0.750000
vt 0.375000 0.750000
vt 0.625000 0.750000
vt 0.375000 0.750000
vt 0.375000 0.750000
vt 0.375000 0.750000
vt 0.375000 0.750000
vt 0.625000 0.750000
vt 0.500000 0.750000
vt 0.375000 0.750000
vt 0.375000 0.750000
vt 0.375000 0.750000
vt 0.375000 0.750000
vt 0.375000 0.750000
vt 0.375000 0.750000
vt 0.625000 0.750000
vt 0.375000 0.750000
vt 0.375000 0.750000
vt 0.375000 0.750000
vt 0.375000 0.750000
vt 0.500000 0.750000
vt 0.375000 0.750000
vt 0.375000 0.750000
vt 0.375000 0.750000
vt 0.375000 0.750000
vt 0.375000 0.750000
vt 0.375000 0.750000
vt 0.375000 0.750000
vt 0.375000 0.750000
vt 0.375000 0.750000
vt 0.375000 0.750000
vt 0.375000 0.750000
vt 0.000000 0.000000
vt 0.000000 0.000000
vt 0.375000 0.750000
vt 0.375000 0.750000
vt 0.000000 0.000000
vt 0.375000 0.750000
vt 0.000000 0.000000
vt 0.375000 0.750000
vt 0.375000 0.750000
vt 0.375000 0.750000
vt 0.375000 0.750000
vt 0.375000 0.750000
vt 0.375000 0.750000
vt 0.375000 0.750000
vt 0.375000 0.750000
vt 0.375000 0.750000
vt 0.375000 0.750000
vt 0.375000 0.750000
vt 0.375000 0.750000
vt 0.375000 0.750000
vt 0.375000 0.750000
vt 0.375000 0.750000
vt 0.375000 0.750000
vt 0.375000 0.750000
vt 0.375000 0.750000
vt 0.375000 0.750000
vt 0.375000 0.750000
vt 0.375000 0.750000
vt 0.375000 0.750000
vt 0.375000 0.750000
vt 0.375000 0.750000
vt 0.375000 0.750000
vt 0.375000 0.687500
vt 0.375000 0.687500
vt 0.375000 0.750000
vt 0.375000 0.687500
vt 0.375000 0.687500
vt 0.375000 0.750000
vt 0.000000 0.000000
vt 0.375000 0.750000
vt 0.000000 0.000000
vt 0.375000 0.750000
vt 0.375000 0.750000
vt 0.625000 0.706250
vt 0.875000 0.706250
vt 0.625000 0.706250
vt 0.625000 0.706250
vt 0.625000 0.706250
vt 0.625000 0.706250
vt 0.875000 0.706250
vt 0.625000 0.706250
vt 0.625000 0.706250
vt 0.625000 0.706250
vt 0.625000 0.687500
vt 0.625000 0.687500
vt 0.625000 0.687500
vt 0.625000 0.687500
vt 0.625000 0.687500
vt 0.625000 0.687500
vt 0.625000 0.687500
vt 0.625000 0.687500
vt 0.625000 0.687500
vt 0.625000 0.687500
vt 0.625000 0.687500
vt 0.625000 0.687500
vt 0.625000 0.687500
vt 0.625000 0.687500
vt 0.625000 0.687500
vt 0.625000 0.687500
vt 0.625000 0.687500
vt 0.625000 0.687500
vt 0.625000 0.687500
vt 0.625000 0.687500
vt 0.625000 0.687500
vt 0.625000 0.687500
vt 0.625000 0.687500
vt 0.625000 0.687500
vt 0.625000 0.687500
vt 0.625000 0.687500
vt 0.625000 0.687500
vt 0.625000 0.687500
vt 0.625000 0.687500
vt 0.625000 0.687500
vt 0.625000 0.687500
vt 0.625000 0.687500
vt 0.625000 0.687500
vt 0.625000 0.687500
vt 0.625000 0.687500
vt 0.625000 0.687500
vt 0.625000 0.687500
vt 0.625000 0.687500
vt 0.625000 0.687500
vt 0.625000 0.687500
vt 0.625000 0.687500
vt 0.625000 0.687500
vt 0.625000 0.687500
vt 0.625000 0.687500
vt 0.625000 0.687500
vt 0.625000 0.687500
vt 0.625000 0.687500
vt 0.625000 0.687500
vt 0.625000 0.687500
vt 0.625000 0.687500
vt 0.625000 0.687500
vt 0.625000 0.687500
vt 0.625000 0.687500
vt 0.625000 0.687500
vt 0.500000 0.687500
vt 0.375000 0.687500
vt 0.625000 0.750000
vt 0.625000 0.687500
vt 0.000000 0.000000
vt 0.375000 0.750000
vt 0.500000 0.750000
vt 0.375000 0.750000
vt 0.000000 0.000000
vt 0.375000 0.687500
vt 0.375000 0.750000
vt 0.375000 0.750000
vt 0.375000 0.750000
vt 0.375000 0.750000
vt 0.375000 0.750000
vt 0.625000 0.706250
vt 0.000000 0.000000
vt 0.500000 0.687500
vt 0.375000 0.687500
vt 0.625000 0.750000
vt 0.625000 0.687500
vt 0.000000 0.000000
vt 0.375000 0.750000
vt 0.500000 0.750000
vt 0.375000 0.750000
vt 0.000000 0.000000
vt 0.375000 0.687500
vt 0.375000 0.750000
vt 0.375000 0.750000
vt 0.375000 0.750000
vt 0.375000 0.750000
vt 0.375000 0.750000
vt 0.625000 0.706250
vt 0.000000 0.000000
vt 0.500000 0.687500
vt 0.625000 0.750000
vt 0.500000 0.750000
vt 0.375000 0.750000
vt 0.625000 0.706250
vt 0.375000 0.687500
vt 0.625000 0.687500
vt 0.375000 0.750000
vt 0.375000 0.750000
vt 0.000000 0.000000
vt 0.375000 0.687500
vt 0.375000 0.750000
vt 0.375000 0.750000
vt 0.375000 0.750000
vt 0.375000 0.750000
vt 0.500000 0.687500
vt 0.625000 0.750000
vt 0.500000 0.750000
vt 0.375000 0.750000
vt 0.375000 0.687500
vt 0.625000 0.687500
vt 0.375000 0.750000
vt 0.375000 0.750000
vt 0.000000 0.000000
vt 0.375000 0.687500
vt 0.375000 0.750000
vt 0.375000 0.750000
vt 0.375000 0.750000
vt 0.375000 0.750000
vt 0.625000 0.706250
vt 0.625000 0.687500
vt 0.500000 0.687500
vt 0.375000 0.687500
vt 0.375000 0.750000
vt 0.501121 0.750000
vt 0.623878 0.750000
vt 0.375000 0.750000
vt 0.000000 0.000000
vt 0.375000 0.687500
vt 0.375000 0.750000
vt 0.375000 0.750000
vt 0.375000 0.750000
vt 0.625000 0.706250
vt 0.625000 0.687500
vt 0.500000 0.687500
vt 0.375000 0.687500
vt 0.375000 0.750000
vt 0.501121 0.750000
vt 0.623879 0.750000
vt 0.375000 0.750000
vt 0.000000 0.000000
vt 0.375000 0.687500
vt 0.375000 0.750000
vt 0.375000 0.750000
vt 0.375000 0.750000
vt 0.625000 0.706250
vt 0.375000 0.750000
vt 0.375000 0.687500
vt 0.375000 0.687500
vt 0.375000 0.750000
vt 0.375000 0.750000
vt 0.375000 0.750000
vt 0.375000 0.750000
vt 0.375000 0.750000
vt 0.375000 0.750000
vt 0.375000 0.750000
vt 0.375000 0.750000
vt 0.375000 0.750000
vt 0.375000 0.750000
vt 0.375000 0.687500
vt 0.375000 0.687500
vt 0.375000 0.750000
vt 0.375000 0.750000
vt 0.375000 0.750000
vt 0.375000 0.750000
vt 0.375000 0.750000
vt 0.375000 0.750000
vt 0.375000 0.750000
vt 0.375000 0.750000
vt 0.375000 0.750000
vt 0.625000 0.706250
vt 0.625000 0.750000
vt 0.625000 0.750000
vt 0.625000 0.706250
vt 0.625000 0.706250
vt 0.625000 0.750000
vt 0.625000 0.750000
vt 0.625000 0.706250
vt 0.625000 0.706250
vt 0.625000 0.750000
vt 0.625000 0.706250
vt 0.625000 0.750000
vt 0.625000 0.706250
vt 0.625000 0.750000
vt 0.625000 0.706250
vt 0.625000 0.750000
vt 0.625000 0.706250
vt 0.625000 0.750000
vt 0.625000 0.706250
vt 0.625000 0.750000
vt 0.625000 0.706250
vt 0.625000 0.750000
vt 0.625000 0.706250
vt 0.625000 0.750000
vt 0.625000 0.750000
vt 0.625000 0.750000
vt 0.625000 0.750000
vt 0.625000 0.750000
vt 0.625000 0.750000
vt 0.625000 0.750000
vt 0.625000 0.750000
vt 0.625000 0.750000
vt 0.625000 0.750000
vt 0.625000 0.750000
vt 0.625000 0.750000
vt 0.625000 0.750000
vt 0.625000 0.750000
vt 0.625000 0.750000
vt 0.625000 0.750000
vt 0.625000 0.750000
vt 0.625000 0.687500
vt 0.625000 0.706250
vt 0.625000 0.687500
vt 0.625000 0.706250
vt 0.000000 0.000000
vt 0.625000 0.706250
vt 0.000000 0.000000
vt 0.625000 0.687500
vt 0.000000 0.000000
vt 0.625000 0.687500
vt 0.000000 0.000000
vt 0.625000 0.706250
vt 0.000000 0.000000
vt 0.000000 0.000000
vt 0.000000 0.000000
vt 0.000000 0.000000
vt 0.000000 0.000000
vt 0.000000 0.000000
vt 0.000000 0.000000
vt 0.000000 0.000000
vt 0.625000 0.687500
vt 0.625000 0.706250
vt 0.625000 0.687500
vt 0.625000 0.706250
vt 0.625000 0.687500
vt 0.625000 0.706250
vt 0.625000 0.687500
vt 0.625000 0.706250
vt 0.500000 0.687500
vt 0.375000 0.687500
vt 0.500000 0.687500
vt 0.375000 0.687500
vt 0.498919 0.687500
vt 0.376081 0.687500
vt 0.498919 0.687500
vt 0.376081 0.687500
vt 0.625000 0.687500
vt 0.625000 0.706250
vt 0.625000 0.687500
vt 0.625000 0.706250
vt 0.625000 0.687500
vt 0.625000 0.706250
vt 0.625000 0.687500
vt 0.625000 0.706250
vt 0.375000 0.750000
vt 0.375000 0.750000
vt 0.375000 0.750000
vt 0.375000 0.750000
vt 0.375000 0.750000
vt 0.375000 0.750000
vt 0.375000 0.750000
vt 0.375000 0.750000
vt 0.375000 0.750000
vt 0.375000 0.750000
vt 0.375000 0.750000
vt 0.375000 0.750000
vt 0.375000 0.750000
vt 0.375000 0.750000
vt 0.375000 0.750000
vt 0.375000 0.750000
vt 0.375000 0.750000
vt 0.375000 0.750000
vt 0.375000 0.750000
vt 0.375000 0.750000
vt 0.375000 0.750000
vt 0.375000 0.750000
vt 0.375000 0.750000
vt 0.375000 0.750000
vt 0.375000 0.750000
vt 0.375000 0.750000
vt 0.375000 0.750000
vt 0.375000 0.750000
vt 0.375000 0.750000
vt 0.375000 0.750000
vt 0.375000 0.750000
vt 0.375000 0.750000
vt 0.474949 0.000000
vt 0.474949 1.000000
vt 0.375000 0.687500
vt 0.474949 0.250000
vt 0.375000 0.687500
vt 0.463567 0.360702
vt 0.375000 0.687500
vt 0.625000 0.358321
vt 0.766679 0.500000
vt 0.375000 0.687500
vt 0.463567 0.889298
vt 0.375000 0.687500
vt 0.625000 0.891679
vt 0.766679 0.750000
vt 0.375000 0.687500
vt 0.463975 0.000000
vt 0.463975 1.000000
vt 0.375000 0.750000
vt 0.463972 0.000000
vt 0.463972 1.000000
vt 0.375000 0.703230
vt 0.463988 0.250000
vt 0.375000 0.750000
vt 0.463972 0.250000
vt 0.375000 0.731598
vt 0.452967 0.357219
vt 0.375000 0.750000
vt 0.452960 0.357111
vt 0.375000 0.731598
vt 0.625000 0.354682
vt 0.770318 0.500000
vt 0.375000 0.750000
vt 0.625000 0.354574
vt 0.770426 0.500000
vt 0.375000 0.731598
vt 0.452962 0.892868
vt 0.375000 0.750000
vt 0.452960 0.892889
vt 0.375000 0.703230
vt 0.625000 0.895403
vt 0.770403 0.750000
vt 0.375000 0.750000
vt 0.625000 0.895426
vt 0.770426 0.750000
vt 0.375000 0.703230
vt 0.464001 0.000000
vt 0.464001 1.000000
vt 0.375000 0.750000
vt 0.464015 0.250000
vt 0.375000 0.750000
vt 0.463975 0.000000
vt 0.463975 1.000000
vt 0.375000 0.750000
vt 0.452977 0.357383
vt 0.375000 0.750000
vt 0.463988 0.250000
vt 0.375000 0.750000
vt 0.625000 0.354846
vt 0.770154 0.500000
vt 0.375000 0.750000
vt 0.452967 0.357219
vt 0.375000 0.750000
vt 0.452972 0.892704
vt 0.375000 0.750000
vt 0.625000 0.354682
vt 0.770318 0.500000
vt 0.375000 0.750000
vt 0.452962 0.892868
vt 0.375000 0.750000
vt 0.625000 0.895239
vt 0.770239 0.750000
vt 0.375000 0.750000
vt 0.625000 0.895403
vt 0.770403 0.750000
vt 0.375000 0.750000
vt 0.464028 0.000000
vt 0.464028 1.000000
vt 0.375000 0.750000
vt 0.464042 0.250000
vt 0.375000 0.750000
vt 0.464001 0.000000
vt 0.464001 1.000000
vt 0.375000 0.750000
vt 0.452987 0.357548
vt 0.375000 0.750000
vt 0.464015 0.250000
vt 0.375000 0.750000
vt 0.625000 0.355011
vt 0.769989 0.500000
vt 0.375000 0.750000
vt 0.452977 0.357383
vt 0.375000 0.750000
vt 0.452982 0.892539
vt 0.375000 0.750000
vt 0.625000 0.354846
vt 0.770154 0.500000
vt 0.375000 0.750000
vt 0.452972 0.892704
vt 0.375000 0.750000
vt 0.625000 0.895075
vt 0.770075 0.750000
vt 0.375000 0.750000
vt 0.625000 0.895239
vt 0.770239 0.750000
vt 0.375000 0.750000
vt 0.464028 0.000000
vt 0.464028 1.000000
vt 0.375000 0.750000
vt 0.464042 0.250000
vt 0.375000 0.750000
vt 0.463972 0.250000
vt 0.375000 0.731598
vt 0.463972 0.000000
vt 0.463972 1.000000
vt 0.375000 0.703230
vt 0.452960 0.357111
vt 0.375000 0.731598
vt 0.452960 0.892889
vt 0.375000 0.703230
vt 0.452987 0.357548
vt 0.375000 0.750000
vt 0.625000 0.355011
vt 0.769989 0.500000
vt 0.375000 0.750000
vt 0.625000 0.354574
vt 0.770426 0.500000
vt 0.375000 0.731598
vt 0.452982 0.892539
vt 0.375000 0.750000
vt 0.625000 0.895074
vt 0.770075 0.750000
vt 0.375000 0.750000
vt 0.625000 0.895426
vt 0.770426 0.750000
vt 0.375000 0.703230
vt 0.499064 0.687500
vt 0.375936 0.687500
vt 0.499064 0.687500
vt 0.375936 0.687500
vt 0.498919 0.687500
vt 0.376081 0.687500
vt 0.498919 0.687500
vt 0.376081 0.687500
vt 0.625000 0.687500
vt 0.625000 0.687500
vt 0.625000 0.687500
vt 0.625000 0.687500
vt 0.625000 0.687500
vt 0.625000 0.687500
vt 0.625000 0.687500
vt 0.625000 0.687500
vt 0.625000 0.687500
vt 0.625000 0.687500
vt 0.625000 0.687500
vt 0.625000 0.687500
vt 0.625000 0.687500
vt 0.625000 0.687500
vt 0.625000 0.687500
vt 0.625000 0.687500
vt 0.625000 0.687500
vt 0.625000 0.687500
vt 0.625000 0.687500
vt 0.625000 0.687500
vt 0.625000 0.687500
vt 0.625000 0.687500
vt 0.625000 0.687500
vt 0.625000 0.687500
vt 0.625000 0.687500
vt 0.625000 0.687500
vt 0.625000 0.687500
vt 0.625000 0.687500
vt 0.625000 0.687500
vt 0.625000 0.687500
vt 0.625000 0.687500
vt 0.625000 0.687500
vt 0.625000 0.687500
vt 0.625000 0.687500
vt 0.625000 0.687500
vt 0.625000 0.687500
vt 0.625000 0.687500
vt 0.625000 0.687500
vt 0.625000 0.687500
vt 0.625000 0.687500
vt 0.625000 0.687500
vt 0.625000 0.687500
vt 0.625000 0.687500
vt 0.625000 0.687500
vt 0.625000 0.687500
vt 0.625000 0.687500
vt 0.625000 0.750000
vt 0.500000 0.750000
vt 0.625000 0.750000
vt 0.500000 0.750000
vt 0.500000 0.750000
vt 0.625000 0.750000
vt 0.625000 0.750000
vt 0.500000 0.750000
vt 0.625000 0.750000
vt 0.500000 0.750000
vt 0.500000 0.750000
vt 0.625000 0.750000
vt 0.501121 0.750000
vt 0.623878 0.750000
vt 0.623879 0.750000
vt 0.501121 0.750000
vt 0.623878 0.750000
vt 0.501121 0.750000
vt 0.623879 0.750000
vt 0.501121 0.750000
vt 0.623878 0.750000
vt 0.501121 0.750000
vt 0.623879 0.750000
vt 0.501121 0.750000
vt 0.375000 0.687500
vt 0.375000 0.625000
vt 0.375000 0.687500
vt 0.375000 0.687500
vt 0.375000 0.687500
vt 0.375000 0.625000
vt 0.625000 0.097425
vt 0.625000 0.067613
vt 0.500000 0.067613
vt 0.500000 0.097425
vt 0.625000 0.067613
vt 0.625000 0.097425
vt 0.500000 0.097425
vt 0.500000 0.067613
vt 0.641761 0.742231
vt 0.358738 0.750000
vt 0.375000 0.766262
vt 0.358738 0.625000
vt 0.641262 0.625000
vt 0.500000 0.766262
vt 0.358738 0.687500
vt 0.641262 0.687500
vt 0.641761 0.742231
vt 0.358738 0.750000
vt 0.375000 0.766262
vt 0.500000 0.766262
vt 0.358738 0.687500
vt 0.641262 0.687500
vt 0.642069 0.715079
vt 0.642069 0.715079
vt 0.661377 0.747187
vt 0.338409 0.625000
vt 0.500000 0.786591
vt 0.338409 0.687500
vt 0.661377 0.747187
vt 0.500000 0.786591
vt 0.338409 0.687500
vt 0.661867 0.717244
vt 0.338409 0.750000
vt 0.375000 0.786591
vt 0.661591 0.625000
vt 0.661591 0.687500
vt 0.338409 0.750000
vt 0.375000 0.786591
vt 0.661591 0.687500
vt 0.661867 0.717244
vt 0.662436 0.707833
vt 0.641744 0.707160
vt 0.625000 0.766262
vt 0.641262 0.750000
vt 0.641744 0.707160
vt 0.625000 0.766262
vt 0.641262 0.750000
vt 0.625000 0.786591
vt 0.661633 0.756745
vt 0.625000 0.786591
vt 0.661633 0.756745
vt 0.662436 0.707833
vt 0.661867 0.717244
vt 0.642069 0.715079
vt 0.641761 0.742231
vt 0.642069 0.715079
vt 0.641761 0.742231
vt 0.661377 0.747187
vt 0.661377 0.747187
vt 0.661867 0.717244
vt 0.642069 0.715079
vt 0.641761 0.742231
vt 0.661867 0.717244
vt 0.661377 0.747187
vt 0.661867 0.717244
vt 0.661377 0.747187
vt 0.641761 0.742231
vt 0.642069 0.715079
vt 0.641761 0.742231
vt 0.661377 0.747187
vt 0.641761 0.742231
vt 0.661377 0.747187
vt 0.661377 0.747187
vt 0.641761 0.742231
vt 0.661377 0.747187
vt 0.641761 0.742231
vt 0.641761 0.742231
vt 0.661377 0.747187
vt 0.641761 0.742231
vt 0.661377 0.747187
vt 0.661377 0.747187
vt 0.641761 0.742231
vt 0.661377 0.747187
vt 0.641761 0.742231
vt 0.641761 0.742231
vt 0.661377 0.747187
vt 0.641761 0.742231
vt 0.661377 0.747187
vt 0.641761 0.742231
vt 0.661377 0.747187
vt 0.641761 0.742231
vt 0.661377 0.747187
vt 0.641761 0.742231
vt 0.641761 0.742231
vt 0.641761 0.742231
vt 0.641761 0.742231
vt 0.641761 0.742231
vt 0.641761 0.742231
vt 0.641761 0.742231
vt 0.641761 0.742231
vt 0.641761 0.742231
vt 0.641761 0.742231
vt 0.641761 0.742231
vt 0.641761 0.742231
vt 0.641761 0.742231
vt 0.641761 0.742231
vt 0.641761 0.742231
vt 0.641761 0.742231
vt 0.641761 0.742231
vt 0.641761 0.742231
vt 0.641761 0.742231
vt 0.641761 0.742231
vt 0.641761 0.742231
vt 0.641761 0.742231
vt 0.641761 0.742231
vt 0.641761 0.742231
vt 0.641761 0.742231
vt 0.641761 0.742231
vt 0.641761 0.742231
vt 0.641761 0.742231
vt 0.641761 0.742231
vt 0.641761 0.742231
vt 0.641761 0.742231
vt 0.641761 0.742231
vt 0.641761 0.742231
vt 0.641761 0.742231
vt 0.641761 0.742231
vt 0.641761 0.742231
vt 0.000000 0.000000
vt 0.375000 0.750000
vt 0.375000 0.750000
vt 0.000000 0.000000
vt 0.375000 0.687500
vt 0.375000 0.687500
vt 0.375000 0.750000
vt 0.375000 0.750000
vt 0.375000 0.750000
vt 0.375000 0.750000
vt 0.375000 0.750000
vt 0.000000 0.000000
vt 0.375000 0.687500
vt 0.375000 0.750000
vt 0.375000 0.750000
vt 0.000000 0.000000
vt 0.375000 0.750000
vt 0.375000 0.687500
vt 0.375000 0.750000
vt 0.375000 0.750000
vt 0.000000 0.000000
vt 0.000000 0.000000
vt 0.000000 0.000000
vt 0.000000 0.000000
vt 0.000000 0.000000
vt 0.000000 0.000000
vt 0.000000 0.000000
vt 0.000000 0.000000
vt 0.000000 0.000000
vt 0.000000 0.000000
vt 0.000000 0.000000
vt 0.000000 0.000000
vt 0.000000 0.000000
vt 0.375000 1.000000
vt 0.125000 0.750000
vt 0.375000 0.000000
vt 0.625000 1.000000
vt 0.875000 0.750000
vt 0.625000 0.000000
vt 0.375000 0.250000
vt 0.125000 0.500000
vt 0.625000 0.250000
vt 0.875000 0.500000
vt 0.375000 0.750000
vt 0.625000 0.750000
vt 0.375000 0.500000
vt 0.625000 0.500000
vt 0.375000 0.287500
vt 0.162500 0.500000
vt 0.625000 0.287500
vt 0.837500 0.500000
vt 0.162500 0.750000
vt 0.375000 0.962500
vt 0.837500 0.750000
vt 0.625000 0.962500
vt 0.000000 0.000000
vt 0.731250 0.500000
vt 0.625000 0.393750
vt 0.268750 0.750000
vt 0.000000 0.000000
vt 0.375000 0.856250
vt 0.000000 0.000000
vt 0.268750 0.500000
vt 0.375000 0.393750
vt 0.000000 0.000000
vt 0.731250 0.750000
vt 0.625000 0.856250
vt 0.000000 0.000000
vt 0.375000 0.393750
vt 0.375000 0.287500
vt 0.000000 0.000000
vt 0.625000 0.856250
vt 0.625000 0.962500
vt 0.375000 0.962500
vt 0.625000 0.287500
vt 0.000000 0.000000
vt 0.625000 0.393750
vt 0.000000 0.000000
vt 0.375000 0.856250
vt 0.625000 0.962500
vt 0.375000 0.962500
vt 0.625000 0.287500
vt 0.375000 0.287500
vt 0.625000 0.962500
vt 0.375000 0.962500
vt 0.625000 0.287500
vt 0.375000 0.287500
vt 0.625000 0.856250
vt 0.375000 0.856250
vt 0.625000 0.393750
vt 0.375000 0.393750
vt 0.625000 0.856250
vt 0.375000 0.856250
vt 0.625000 0.393750
vt 0.375000 0.393750
vt 0.000000 0.000000
vt 0.731250 0.750000
vt 0.625000 0.856250
vt 0.837500 0.750000
vt 0.625000 0.962500
vt 0.625000 0.287500
vt 0.837500 0.500000
vt 0.000000 0.000000
vt 0.731250 0.500000
vt 0.625000 0.393750
vt 0.000000 0.000000
vt 0.731250 0.750000
vt 0.625000 0.856250
vt 0.625000 0.962500
vt 0.837500 0.750000
vt 0.837500 0.500000
vt 0.625000 0.287500
vt 0.000000 0.000000
vt 0.731250 0.500000
vt 0.625000 0.393750
vt 0.837500 0.500000
vt 0.625000 0.287500
vt 0.837500 0.500000
vt 0.625000 0.287500
vt 0.837500 0.750000
vt 0.625000 0.962500
vt 0.837500 0.750000
vt 0.625000 0.962500
vt 0.625000 0.393750
vt 0.625000 0.393750
vt 0.625000 0.856250
vt 0.625000 0.856250
vt 0.625000 0.856250
vt 0.375000 0.856250
vt 0.625000 0.393750
vt 0.375000 0.393750
vt 0.625000 0.856250
vt 0.375000 0.856250
vt 0.625000 0.393750
vt 0.375000 0.393750
vt 0.268750 0.500000
vt 0.000000 0.000000
vt 0.375000 0.393750
vt 0.162500 0.500000
vt 0.375000 0.287500
vt 0.162500 0.750000
vt 0.375000 0.962500
vt 0.268750 0.750000
vt 0.375000 0.856250
vt 0.000000 0.000000
vt 0.000000 0.000000
vt 0.375000 0.393750
vt 0.375000 0.287500
vt 0.375000 0.962500
vt 0.375000 0.856250
vt 0.000000 0.000000
vt 0.375000 0.962500
vt 0.375000 0.962500
vt 0.375000 0.287500
vt 0.375000 0.287500
vt 0.375000 0.393750
vt 0.375000 0.393750
vt 0.375000 0.856250
vt 0.375000 0.856250
vt 0.375000 0.393750
vt 0.375000 0.393750
vt 0.375000 0.856250
vt 0.375000 0.856250
vt 0.000000 0.000000
vt 0.268750 0.500000
vt 0.375000 0.393750
vt 0.375000 0.287500
vt 0.162500 0.500000
vt 0.375000 0.962500
vt 0.162500 0.750000
vt 0.268750 0.750000
vt 0.375000 0.856250
vt 0.000000 0.000000
vt 0.000000 0.000000
vt 0.375000 0.393750
vt 0.375000 0.287500
vt 0.375000 0.962500
vt 0.375000 0.856250
vt 0.000000 0.000000
vt 0.375000 0.962500
vt 0.375000 0.962500
vt 0.375000 0.287500
vt 0.375000 0.287500
vt 0.375000 0.393750
vt 0.375000 0.856250
vt 0.375000 0.393750
vt 0.375000 0.393750
vt 0.375000 0.856250
vt 0.375000 0.856250
vt 0.375000 0.393750
vt 0.375000 0.393750
vt 0.375000 0.856250
vt 0.375000 0.856250
vt 0.000000 0.000000
vt 0.268750 0.500000
vt 0.375000 0.393750
vt 0.375000 0.287500
vt 0.162500 0.500000
vt 0.375000 0.962500
vt 0.162500 0.750000
vt 0.000000 0.000000
vt 0.268750 0.750000
vt 0.375000 0.856250
vt 0.000000 0.000000
vt 0.268750 0.500000
vt 0.375000 0.393750
vt 0.162500 0.500000
vt 0.375000 0.287500
vt 0.375000 0.962500
vt 0.162500 0.750000
vt 0.268750 0.750000
vt 0.000000 0.000000
vt 0.375000 0.856250
vt 0.162500 0.750000
vt 0.375000 0.962500
vt 0.162500 0.750000
vt 0.375000 0.962500
vt 0.162500 0.500000
vt 0.375000 0.287500
vt 0.162500 0.500000
vt 0.375000 0.287500
vt 0.375000 0.393750
vt 0.375000 0.856250
vt 0.375000 0.393750
vt 0.375000 0.393750
vt 0.375000 0.856250
vt 0.375000 0.856250
vt 0.375000 0.393750
vt 0.375000 0.393750
vt 0.375000 0.856250
vt 0.375000 0.856250
vt 0.625000 0.856250
vt 0.625000 0.856250
vt 0.625000 0.393750
vt 0.625000 0.393750
vt 0.625000 0.856250
vt 0.625000 0.393750
vt 0.625000 0.393750
vt 0.625000 0.856250
vt 0.125000 0.637500
vt 0.375000 0.112500
vt 0.873940 0.630025
vt 0.375000 0.637500
vt 0.625000 0.637500
vt 0.838560 0.630025
vt 0.162500 0.637500
vt 0.731250 0.637500
vt 0.268750 0.637500
vt 0.873940 0.617475
vt 0.375000 0.610000
vt 0.125000 0.610000
vt 0.375000 0.140000
vt 0.625000 0.610000
vt 0.838561 0.617475
vt 0.162500 0.610000
vt 0.731250 0.610000
vt 0.268750 0.610000
vt 0.837500 0.610000
vt 0.837500 0.637500
vt 0.625000 0.112500
vt 0.875000 0.637500
vt 0.625000 0.140000
vt 0.875000 0.610000
vt 0.838561 0.617475
vt 0.838560 0.630025
vt 0.873940 0.630025
vt 0.873940 0.617475
vt 0.873940 0.630025
vt 0.873940 0.617475
vt 0.873940 0.630025
vt 0.873940 0.617475
vt 0.873940 0.630025
vt 0.873940 0.617475
vt 0.873940 0.630025
vt 0.873940 0.617475
vt 0.873940 0.630025
vt 0.873940 0.617475
vt 0.873940 0.630025
vt 0.873940 0.617475
vt 0.873940 0.630025
vt 0.873940 0.617475
vt 0.873940 0.630025
vt 0.873940 0.617475
vt 0.873940 0.630025
vt 0.873940 0.617475
vt 0.873940 0.630025
vt 0.873940 0.617475
vt 0.873940 0.630025
vt 0.873940 0.617475
vt 0.873940 0.630025
vt 0.873940 0.617475
vt 0.375000 0.856250
vt 0.375000 0.393750
vt 0.375000 0.856250
vt 0.375000 0.393750
vt 0.467971 0.687500
vt 0.375000 0.856250
vt 0.493341 0.687500
vt 0.375000 0.856250
vt 0.493341 0.687500
vt 0.375000 0.856250
vt 0.467971 0.687500
vt 0.375000 0.856250
vt 0.499064 0.687500
vt 0.873940 0.630025
vt 0.499064 0.687500
vt 0.873940 0.617475
vt 0.499064 0.687500
vt 0.873940 0.617475
vt 0.499064 0.687500
vt 0.873940 0.630025
vt 0.493341 0.687500
vt 0.375000 0.393750
vt 0.467971 0.687500
vt 0.375000 0.393750
vt 0.467971 0.687500
vt 0.375000 0.393750
vt 0.493341 0.687500
vt 0.375000 0.393750
vt 0.233333 0.627203
vt 0.625000 0.687500
vt 0.966667 0.584846
vt 0.625000 0.687500
vt 1.000000 0.584494
vt -0.000000 0.584494
vt 0.625000 0.687500
vt 0.966667 0.584846
vt 0.625000 0.687500
vt 0.933333 0.587122
vt 0.625000 0.687500
vt 0.200000 0.617996
vt 0.625000 0.687500
vt 0.933333 0.587122
vt 0.625000 0.687500
vt 0.900000 0.591224
vt 0.625000 0.687500
vt 0.166666 0.609265
vt 0.625000 0.687500
vt 0.866667 0.596973
vt 0.625000 0.687500
vt 0.900000 0.591224
vt 0.625000 0.687500
vt 0.133333 0.601391
vt 0.625000 0.687500
vt 0.866667 0.596973
vt 0.625000 0.687500
vt 0.833333 0.604115
vt 0.625000 0.687500
vt 0.100000 0.594720
vt 0.625000 0.687500
vt 0.833333 0.604116
vt 0.625000 0.687500
vt 0.800000 0.612341
vt 0.625000 0.687500
vt 0.066666 0.589541
vt 0.625000 0.687500
vt 0.766666 0.621290
vt 0.625000 0.687500
vt 0.800000 0.612341
vt 0.625000 0.687500
vt 0.033333 0.586082
vt 0.625000 0.687500
vt 0.005650 0.584763
vt 0.625000 0.687500
vt 0.733333 0.630570
vt 0.625000 0.687500
vt 0.766666 0.621290
vt 0.625000 0.687500
vt 0.700000 0.639778
vt 0.625000 0.687500
vt 0.733333 0.630570
vt 0.625000 0.687500
vt 0.666666 0.648509
vt 0.625000 0.687500
vt 0.700000 0.639778
vt 0.625000 0.687500
vt 0.666666 0.648509
vt 0.625000 0.687500
vt 0.633333 0.656382
vt 0.625000 0.687500
vt 0.633333 0.656382
vt 0.625000 0.687500
vt 0.600000 0.663054
vt 0.625000 0.687500
vt 1.000000 0.584494
vt -0.000000 0.584494
vt 0.625000 0.687500
vt 0.566666 0.668233
vt 0.625000 0.687500
vt 0.600000 0.663054
vt 0.625000 0.687500
vt 0.200000 0.617996
vt 0.625000 0.687500
vt 0.533333 0.671692
vt 0.625000 0.687500
vt 0.566666 0.668233
vt 0.625000 0.687500
vt 0.166666 0.609265
vt 0.625000 0.687500
vt 0.533333 0.671692
vt 0.625000 0.687500
vt 0.500000 0.673280
vt 0.625000 0.687500
vt 0.133333 0.601391
vt 0.625000 0.687500
vt 0.500000 0.673280
vt 0.625000 0.687500
vt 0.100000 0.594720
vt 0.625000 0.687500
vt 0.466666 0.672928
vt 0.625000 0.687500
vt 0.466666 0.672928
vt 0.625000 0.687500
vt 0.066666 0.589541
vt 0.625000 0.687500
vt 0.433333 0.670651
vt 0.625000 0.687500
vt 0.433333 0.670651
vt 0.625000 0.687500
vt 0.033333 0.586082
vt 0.625000 0.687500
vt 0.400000 0.666549
vt 0.625000 0.687500
vt 0.005650 0.584763
vt 0.625000 0.687500
vt 0.400000 0.666549
vt 0.625000 0.687500
vt 0.366666 0.660801
vt 0.625000 0.687500
vt 0.366666 0.660801
vt 0.625000 0.687500
vt 0.333333 0.653658
vt 0.625000 0.687500
vt 0.333333 0.653658
vt 0.625000 0.687500
vt 0.300000 0.645432
vt 0.625000 0.687500
vt 0.300000 0.645432
vt 0.625000 0.687500
vt 0.266666 0.636484
vt 0.625000 0.687500
vt 0.266666 0.636484
vt 0.625000 0.687500
vt 0.233333 0.627203
vt 0.625000 0.687500
vt 0.775000 0.200000
vt 0.625000 0.689415
vt 0.275000 0.400000
vt 0.625000 0.695392
vt 0.775000 0.300000
vt 0.625000 0.692090
vt 0.275000 0.300000
vt 0.625000 0.692093
vt 1.000000 0.600000
vt 0.716890 0.630655
vt 0.000000 0.699149
vt 1.000000 0.699149
vt 0.720381 0.630559
vt 0.275000 0.500000
vt 0.625000 0.697547
vt 0.050000 0.500000
vt 0.673209 0.630160
vt 0.275000 0.400000
vt 0.625000 0.695190
vt 0.775000 0.148169
vt 0.625000 0.688884
vt 0.775000 0.100000
vt 0.625000 0.688392
vt 0.050000 0.500000
vt 0.665579 0.630109
vt 0.275000 0.800000
vt 0.625000 0.695394
vt 1.000000 0.500000
vt 0.688028 0.630274
vt 0.275000 0.700000
vt 0.625000 0.698057
vt 0.775000 0.500000
vt 0.625000 0.697543
vt 1.000000 0.500000
vt 0.673209 0.630161
vt 0.275000 0.200000
vt 0.625000 0.689419
vt 0.775000 0.400000
vt 0.625000 0.695187
vt 0.775000 0.900000
vt 0.625000 0.692088
vt 1.000000 0.500000
vt 0.000000 0.500000
vt 0.665579 0.630110
vt 0.775000 -0.000000
vt 0.775000 1.000000
vt 0.625000 0.689414
vt 0.775000 0.800000
vt 0.625000 0.695185
vt 0.275000 0.900000
vt 0.625000 0.692095
vt 0.775000 0.700000
vt 0.625000 0.697542
vt 0.025000 0.500000
vt 0.666248 0.625000
vt 0.025000 0.500000
vt 0.666248 0.625000
vt 0.275000 -0.000000
vt 0.275000 1.000000
vt 0.625000 0.689420
vt 0.775000 -0.000000
vt 0.775000 1.000000
vt 0.625000 0.689915
vt 0.275000 0.700000
vt 0.625000 0.697548
vt 0.775000 0.100000
vt 0.625000 0.689016
vt 0.275000 0.600000
vt 0.625000 0.698448
vt 0.775000 0.400000
vt 0.625000 0.695388
vt 0.275000 0.148169
vt 0.625000 0.688889
vt 0.275000 0.100000
vt 0.625000 0.688397
vt 1.000000 0.500000
vt 0.710369 0.630466
vt 0.050000 0.500000
vt 0.688028 0.630274
vt 0.775000 0.900000
vt 0.625000 0.692272
vt 0.275000 -0.000000
vt 0.275000 1.000000
vt 0.625000 0.689922
vt 0.050000 0.500000
vt 0.710369 0.630466
vt 0.275000 0.100000
vt 0.625000 0.689021
vt 0.275000 0.600000
vt 0.625000 0.699072
vt 0.275000 0.551690
vt 0.625000 0.698581
vt 0.275000 0.500000
vt 0.625000 0.698056
vt 0.275000 0.900000
vt 0.625000 0.692279
vt 0.025000 0.696572
vt 0.721093 0.625000
vt 0.050000 0.699149
vt 0.720381 0.630559
vt 0.050000 0.600000
vt 0.716890 0.630655
vt 0.275000 0.800000
vt 0.625000 0.695192
vt 0.775000 0.600000
vt 0.625000 0.698443
vt 0.775000 0.545370
vt 0.625000 0.697951
vt 0.025000 0.696572
vt 0.721093 0.625000
vt 0.775000 0.700000
vt 0.625000 0.698050
vt 0.775000 0.600000
vt 0.625000 0.699067
vt 0.275000 0.300000
vt 0.625000 0.692277
vt 0.775000 0.154630
vt 0.625000 0.689508
vt 0.775000 0.200000
vt 0.625000 0.689916
vt 0.275000 0.154630
vt 0.625000 0.689513
vt 0.775000 0.500000
vt 0.625000 0.698051
vt 0.775000 0.300000
vt 0.625000 0.692273
vt 0.275000 0.200000
vt 0.625000 0.689921
vt 0.775000 0.800000
vt 0.625000 0.695386
vt 0.775000 0.551690
vt 0.625000 0.698576
vt 0.275000 0.545370
vt 0.625000 0.697956
vt 0.625000 0.627243
vt 0.625000 0.687500
vt 0.625000 0.622757
vt 0.625000 0.687500
vt 0.875000 0.627374
vt 0.625000 0.122626
vt 0.625000 0.687500
vt 0.875000 0.622626
vt 0.625000 0.127374
vt 0.625000 0.687500
vt 0.125000 0.627374
vt 0.375000 0.122626
vt 0.625000 0.687500
vt 0.125000 0.622626
vt 0.375000 0.127374
vt 0.625000 0.687500
vt 0.375000 0.627243
vt 0.625000 0.687500
vt 0.375000 0.622757
vt 0.625000 0.687500
s 0
usemtl body
f 61/92/17 62/93/17 72/104/17 71/103/17
f 62/93/18 63/94/18 73/105/18 72/104/18
f 63/94/19 64/95/19 74/106/19 73/105/19
f 64/95/20 65/96/20 75/107/20 74/106/20
f 65/97/21 66/98/21 76/109/21 75/108/21
f 66/98/22 67/99/22 77/110/22 76/109/22
f 67/99/23 68/100/23 78/111/23 77/110/23
f 68/100/24 69/101/24 79/112/24 78/111/24
f 69/101/25 70/102/25 80/113/25 79/112/25
f 70/102/26 61/92/26 71/103/26 80/113/26
f 71/103/27 72/104/27 82/115/27 81/114/27
f 72/104/28 73/105/28 83/116/28 82/115/28
f 73/105/29 74/106/29 84/117/29 83/116/29
f 74/106/30 75/107/30 85/118/30 84/117/30
f 75/108/31 76/109/31 86/120/31 85/119/31
f 76/109/32 77/110/32 87/121/32 86/120/32
f 77/110/33 78/111/33 88/122/33 87/121/33
f 78/111/34 79/112/34 89/123/34 88/122/34
f 79/112/35 80/113/35 90/124/35 89/123/35
f 80/113/36 71/103/36 81/114/36 90/124/36
f 81/114/37 82/115/37 92/126/37 91/125/37
f 82/115/38 83/116/38 93/127/38 92/126/38
f 83/116/29 84/117/29 94/128/29 93/127/29
f 84/117/39 85/118/39 95/129/39 94/128/39
f 85/119/40 86/120/40 96/131/40 95/130/40
f 86/120/41 87/121/41 97/132/41 96/131/41
f 87/121/42 88/122/42 98/133/42 97/132/42
f 88/122/34 89/123/34 99/134/34 98/133/34
f 89/123/43 90/124/43 100/135/43 99/134/43
f 90/124/44 81/114/44 91/125/44 100/135/44
f 91/125/45 92/126/45 102/137/45 101/136/45
f 92/126/46 93/127/46 103/138/46 102/137/46
f 93/127/29 94/128/29 104/139/29 103/138/29
f 94/128/47 95/129/47 105/140/47 104/139/47
f 95/130/48 96/131/48 106/142/48 105/141/48
f 96/131/49 97/132/49 107/143/49 106/142/49
f 97/132/50 98/133/50 108/144/50 107/143/50
f 98/133/34 99/134/34 109/145/34 108/144/34
f 99/134/51 100/135/51 110/146/51 109/145/51
f 100/135/52 91/125/52 101/136/52 110/146/52
f 101/136/53 102/137/53 112/148/53 111/147/53
f 102/137/54 103/138/54 113/149/54 112/148/54
f 103/138/29 104/139/29 114/150/29 113/149/29
f 104/139/55 105/140/55 115/151/55 114/150/55
f 105/141/56 106/142/56 116/153/56 115/152/56
f 106/142/57 107/143/57 117/154/57 116/153/57
f 107/143/58 108/144/58 118/155/58 117/154/58
f 108/144/34 109/145/34 119/156/34 118/155/34
f 109/145/59 110/146/59 120/157/59 119/156/59
f 110/146/60 101/136/60 111/147/60 120/157/60
f 111/147/61 112/148/61 122/159/61 121/158/61
f 112/148/62 113/149/62 123/160/62 122/159/62
f 113/149/29 114/150/29 124/161/29 123/160/29
f 114/150/63 115/151/63 125/162/63 124/161/63
f 115/152/64 116/153/64 126/164/64 125/163/64
f 116/153/65 117/154/65 127/165/65 126/164/65
f 117/154/66 118/155/66 128/166/66 127/165/66
f 118/155/34 119/156/34 129/167/34 128/166/34
f 119/156/67 120/157/67 130/168/67 129/167/67
f 120/157/68 111/147/68 121/158/68 130/168/68
f 121/158/69 122/159/69 132/170/69 131/169/69
f 122/159/70 123/160/70 133/171/70 132/170/70
f 123/160/29 124/161/29 134/172/29 133/171/29
f 124/161/71 125/162/71 135/173/71 134/172/71
f 125/163/72 126/164/72 136/175/72 135/174/72
f 126/164/73 127/165/73 137/176/73 136/175/73
f 127/165/74 128/166/74 138/177/74 137/176/74
f 128/166/34 129/167/34 139/178/34 138/177/34
f 129/167/75 130/168/75 140/179/75 139/178/75
f 130/168/76 121/158/76 131/169/76 140/179/76
f 131/169/77 132/170/77 142/181/77 141/180/77
f 132/170/78 133/171/78 143/182/78 142/181/78
f 133/171/29 134/172/29 144/183/29 143/182/29
f 134/172/79 135/173/79 145/184/79 144/183/79
f 135/174/80 136/175/80 146/186/80 145/185/80
f 136/175/81 137/176/81 147/187/81 146/186/81
f 137/176/82 138/177/82 148/188/82 147/187/82
f 138/177/34 139/178/34 149/189/34 148/188/34
f 139/178/83 140/179/83 150/190/83 149/189/83
f 140/179/84 131/169/84 141/180/84 150/190/84
f 141/180/85 142/181/85 152/193/85 151/191/85
f 142/181/86 143/182/86 153/195/86 152/193/86
f 143/182/29 144/183/29 154/197/29 153/195/29
f 144/183/87 145/184/87 155/199/87 154/197/87
f 145/185/88 146/186/88 156/203/88 155/200/88
f 146/186/89 147/187/89 157/205/89 156/203/89
f 147/187/90 148/188/90 158/207/90 157/205/90
f 148/188/34 149/189/34 159/209/34 158/207/34
f 149/189/91 150/190/91 160/211/91 159/209/91
f 150/190/92 141/180/92 151/191/92 160/211/92
f 151/192/93 152/194/93 162/214/93 161/213/93
f 152/194/94 153/196/94 163/215/94 162/214/94
f 153/196/29 154/198/29 164/216/29 163/215/29
f 154/198/95 155/201/95 165/217/95 164/216/95
f 155/202/96 156/204/96 166/219/96 165/218/96
f 156/204/97 157/206/97 167/220/97 166/219/97
f 157/206/98 158/208/98 168/221/98 167/220/98
f 158/208/34 159/210/34 169/222/34 168/221/34
f 159/210/99 160/212/99 170/223/99 169/222/99
f 160/212/100 151/192/100 161/213/100 170/223/100
f 161/213/101 162/214/101 172/225/101 171/224/101
f 162/214/102 163/215/102 173/226/102 172/225/102
f 163/215/29 164/216/29 174/227/29 173/226/29
f 164/216/103 165/217/103 175/228/103 174/227/103
f 165/218/104 166/219/104 176/230/104 175/229/104
f 166/219/105 167/220/105 177/231/105 176/230/105
f 167/220/106 168/221/106 178/232/106 177/231/106
f 168/221/34 169/222/34 179/233/34 178/232/34
f 169/222/107 170/223/107 180/234/107 179/233/107
f 170/223/108 161/213/108 171/224/108 180/234/108
f 171/224/109 172/225/109 182/236/109 181/235/109
f 172/225/110 173/226/110 183/237/110 182/236/110
f 173/226/29 174/227/29 184/238/29 183/237/29
f 174/227/111 175/228/111 185/239/111 184/238/111
f 175/229/112 176/230/112 186/241/112 185/240/112
f 176/230/113 177/231/113 187/242/113 186/241/113
f 177/231/114 178/232/114 188/243/114 187/242/114
f 178/232/34 179/233/34 189/244/34 188/243/34
f 179/233/115 180/234/115 190/245/115 189/244/115
f 180/234/116 171/224/116 181/235/116 190/245/116
f 181/235/117 182/236/117 192/247/117 191/246/117
f 182/236/118 183/237/118 193/248/118 192/247/118
f 183/237/29 184/238/29 194/249/29 193/248/29
f 184/238/119 185/239/119 195/250/119 194/249/119
f 185/240/120 186/241/120 196/252/120 195/251/120
f 186/241/121 187/242/121 197/253/121 196/252/121
f 187/242/122 188/243/122 198/254/122 197/253/122
f 188/243/34 189/244/34 199/255/34 198/254/34
f 189/244/123 190/245/123 200/256/123 199/255/123
f 190/245/124 181/235/124 191/246/124 200/256/124
f 191/246/125 192/247/125 202/258/125 201/257/125
f 192/247/126 193/248/126 203/259/126 202/258/126
f 193/248/29 194/249/29 204/260/29 203/259/29
f 194/249/127 195/250/127 205/261/127 204/260/127
f 195/251/128 196/252/128 206/263/128 205/262/128
f 196/252/129 197/253/129 207/264/129 206/263/129
f 197/253/130 198/254/130 208/265/130 207/264/130
f 198/254/34 199/255/34 209/266/34 208/265/34
f 199/255/131 200/256/131 210/267/131 209/266/131
f 200/256/132 191/246/132 201/257/132 210/267/132
f 201/257/133 202/258/133 212/269/133 211/268/133
f 202/258/134 203/259/134 213/270/134 212/269/134
f 203/259/29 204/260/29 214/271/29 213/270/29
f 204/260/135 205/261/135 215/272/135 214/271/135
f 205/262/136 206/263/136 216/274/136 215/273/136
f 206/263/137 207/264/137 217/275/137 216/274/137
f 207/264/138 208/265/138 218/276/138 217/275/138
f 208/265/34 209/266/34 219/277/34 218/276/34
f 209/266/139 210/267/139 220/278/139 219/277/139
f 210/267/140 201/257/140 211/268/140 220/278/140
f 211/268/141 212/269/141 222/280/141 221/279/141
f 212/269/142 213/270/142 223/281/142 222/280/142
f 213/270/29 214/271/29 224/282/29 223/281/29
f 214/271/143 215/272/143 225/283/143 224/282/143
f 215/273/144 216/274/144 226/285/144 225/284/144
f 216/274/145 217/275/145 227/286/145 226/285/145
f 217/275/146 218/276/146 228/287/146 227/286/146
f 218/276/34 219/277/34 229/288/34 228/287/34
f 219/277/147 220/278/147 230/289/147 229/288/147
f 220/278/148 211/268/148 221/279/148 230/289/148
f 221/279/149 222/280/149 232/291/149 231/290/149
f 222/280/150 223/281/150 233/292/150 232/291/150
f 223/281/29 224/282/29 234/293/29 233/292/29
f 224/282/151 225/283/151 235/294/151 234/293/151
f 225/284/152 226/285/152 236/296/152 235/295/152
f 226/285/153 227/286/153 237/297/153 236/296/153
f 227/286/154 228/287/154 238/298/154 237/297/154
f 228/287/34 229/288/34 239/299/34 238/298/34
f 229/288/155 230/289/155 240/300/155 239/299/155
f 230/289/156 221/279/156 231/290/156 240/300/156
f 231/290/157 232/291/157 242/302/157 241/301/157
f 232/291/158 233/292/158 243/303/158 242/302/158
f 233/292/29 234/293/29 244/304/29 243/303/29
f 234/293/159 235/294/159 245/305/159 244/304/159
f 235/295/160 236/296/160 246/307/160 245/306/160
f 236/296/161 237/297/161 247/308/161 246/307/161
f 237/297/162 238/298/162 248/309/162 247/308/162
f 238/298/34 239/299/34 249/310/34 248/309/34
f 239/299/163 240/300/163 250/311/163 249/310/163
f 240/300/164 231/290/164 241/301/164 250/311/164
f 241/301/165 242/302/165 252/313/165 251/312/165
f 242/302/166 243/303/166 253/314/166 252/313/166
f 243/303/29 244/304/29 254/315/29 253/314/29
f 244/304/167 245/305/167 255/316/167 254/315/167
f 245/306/168 246/307/168 256/318/168 255/317/168
f 246/307/169 247/308/169 257/319/169 256/318/169
f 247/308/170 248/309/170 258/320/170 257/319/170
f 248/309/34 249/310/34 259/321/34 258/320/34
f 249/310/171 250/311/171 260/322/171 259/321/171
f 250/311/172 241/301/172 251/312/172 260/322/172
f 251/312/173 252/313/173 262/324/173 261/323/173
f 252/313/174 253/314/174 263/325/174 262/324/174
f 253/314/175 254/315/175 264/326/175 263/325/175
f 254/315/176 255/316/176 265/327/176 264/326/176
f 255/317/177 256/318/177 266/329/177 265/328/177
f 256/318/178 257/319/178 267/330/178 266/329/178
f 257/319/179 258/320/179 268/331/179 267/330/179
f 258/320/180 259/321/180 269/332/180 268/331/180
f 259/321/181 260/322/181 270/333/181 269/332/181
f 260/322/182 251/312/182 261/323/182 270/333/182
f 360/439/183 431/519/183 462/553/183 420/507/183
f 420/507/184 462/553/184 295/361/184 445/533/184
f 445/533/185 295/361/185 296/362/185 461/552/185
f 461/552/186 296/362/186 297/363/186 292/357/186
f 292/358/187 297/364/187 367/446/187 293/359/187
f 293/359/188 367/446/188 397/477/188 294/360/188
f 294/360/189 397/477/189 421/508/189 364/443/189
f 364/443/190 421/508/190 446/534/190 396/476/190
f 396/476/191 446/534/191 432/520/191 361/440/191
f 361/440/192 432/520/192 431/519/192 360/439/192
f 431/519/193 299/366/193 300/367/193 462/553/193
f 462/553/194 300/367/194 301/368/194 295/361/194
f 295/361/195 301/368/195 368/447/195 296/362/195
f 296/362/196 368/447/196 398/478/196 297/363/196
f 297/364/197 398/479/197 422/509/197 367/446/197
f 367/446/198 422/509/198 447/535/198 397/477/198
f 397/477/199 447/535/199 463/554/199 421/508/199
f 421/508/200 463/554/200 302/369/200 446/534/200
f 446/534/201 302/369/201 303/370/201 432/520/201
f 432/520/202 303/370/202 299/366/202 431/519/202
f 299/366/203 304/371/203 369/448/203 300/367/203
f 300/367/204 369/448/204 399/480/204 301/368/204
f 301/368/205 399/480/205 423/510/205 368/447/205
f 368/447/206 423/510/206 448/536/206 398/478/206
f 398/479/207 448/537/207 464/555/207 422/509/207
f 422/509/208 464/555/208 305/372/208 447/535/208
f 447/535/209 305/372/209 306/373/209 463/554/209
f 463/554/210 306/373/210 307/374/210 302/369/210
f 302/369/211 307/374/211 331/406/211 303/370/211
f 303/370/212 331/406/212 304/371/212 299/366/212
f 304/371/213 400/481/213 424/511/213 369/448/213
f 369/448/214 424/511/214 449/538/214 399/480/214
f 399/480/215 449/538/215 465/556/215 423/510/215
f 423/510/216 465/556/216 310/377/216 448/536/216
f 448/537/217 310/378/217 311/379/217 464/555/217
f 464/555/218 311/379/218 312/380/218 305/372/218
f 305/372/219 312/380/219 372/451/219 306/373/219
f 306/373/220 372/451/220 401/482/220 307/374/220
f 307/374/221 401/482/221 419/506/221 331/406/221
f 331/406/222 419/506/222 400/481/222 304/371/222
f 400/481/223 450/539/223 466/557/223 424/511/223
f 424/511/224 466/557/224 313/381/224 449/538/224
f 449/538/225 313/381/225 314/382/225 465/556/225
f 465/556/226 314/382/226 315/383/226 310/377/226
f 310/378/227 315/384/227 373/452/227 311/379/227
f 311/379/228 373/452/228 402/483/228 312/380/228
f 312/380/229 402/483/229 426/513/229 372/451/229
f 372/451/230 426/513/230 451/540/230 401/482/230
f 401/482/231 451/540/231 467/558/231 419/506/231
f 419/506/232 467/558/232 450/539/232 400/481/232
f 450/539/233 289/354/233 316/385/233 466/557/233
f 466/557/234 316/385/234 317/386/234 313/381/234
f 313/381/235 317/386/235 374/453/235 314/382/235
f 314/382/236 374/453/236 403/484/236 315/383/236
f 315/384/237 403/485/237 427/514/237 373/452/237
f 373/452/238 427/514/238 452/541/238 402/483/238
f 402/483/239 452/541/239 468/559/239 426/513/239
f 426/513/240 468/559/240 318/387/240 451/540/240
f 451/540/241 318/387/241 290/355/241 467/558/241
f 467/558/242 290/355/242 289/354/242 450/539/242
f 289/354/243 319/388/243 377/456/243 316/385/243
f 316/385/244 377/456/244 405/488/244 317/386/244
f 317/386/245 405/488/245 428/515/245 374/453/245
f 374/453/246 428/515/246 453/542/246 403/484/246
f 403/485/247 453/543/247 469/560/247 427/514/247
f 427/514/248 469/560/248 320/389/248 452/541/248
f 452/541/249 320/389/249 321/390/249 468/559/249
f 468/559/250 321/390/250 322/391/250 318/387/250
f 318/387/251 322/391/251 378/457/251 290/355/251
f 290/355/252 378/457/252 319/388/252 289/354/252
f 319/388/253 406/489/253 429/516/253 377/456/253
f 377/456/254 429/516/254 454/544/254 405/488/254
f 405/488/255 454/544/255 470/561/255 428/515/255
f 428/515/256 470/561/256 323/392/256 453/542/256
f 453/543/257 323/393/257 324/394/257 469/560/257
f 469/560/258 324/394/258 325/395/258 320/389/258
f 320/389/259 325/395/259 379/458/259 321/390/259
f 321/390/260 379/458/260 407/490/260 322/391/260
f 322/391/261 407/490/261 412/497/261 378/457/261
f 378/457/262 412/497/262 406/489/262 319/388/262
f 406/489/263 455/545/263 471/563/263 429/516/263
f 429/516/264 471/563/264 326/396/264 454/544/264
f 454/544/265 326/396/265 327/398/265 470/561/265
f 470/561/266 327/398/266 328/400/266 323/392/266
f 323/393/267 328/401/267 380/459/267 324/394/267
f 324/394/268 380/459/268 408/491/268 325/395/268
f 325/395/269 408/491/269 430/517/269 379/458/269
f 379/458/270 430/517/270 564/664/270 407/490/270
f 407/490/271 564/664/271 565/666/271 412/497/271
f 412/497/272 565/666/272 455/545/272 406/489/272
f 603/711/12 595/702/12 618/731/12 621/734/12
f 471/562/273 329/404/273 330/405/273 326/397/273
f 326/397/274 330/405/274 381/461/274 327/399/274
f 327/399/275 381/461/275 409/493/275 328/402/275
f 328/403/276 409/494/276 433/521/276 380/460/276
f 380/460/277 433/521/277 457/547/277 408/492/277
f 408/492/278 457/547/278 473/565/278 430/518/278
f 430/518/279 473/565/279 332/407/279 564/665/279
f 456/546/280 560/660/280 562/662/280 472/564/280
f 329/404/281 471/562/281 571/673/281 566/668/281
f 595/702/12 587/693/12 616/728/12 618/731/12
f 329/404/282 382/462/282 410/495/282 330/405/282
f 330/405/283 410/495/283 434/522/283 381/461/283
f 381/461/284 434/522/284 458/548/284 409/493/284
f 409/494/285 458/549/285 474/566/285 433/521/285
f 433/521/286 474/566/286 335/410/286 457/547/286
f 457/547/287 335/410/287 336/411/287 473/565/287
f 473/565/288 336/411/288 561/661/288 332/407/288
f 560/660/289 337/412/289 384/464/289 562/662/289
f 382/462/290 329/404/290 566/668/290 568/670/290
f 334/409/291 411/496/291 435/523/291 382/462/291
f 382/462/292 435/523/292 475/567/292 410/495/292
f 410/495/293 475/567/293 476/568/293 434/522/293
f 434/522/294 476/568/294 338/413/294 458/548/294
f 458/549/295 338/414/295 339/415/295 474/566/295
f 474/566/296 339/415/296 340/416/296 335/410/296
f 335/410/297 340/416/297 385/465/297 336/411/297
f 336/411/298 385/465/298 413/498/298 561/661/298
f 561/661/299 413/498/299 437/525/299 563/663/299
f 563/663/300 437/525/300 411/496/300 334/409/300
f 411/496/301 375/454/301 477/569/301 435/523/301
f 435/523/302 477/569/302 341/417/302 475/567/302
f 475/567/303 341/417/303 342/418/303 476/568/303
f 476/568/304 342/418/304 343/419/304 338/413/304
f 338/414/305 343/420/305 386/466/305 339/415/305
f 339/415/306 386/466/306 414/499/306 340/416/306
f 340/416/307 414/499/307 438/526/307 385/465/307
f 385/465/308 438/526/308 459/550/308 413/498/308
f 413/498/309 459/550/309 376/455/309 437/525/309
f 437/525/310 376/455/310 375/454/310 411/496/310
f 375/454/311 344/421/311 345/422/311 477/569/311
f 477/569/312 345/422/312 346/423/312 341/417/312
f 341/417/313 346/423/313 387/467/313 342/418/313
f 342/418/314 387/467/314 415/500/314 343/419/314
f 343/420/315 415/501/315 439/527/315 386/466/315
f 386/466/316 439/527/316 460/551/316 414/499/316
f 414/499/317 460/551/317 478/570/317 438/526/317
f 438/526/318 478/570/318 348/425/318 459/550/318
f 459/550/319 348/425/319 273/336/319 376/455/319
f 376/455/320 273/336/320 344/421/320 375/454/320
f 344/421/321 349/426/321 388/468/321 345/422/321
f 345/422/322 388/468/322 351/428/322 346/423/322
f 346/423/323 351/428/323 440/528/323 387/467/323
f 387/467/324 440/528/324 418/504/324 415/500/324
f 415/501/325 418/505/325 479/571/325 439/527/325
f 439/527/326 479/571/326 350/427/326 460/551/326
f 460/551/327 350/427/327 271/334/327 478/570/327
f 478/570/328 271/334/328 272/335/328 348/425/328
f 348/425/329 272/335/329 274/337/329 273/336/329
f 273/336/330 274/337/330 349/426/330 344/421/330
f 349/426/331 365/444/331 389/469/331 388/468/331
f 388/468/332 389/469/332 352/429/332 351/428/332
f 351/428/333 352/429/333 441/529/333 440/528/333
f 440/528/334 441/529/334 353/430/334 418/504/334
f 418/505/335 353/431/335 276/339/335 479/571/335
f 479/571/336 276/339/336 298/365/336 350/427/336
f 350/427/337 298/365/337 275/338/337 271/334/337
f 271/334/338 275/338/338 383/463/338 272/335/338
f 272/335/339 383/463/339 390/470/339 274/337/339
f 274/337/340 390/470/340 365/444/340 349/426/340
f 365/444/341 366/445/341 442/530/341 389/469/341
f 389/469/342 442/530/342 354/432/342 352/429/342
f 352/429/343 354/432/343 278/341/343 441/529/343
f 441/529/344 278/341/344 282/345/344 353/430/344
f 353/431/345 282/346/345 277/340/345 276/339/345
f 276/339/346 277/340/346 416/502/346 298/365/346
f 298/365/347 416/502/347 370/449/347 275/338/347
f 275/338/348 370/449/348 371/450/348 383/463/348
f 383/463/349 371/450/349 436/524/349 390/470/349
f 390/470/350 436/524/350 366/445/350 365/444/350
f 366/445/351 355/433/351 280/343/351 442/530/351
f 442/530/352 280/343/352 308/375/352 354/432/352
f 354/432/353 308/375/353 279/342/353 278/341/353
f 278/341/354 279/342/354 283/347/354 282/345/354
f 282/346/355 283/348/355 391/471/355 277/340/355
f 277/340/356 391/471/356 425/512/356 416/502/356
f 416/502/357 425/512/357 443/531/357 370/449/357
f 370/449/358 443/531/358 356/434/358 371/450/358
f 371/450/359 356/434/359 284/349/359 436/524/359
f 436/524/360 284/349/360 355/433/360 366/445/360
f 355/433/361 291/356/361 281/344/361 280/343/361
f 280/343/362 281/344/362 309/376/362 308/375/362
f 308/375/363 309/376/363 392/472/363 279/342/363
f 279/342/364 392/472/364 404/486/364 283/347/364
f 283/348/365 404/487/365 444/532/365 391/471/365
f 391/471/366 444/532/366 357/435/366 425/512/366
f 425/512/367 357/435/367 286/351/367 443/531/367
f 443/531/368 286/351/368 362/441/368 356/434/368
f 356/434/369 362/441/369 285/350/369 284/349/369
f 284/349/370 285/350/370 291/356/370 355/433/370
f 291/356/371 347/424/371 393/473/371 281/344/371
f 281/344/372 393/473/372 417/503/372 309/376/372
f 309/376/373 417/503/373 395/475/373 392/472/373
f 392/472/374 395/475/374 358/437/374 404/486/374
f 404/487/375 358/436/375 288/353/375 444/532/375
f 444/532/376 288/353/376 359/438/376 357/435/376
f 357/435/377 359/438/377 287/352/377 286/351/377
f 286/351/378 287/352/378 363/442/378 362/441/378
f 362/441/379 363/442/379 394/474/379 285/350/379
f 285/350/380 394/474/380 347/424/380 291/356/380
f 395/475/381 417/503/381 516/612/381 514/610/381
f 363/442/382 287/352/382 500/594/382 510/606/382
f 364/443/383 396/476/383 515/611/383 511/607/383
f 262/324/384 263/325/384 492/585/384 491/584/384
f 347/424/385 394/474/385 513/609/385 505/600/385
f 264/326/386 265/327/386 494/588/386 493/586/386
f 288/353/387 358/436/387 506/601/387 501/595/387
f 445/533/388 461/552/388 519/615/388 518/614/388
f 62/93/389 61/92/389 480/572/389 481/573/389
f 359/438/390 288/353/390 501/595/390 507/603/390
f 70/102/391 69/101/391 488/581/391 489/582/391
f 461/552/392 292/357/392 502/597/392 519/615/392
f 68/100/393 67/99/393 486/579/393 487/580/393
f 393/473/394 347/424/394 505/600/394 512/608/394
f 361/440/395 360/439/395 508/604/395 509/605/395
f 267/330/391 268/331/391 497/591/391 496/590/391
f 292/358/396 293/359/396 503/598/396 502/596/396
f 394/474/397 363/442/397 510/606/397 513/609/397
f 263/325/398 264/326/398 493/586/398 492/585/398
f 420/507/399 445/533/399 518/614/399 517/613/399
f 293/359/400 294/360/400 504/599/400 503/598/400
f 69/101/401 68/100/401 487/580/401 488/581/401
f 268/331/401 269/332/401 498/592/401 497/591/401
f 270/333/402 261/323/402 490/583/402 499/593/402
f 265/328/389 266/329/389 495/589/389 494/587/389
f 64/95/398 63/94/398 482/574/398 483/575/398
f 266/329/403 267/330/403 496/590/403 495/589/403
f 65/96/384 64/95/384 483/575/384 484/577/384
f 417/503/404 393/473/404 512/608/404 516/612/404
f 261/323/405 262/324/405 491/584/405 490/583/405
f 61/92/403 70/102/403 489/582/403 480/572/403
f 358/437/406 395/475/406 514/610/406 506/602/406
f 66/98/405 65/97/405 484/576/405 485/578/405
f 269/332/393 270/333/393 499/593/393 498/592/393
f 360/439/407 420/507/407 517/613/407 508/604/407
f 63/94/386 62/93/386 481/573/386 482/574/386
f 67/99/402 66/98/402 485/578/402 486/579/402
f 396/476/408 361/440/408 509/605/408 515/611/408
f 294/360/409 364/443/409 511/607/409 504/599/409
f 287/352/410 359/438/410 507/603/410 500/594/410
f 491/584/411 492/585/411 532/629/411 531/628/411
f 496/590/412 497/591/412 537/635/412 536/634/412
f 517/613/413 518/614/413 558/658/413 557/657/413
f 502/596/414 503/598/414 543/642/414 542/640/414
f 488/581/415 487/580/415 527/624/415 528/625/415
f 518/614/416 519/615/416 559/659/416 558/658/416
f 501/595/417 506/601/417 546/645/417 541/639/417
f 499/593/418 490/583/418 530/627/418 539/637/418
f 514/610/419 516/612/419 556/656/419 554/654/419
f 509/605/420 508/604/420 548/648/420 549/649/420
f 481/573/421 480/572/421 520/616/421 521/617/421
f 510/606/422 500/594/422 540/638/422 550/650/422
f 503/598/423 504/599/423 544/643/423 543/642/423
f 489/582/412 488/581/412 528/625/412 529/626/412
f 519/615/424 502/597/424 542/641/424 559/659/424
f 506/602/425 514/610/425 554/654/425 546/646/425
f 490/583/426 491/584/426 531/628/426 530/627/426
f 507/603/427 501/595/427 541/639/427 547/647/427
f 504/599/428 511/607/428 551/651/428 544/643/428
f 498/592/429 499/593/429 539/637/429 538/636/429
f 516/612/430 512/608/430 552/652/430 556/656/430
f 500/594/431 507/603/431 547/647/431 540/638/431
f 482/574/432 481/573/432 521/617/432 522/618/432
f 485/578/426 484/576/426 524/620/426 525/622/426
f 511/607/433 515/611/433 555/655/433 551/651/433
f 483/575/434 482/574/434 522/618/434 523/619/434
f 494/587/421 495/589/421 535/633/421 534/631/421
f 505/600/435 513/609/435 553/653/435 545/644/435
f 492/585/434 493/586/434 533/630/434 532/629/434
f 480/572/436 489/582/436 529/626/436 520/616/436
f 508/604/437 517/613/437 557/657/437 548/648/437
f 497/591/415 498/592/415 538/636/415 537/635/415
f 486/579/418 485/578/418 525/622/418 526/623/418
f 515/611/438 509/605/438 549/649/438 555/655/438
f 484/577/411 483/575/411 523/619/411 524/621/411
f 493/586/432 494/588/432 534/632/432 533/630/432
f 512/608/439 505/600/439 545/644/439 552/652/439
f 495/589/436 496/590/436 536/634/436 535/633/436
f 487/580/429 486/579/429 526/623/429 527/624/429
f 513/609/440 510/606/440 550/650/440 553/653/440
f 337/412/441 560/660/441 332/407/441 561/661/441
f 562/662/442 384/464/442 563/663/442 333/408/442
f 384/464/443 337/412/443 561/661/443 563/663/443
f 456/546/444 472/564/444 565/667/444 564/665/444
f 560/660/445 456/546/445 564/665/445 332/407/445
f 472/564/446 562/662/446 333/408/446 565/667/446
f 566/668/447 571/673/447 578/681/447 573/676/447
f 570/672/448 572/675/448 579/683/448 577/680/448
f 568/670/449 566/668/449 573/676/449 575/678/449
f 567/669/450 568/670/450 575/678/450 574/677/450
f 563/663/451 334/409/451 567/669/451 569/671/451
f 455/545/452 565/666/452 572/675/452 570/672/452
f 471/563/453 455/545/453 570/672/453 571/674/453
f 334/409/454 382/462/454 568/670/454 567/669/454
f 575/678/455 573/676/455 580/684/455 582/686/455
f 574/677/456 575/678/456 582/686/456 581/685/456
f 576/679/457 574/677/457 581/685/457 584/689/457
f 571/674/458 570/672/458 577/680/458 578/682/458
f 572/675/459 565/666/459 608/718/459 607/716/459
f 584/689/14 592/698/14 620/733/14 613/724/14
f 569/671/460 567/669/460 574/677/460 576/679/460
f 581/685/461 582/686/461 590/696/461 589/695/461
f 584/689/462 581/685/462 589/695/462 592/698/462
f 333/408/463 563/663/463 610/720/463 609/719/463
f 577/680/464 579/683/464 587/693/464 585/690/464
f 573/676/465 578/681/465 586/691/465 580/684/465
f 578/682/466 577/680/466 585/690/466 586/692/466
f 565/667/467 333/408/467 609/719/467 608/717/467
f 592/698/14 600/707/14 622/735/14 620/733/14
f 594/701/468 593/699/468 601/708/468 602/710/468
f 588/694/469 594/700/469 602/709/469 596/703/469
f 593/699/470 595/702/470 603/711/470 601/708/470
f 582/686/471 580/684/471 588/694/471 590/696/471
f 585/690/472 587/693/472 595/702/472 593/699/472
f 580/684/473 586/691/473 594/700/473 588/694/473
f 586/692/474 585/690/474 593/699/474 594/701/474
f 598/705/475 596/703/475 604/712/475 605/713/475
f 592/698/476 589/695/476 597/704/476 600/707/476
f 589/695/477 590/696/477 598/705/477 597/704/477
f 590/696/478 588/694/478 596/703/478 598/705/478
f 596/703/479 602/709/479 606/714/479 604/712/479
f 576/679/14 584/689/14 613/724/14 614/725/14
f 612/723/14 614/725/14 631/747/14 629/745/14
f 611/722/12 607/716/12 623/737/12 628/743/12
f 611/721/480 615/726/480 617/729/480 616/727/480
f 615/726/481 611/721/481 628/744/481 630/746/481
f 608/717/482 609/719/482 625/740/482 624/738/482
f 616/727/483 617/729/483 619/732/483 618/730/483
f 617/729/484 613/724/484 620/733/484 619/732/484
f 615/726/485 614/725/485 613/724/485 617/729/485
f 563/663/486 569/671/486 612/723/486 610/720/486
f 587/693/12 579/683/12 611/722/12 616/728/12
f 579/683/12 572/675/12 607/716/12 611/722/12
f 569/671/14 576/679/14 614/725/14 612/723/14
f 618/730/487 619/732/487 599/706/487 583/688/487
f 619/732/488 620/733/488 591/697/488 599/706/488
f 625/740/489 627/742/489 629/745/489 626/741/489
f 624/738/490 625/740/490 626/741/490 623/736/490
f 626/741/491 629/745/491 631/747/491 630/746/491
f 623/736/492 626/741/492 630/746/492 628/744/492
f 609/719/493 610/720/493 627/742/493 625/740/493
f 607/716/494 608/718/494 624/739/494 623/737/494
f 614/725/495 615/726/495 630/746/495 631/747/495
f 610/720/496 612/723/496 629/745/496 627/742/496
f 1604/2030/498 1621/2051/498 716/921/498 728/948/498
f 1593/2018/499 744/968/499 715/920/499 1589/2013/499
f 729/949/14 715/920/14 747/971/14 1551/1975/14
f 728/948/500 716/921/500 719/928/500 730/951/500
f 732/954/11 733/955/11 725/941/11 723/937/11
f 733/955/12 724/938/12 726/942/12 734/957/12
f 730/950/502 719/930/502 727/946/502 734/956/502
f 731/953/14 721/934/14 1581/2005/14 1582/2006/14
f 718/925/11 730/950/11 734/956/11 726/943/11
f 725/941/12 733/955/12 734/957/12 727/947/12
f 721/933/14 731/952/14 732/954/14 723/937/14
f 717/923/503 728/948/503 730/951/503 718/926/503
f 1610/2037/504 1604/2030/504 728/948/504 717/923/504
f 774/1006/505 720/931/505 736/960/505 735/958/505
f 722/935/505 724/939/505 738/962/505 737/961/505
f 722/935/506 737/961/506 736/960/506 720/931/506
f 773/1004/13 787/1030/13 745/969/13 744/968/13
f 787/1030/13 771/1002/13 742/966/13 745/969/13
f 1590/2015/499 773/1004/499 744/968/499 1593/2018/499
f 751/975/14 744/968/14 988/1297/14 991/1302/14
f 1283/1620/12 1282/1619/12 754/979/12 756/981/12
f 744/968/12 745/969/12 750/974/12 751/975/12
f 715/920/16 744/968/16 751/975/16 747/971/16
f 714/919/14 729/949/14 1551/1975/14 1550/1974/14
f 745/969/12 742/966/12 748/972/12 750/974/12
f 1259/1594/507 1254/1589/507 762/987/507 763/988/507
f 1286/1623/508 752/977/508 1569/1993/508 1562/1986/508
f 1554/1978/509 1285/1622/509 753/978/509 1553/1977/509
f 1284/1621/12 1283/1620/12 756/981/12 757/982/12
f 1293/1631/15 1555/1979/15 1552/1976/15 1170/1499/15
f 1071/1394/510 1070/1393/510 973/1282/510 970/1279/510
f 822/1069/511 823/1070/511 1397/1740/511 1396/1739/511
f 1254/1589/512 1260/1595/512 760/985/512 762/987/512
f 1255/1590/514 1256/1591/514 758/983/514 761/986/514
f 1256/1591/515 1261/1596/515 759/984/515 758/983/515
f 1607/2033/516 784/1026/516 766/991/516 1622/2053/516
f 1598/2024/499 1596/2021/499 765/990/499 804/1050/499
f 785/1027/12 1557/1981/12 807/1053/12 765/990/12
f 784/1026/517 786/1029/517 769/998/517 766/991/517
f 789/1033/11 779/1015/11 781/1019/11 790/1034/11
f 790/1034/14 791/1036/14 782/1020/14 780/1016/14
f 786/1028/502 791/1035/502 783/1024/502 769/1000/502
f 788/1032/12 1587/2011/12 1584/2008/12 777/1012/12
f 768/995/11 782/1021/11 791/1035/11 786/1028/11
f 781/1019/14 783/1025/14 791/1036/14 790/1034/14
f 777/1011/12 779/1015/12 789/1033/12 788/1031/12
f 767/993/518 768/996/518 786/1029/518 784/1026/518
f 1613/2041/519 767/993/519 784/1026/519 1607/2033/519
f 774/1006/505 795/1040/505 796/1042/505 776/1009/505
f 778/1013/505 797/1043/505 798/1044/505 780/1017/505
f 778/1013/520 776/1009/520 796/1042/520 797/1043/520
f 773/1004/13 804/1050/13 805/1051/13 787/1030/13
f 787/1030/13 805/1051/13 802/1048/13 771/1002/13
f 1590/2015/499 1598/2024/499 804/1050/499 773/1004/499
f 1295/1633/14 816/1063/14 814/1061/14 1294/1632/14
f 804/1050/14 811/1057/14 810/1056/14 805/1051/14
f 765/990/16 807/1053/16 811/1057/16 804/1050/16
f 764/989/12 1556/1980/12 1557/1981/12 785/1027/12
f 805/1051/14 810/1056/14 808/1054/14 802/1048/14
f 1272/1608/511 823/1070/511 822/1069/511 1268/1604/511
f 1298/1636/522 806/1052/522 1571/1995/522 1565/1989/522
f 1560/1984/523 1559/1983/523 813/1060/523 1297/1635/523
f 1296/1634/14 817/1064/14 816/1063/14 1295/1633/14
f 1305/1644/15 1165/1494/15 1558/1982/15 1561/1985/15
f 762/987/524 760/985/524 966/1275/524 1394/1737/524
f 1268/1604/525 822/1069/525 820/1067/525 1273/1609/525
f 1269/1605/527 821/1068/527 818/1065/527 1270/1606/527
f 1270/1606/528 818/1065/528 819/1066/528 1274/1610/528
f 848/1109/14 856/1118/14 867/1130/14 865/1128/14
f 865/1128/14 867/1130/14 871/1134/14 869/1132/14
f 873/1136/544 875/1138/544 879/1142/544 877/1140/544
f 869/1132/14 871/1134/14 875/1138/14 873/1136/14
f 910/1189/12 929/1210/12 931/1212/12 919/1199/12
f 929/1210/12 933/1214/12 935/1216/12 931/1212/12
f 937/1218/566 941/1222/566 943/1224/566 939/1220/566
f 933/1214/12 937/1218/12 939/1220/12 935/1216/12
f 721/934/13 731/953/13 792/1037/13 775/1008/13
f 1580/2004/11 793/1038/11 794/1039/11 1583/2007/11
f 792/1037/574 731/953/574 1582/2006/574 1583/2007/574 794/1039/574
f 774/1005/575 735/959/575 740/964/575 739/963/575
f 777/1012/13 775/1008/13 792/1037/13 788/1032/13
f 1585/2009/11 1586/2010/11 794/1039/11 793/1038/11
f 775/1008/14 793/1038/14 794/1039/14 792/1037/14
f 792/1037/574 794/1039/574 1586/2010/574 1587/2011/574 788/1032/574
f 774/1005/576 799/1045/576 800/1046/576 795/1041/576
f 946/1231/11 944/1225/11 945/1228/11 947/1233/11
f 947/1233/12 950/1240/12 713/918/12 949/1237/12 948/1235/12 946/1231/12
f 951/1242/13 712/917/13 713/918/13 950/1240/13
f 952/1244/577 953/1246/577 712/917/577 951/1242/577 945/1229/577 944/1226/577
f 949/1238/16 713/918/16 712/917/16 953/1247/16
f 945/1230/578 718/927/578 726/944/578 947/1234/578
f 956/1255/11 954/1249/11 955/1252/11 957/1257/11
f 956/1255/12 957/1257/12 960/1264/12 711/916/12 959/1261/12 958/1259/12
f 961/1266/13 710/915/13 711/916/13 960/1264/13
f 963/1271/14 962/1268/14 710/915/14 961/1266/14 955/1253/14 954/1250/14
f 959/1262/16 711/916/16 710/915/16 962/1269/16
f 955/1254/578 782/1022/578 768/997/578 957/1258/578
f 957/1258/580 768/997/580 767/994/580 801/1047/580 770/1001/580 774/1006/580 776/1009/580 778/1013/580 780/1017/580 782/1022/580 955/1254/580 961/1267/580 960/1265/580
f 1394/1737/13 966/1275/13 967/1276/13 964/1273/13
f 1395/1738/13 1394/1737/13 964/1273/13 965/1274/13
f 1396/1739/13 970/1279/13 973/1282/13 972/1281/13
f 1397/1740/13 971/1280/13 970/1279/13 1396/1739/13
f 1079/1404/582 1077/1402/582 965/1274/582 964/1273/582
f 820/1067/583 822/1069/583 1396/1739/583 972/1281/583
f 1297/1635/584 813/1060/584 997/1311/584 1300/1638/584
f 1072/1395/585 1071/1394/585 970/1279/585 971/1280/585
f 763/988/507 762/987/507 1394/1737/507 1395/1738/507
f 804/1050/12 994/1306/12 1577/2001/12 1576/2000/12
f 1078/1403/586 1079/1404/586 964/1273/586 967/1276/586
f 1396/1739/13 972/1281/13 966/1275/13 1394/1737/13
f 972/1281/588 820/1067/588 1172/1501/588 1176/1505/588 1182/1511/588 1186/1515/588 1190/1519/588 1194/1523/588 1198/1527/588 1173/1502/588
f 820/1067/11 822/1069/11 762/987/11 760/985/11
f 822/1069/11 823/1070/11 763/988/11 762/987/11
f 761/986/589 758/983/589 977/1286/589 978/1287/589
f 758/983/590 759/984/590 976/1285/590 977/1286/590
f 819/1066/591 818/1065/591 980/1289/591 981/1290/591
f 818/1065/592 821/1068/592 979/1288/592 980/1289/592
f 978/1287/593 977/1286/593 984/1293/593 983/1292/593
f 977/1286/594 976/1285/594 982/1291/594 984/1293/594
f 981/1290/595 980/1289/595 986/1295/595 987/1296/595
f 980/1289/596 979/1288/596 985/1294/596 986/1295/596
f 747/971/602 751/975/602 991/1302/602 990/1301/602
f 744/968/603 773/1004/603 1575/1999/603 1574/1998/603
f 1285/1622/606 747/971/606 990/1301/606 1288/1625/606
f 804/1050/12 811/1057/12 996/1309/12 994/1306/12
f 811/1057/602 807/1053/602 995/1308/602 996/1309/602
f 1315/1654/615 1310/1649/615 1431/1774/615 1441/1784/615
f 1100/1425/622 1099/1424/622 1071/1394/622 1072/1395/622
f 1099/1424/624 1098/1423/624 1070/1393/624 1071/1394/624
f 1106/1431/626 1111/1436/626 1079/1404/626 1078/1403/626
f 1111/1436/627 1105/1430/627 1077/1402/627 1079/1404/627
f 986/1295/628 985/1294/628 1084/1409/628 1085/1410/628
f 987/1296/630 986/1295/630 1085/1410/630 1086/1411/630
f 984/1293/631 982/1291/631 1092/1417/631 1091/1416/631
f 983/1292/632 984/1293/632 1091/1416/632 1093/1418/632
f 1085/1410/634 1084/1409/634 1098/1423/634 1099/1424/634
f 1086/1411/636 1085/1410/636 1099/1424/636 1100/1425/636
f 1091/1416/638 1092/1417/638 1105/1430/638 1111/1436/638
f 1093/1418/639 1091/1416/639 1111/1436/639 1106/1431/639
f 1281/1618/11 1273/1609/11 1376/1718/11 1377/1720/11
f 1176/1505/15 1172/1501/15 1174/1503/15 1177/1506/15
f 966/1275/13 972/1281/13 1173/1502/13 1175/1504/13
f 760/985/647 966/1275/647 1175/1504/647 1199/1528/647 1195/1524/647 1191/1520/647 1187/1516/647 1183/1512/647 1177/1506/647 1174/1503/647
f 820/1067/11 760/985/11 1174/1503/11 1172/1501/11
f 1537/1961/648 1524/1948/648 1205/1534/648 1204/1533/648
f 1525/1949/650 1505/1929/650 1543/1967/650 1544/1968/650
f 1524/1948/13 1527/1951/13 1203/1532/13 1205/1534/13
f 1530/1954/651 1528/1952/651 1506/1930/651 1208/1537/651
f 1532/1956/654 1530/1954/654 1208/1537/654 1210/1539/654
f 1529/1953/655 1531/1955/655 1209/1538/655 1507/1931/655
f 1534/1958/656 1532/1956/656 1210/1539/656 1212/1541/656
f 1531/1955/657 1533/1957/657 1211/1540/657 1209/1538/657
f 1536/1960/659 1534/1958/659 1212/1541/659 1202/1531/659
f 1533/1957/660 1535/1959/660 1213/1542/660 1211/1540/660
f 1527/1951/661 1536/1960/661 1202/1531/661 1203/1532/661
f 1535/1959/663 1537/1961/663 1204/1533/663 1213/1542/663
f 1200/1529/664 1179/1508/664 1203/1532/664 1202/1531/664
f 1181/1510/664 1201/1530/664 1204/1533/664 1205/1534/664
f 1179/1508/664 1181/1510/664 1205/1534/664 1203/1532/664
f 1185/1514/665 1184/1513/665 1506/1930/665 1507/1931/665
f 1184/1513/665 1188/1517/665 1208/1537/665 1506/1930/665
f 1189/1518/665 1185/1514/665 1507/1931/665 1209/1538/665
f 1188/1517/666 1192/1521/666 1210/1539/666 1208/1537/666
f 1193/1522/666 1189/1518/666 1209/1538/666 1211/1540/666
f 1192/1521/667 1196/1525/667 1212/1541/667 1210/1539/667
f 1197/1526/667 1193/1522/667 1211/1540/667 1213/1542/667
f 1196/1525/668 1200/1529/668 1202/1531/668 1212/1541/668
f 1201/1530/668 1197/1526/668 1213/1542/668 1204/1533/668
f 1553/1977/515 753/978/515 1230/1560/515 1231/1561/515
f 1552/1976/514 1553/1977/514 1231/1561/514 1228/1557/514
f 756/981/681 754/979/681 1229/1558/681 1226/1555/681
f 757/982/682 756/981/682 1226/1555/682 1227/1556/682
f 1559/1983/528 1245/1578/528 1244/1577/528 813/1060/528
f 1558/1982/527 1242/1574/527 1245/1578/527 1559/1983/527
f 816/1063/684 1240/1572/684 1243/1575/684 814/1061/684
f 817/1064/685 1241/1573/685 1240/1572/685 816/1063/685
f 1229/1558/15 1239/1570/15 1258/1593/15 1260/1595/15
f 1231/1561/515 1230/1560/515 1261/1596/515 1256/1591/515
f 1228/1557/514 1231/1561/514 1256/1591/514 1255/1590/514
f 1226/1555/512 1229/1558/512 1260/1595/512 1254/1589/512
f 1227/1556/507 1226/1555/507 1254/1589/507 1259/1594/507
f 1243/1575/15 1273/1609/15 1281/1618/15 1253/1587/15
f 1245/1578/528 1270/1606/528 1274/1610/528 1244/1577/528
f 1242/1574/527 1269/1605/527 1270/1606/527 1245/1578/527
f 1240/1572/525 1268/1604/525 1273/1609/525 1243/1575/525
f 1241/1573/511 1272/1608/511 1268/1604/511 1240/1572/511
f 753/978/690 1285/1622/690 1288/1625/690 992/1304/690
f 1169/1498/15 1550/1974/15 1555/1979/15 1293/1631/15
f 751/975/12 750/974/12 1283/1620/12 1284/1621/12
f 1551/1975/691 747/971/691 1285/1622/691 1554/1978/691
f 815/1062/692 812/1059/692 1573/1997/692 1572/1996/692
f 750/974/12 748/972/12 1282/1619/12 1283/1620/12
f 807/1053/694 1297/1635/694 1300/1638/694 995/1308/694
f 1164/1493/15 1305/1644/15 1561/1985/15 1556/1980/15
f 811/1057/14 1296/1634/14 1295/1633/14 810/1056/14
f 1557/1981/695 1560/1984/695 1297/1635/695 807/1053/695
f 812/1059/696 1298/1636/696 1565/1989/696 1573/1997/696
f 810/1056/14 1295/1633/14 1294/1632/14 808/1054/14
f 1550/1974/16 1169/1498/16 1338/1677/16 1339/1678/16
f 1349/1688/11 1353/1692/11 1369/1708/11 1368/1707/11
f 1162/1491/14 1164/1493/14 1337/1676/14 1334/1673/14
f 1169/1498/12 1167/1496/12 1330/1669/12 1333/1672/12
f 1162/1491/14 1334/1673/14 1352/1691/14 1348/1687/14
f 1339/1678/13 1338/1677/13 1342/1681/13 1343/1682/13
f 1340/1679/13 1341/1680/13 1345/1684/13 1344/1683/13
f 1337/1676/14 1164/1493/14 1340/1679/14 1344/1683/14
f 1164/1493/16 1556/1980/16 1341/1680/16 1340/1679/16
f 1169/1498/12 1333/1672/12 1342/1681/12 1338/1677/12
f 1345/1684/13 1341/1680/13 1364/1703/13 1365/1704/13
f 1347/1686/16 714/919/16 1354/1693/16 1367/1706/16
f 1349/1688/11 1348/1687/11 1352/1691/11 1353/1692/11
f 1346/1685/11 1347/1686/11 1351/1690/11 1350/1689/11
f 1341/1680/16 1556/1980/16 1357/1696/16 1364/1703/16
f 1330/1669/12 1167/1496/12 1346/1685/12 1350/1689/12
f 1351/1690/11 1347/1686/11 1367/1706/11 1366/1705/11
f 764/989/16 1162/1491/16 1348/1687/16 1349/1688/16
f 1167/1496/16 714/919/16 1347/1686/16 1346/1685/16
f 1354/1693/14 1355/1694/14 1359/1698/14 1358/1697/14
f 1357/1696/12 1356/1695/12 1360/1699/12 1361/1700/12
f 1357/1696/12 1361/1700/12 1365/1704/12 1364/1703/12
f 1359/1698/14 1355/1694/14 1363/1702/14 1362/1701/14
f 1354/1693/14 1358/1697/14 1366/1705/14 1367/1706/14
f 1360/1699/12 1356/1695/12 1368/1707/12 1369/1708/12
f 764/989/16 1349/1688/16 1368/1707/16 1356/1695/16
f 1550/1974/16 1339/1678/16 1363/1702/16 1355/1694/16
f 1556/1980/16 764/989/16 1356/1695/16 1357/1696/16
f 714/919/16 1550/1974/16 1355/1694/16 1354/1693/16
f 1339/1678/13 1343/1682/13 1362/1701/13 1363/1702/13
f 1260/1595/11 1258/1593/11 1374/1714/11 1375/1716/11
f 1386/1729/13 1387/1730/13 1391/1734/13 1390/1733/13
f 1389/1732/13 1388/1731/13 1392/1735/13 1393/1736/13
f 820/1067/16 1166/1495/16 1387/1730/16 1386/1729/16
f 1171/1500/16 760/985/16 1388/1731/16 1389/1732/16
f 969/1278/13 968/1277/13 1394/1737/13 1395/1738/13
f 974/1283/13 975/1284/13 1397/1740/13 1396/1739/13
f 975/1284/13 969/1278/13 1395/1738/13 1397/1740/13
f 968/1277/13 974/1283/13 1396/1739/13 1394/1737/13
f 1388/1731/12 1392/1735/12 1408/1751/12 1404/1747/12
f 1390/1733/14 1386/1729/14 1402/1745/14 1406/1749/14
f 720/931/710 774/1006/710 950/1241/710
f 950/1241/711 770/1001/711 741/965/711 717/924/711 718/927/711 945/1230/711 951/1243/711
f 947/1234/712 726/944/712 724/939/712 950/1241/712
f 724/939/713 722/935/713 720/931/713
f 724/939/714 720/931/714 950/1241/714
f 774/1006/715 770/1001/715 950/1241/715
f 1494/1915/16 698/887/16 699/889/16 1491/1907/16
f 1180/1509/15 1178/1507/15 1504/1928/15 1505/1929/15
f 1178/1507/15 1206/1535/15 1506/1930/15 1504/1928/15
f 1207/1536/15 1180/1509/15 1505/1929/15 1507/1931/15
f 1206/1535/15 1207/1536/15 1507/1931/15 1506/1930/15
f 1195/1524/735 1199/1528/735 1537/1961/735 1535/1959/735
f 1173/1502/736 1198/1527/736 1536/1960/736 1527/1951/736
f 1191/1520/737 1195/1524/737 1535/1959/737 1533/1957/737
f 1198/1527/738 1194/1523/738 1534/1958/738 1536/1960/738
f 1187/1516/739 1191/1520/739 1533/1957/739 1531/1955/739
f 1194/1523/740 1190/1519/740 1532/1956/740 1534/1958/740
f 1183/1512/741 1187/1516/741 1531/1955/741 1529/1953/741
f 1190/1519/742 1186/1515/742 1530/1954/742 1532/1956/742
f 1177/1506/743 1183/1512/743 1529/1953/743 1525/1949/743
f 1186/1515/744 1182/1511/744 1528/1952/744 1530/1954/744
f 1182/1511/745 1176/1505/745 1526/1950/745 1528/1952/745
f 1175/1504/13 1173/1502/13 1527/1951/13 1524/1948/13
f 1176/1505/11 1177/1506/11 1525/1949/11 1526/1950/11
f 1199/1528/746 1175/1504/746 1524/1948/746 1537/1961/746
f 1538/1962/747 1541/1965/747 1549/1973/747 1546/1970/747
f 1505/1929/15 1504/1928/15 1542/1966/15 1543/1967/15
f 1526/1950/16 1525/1949/16 1544/1968/16 1545/1969/16
f 1504/1928/748 1526/1950/748 1545/1969/748 1542/1966/748
f 1538/1962/11 1539/1963/11 1543/1967/11 1542/1966/11
f 1539/1963/11 1540/1964/11 1544/1968/11 1543/1967/11
f 1541/1965/11 1538/1962/11 1542/1966/11 1545/1969/11
f 1540/1964/11 1541/1965/11 1545/1969/11 1544/1968/11
f 1539/1963/16 1538/1962/16 1546/1970/16 1547/1971/16
f 1541/1965/15 1540/1964/15 1548/1972/15 1549/1973/15
f 1540/1964/749 1539/1963/749 1547/1971/749 1548/1972/749
f 746/970/750 749/973/750 1550/1974/750 1551/1975/750
f 755/980/751 752/977/751 1553/1977/751 1552/1976/751
f 752/977/752 1286/1623/752 1554/1978/752 1553/1977/752
f 749/973/753 1287/1624/753 1555/1979/753 1550/1974/753
f 809/1055/754 806/1052/754 1557/1981/754 1556/1980/754
f 812/1059/755 815/1062/755 1558/1982/755 1559/1983/755
f 1298/1636/756 812/1059/756 1559/1983/756 1560/1984/756
f 1299/1637/757 809/1055/757 1556/1980/757 1561/1985/757
f 1286/1623/758 746/970/758 1551/1975/758 1554/1978/758
f 1287/1624/759 755/980/759 1552/1976/759 1555/1979/759
f 806/1052/760 1298/1636/760 1560/1984/760 1557/1981/760
f 815/1062/761 1299/1637/761 1561/1985/761 1558/1982/761
f 809/1055/766 1299/1637/766 1564/1988/766 1570/1994/766
f 1299/1637/767 815/1062/767 1572/1996/767 1564/1988/767
f 1287/1624/768 749/973/768 1566/1990/768 1563/1987/768
f 749/973/770 746/970/770 1567/1991/770 1566/1990/770
f 806/1052/771 809/1055/771 1570/1994/771 1571/1995/771
f 755/980/772 1287/1624/772 1563/1987/772 1568/1992/772
f 752/977/773 755/980/773 1568/1992/773 1569/1993/773
f 1575/1999/774 1576/2000/774 1577/2001/774 1579/2003/774
f 1574/1998/774 1575/1999/774 1579/2003/774 1578/2002/774
f 988/1297/14 744/968/14 1574/1998/14 1578/2002/14
f 773/1004/603 804/1050/603 1576/2000/603 1575/1999/603
f 1580/2004/776 1583/2007/776 1582/2006/776 1581/2005/776
f 1584/2008/777 1587/2011/777 1586/2010/777 1585/2009/777
f 1603/2029/499 1608/2034/499 1598/2024/499 1590/2015/499
f 765/990/519 1596/2022/519 1597/2023/519 785/1027/519
f 1608/2034/499 1613/2040/499 1596/2021/499 1598/2024/499
f 785/1027/781 1597/2023/781 1618/2046/781 764/989/781
f 1603/2029/499 1590/2015/499 1593/2018/499 1605/2031/499
f 715/920/504 729/949/504 1592/2017/504 1589/2014/504
f 1605/2031/499 1593/2018/499 1589/2013/499 1610/2036/499
f 729/949/782 714/919/782 1620/2049/782 1592/2017/782
f 741/965/499 1605/2031/499 1610/2036/499 717/924/499
f 770/1001/499 1603/2029/499 1605/2031/499 741/965/499
f 801/1047/499 767/994/499 1613/2040/499 1608/2034/499
f 770/1001/499 801/1047/499 1608/2034/499 1603/2029/499
f 1596/2022/519 1613/2041/519 1607/2033/519 1597/2023/519
f 1597/2023/785 1607/2033/785 1622/2053/785 1618/2046/785
f 1589/2014/504 1592/2017/504 1604/2030/504 1610/2037/504
f 1592/2017/787 1620/2049/787 1621/2051/787 1604/2030/787
f 1875/2383/11 1884/2393/11 1732/2173/11 1731/2171/11
f 1743/2195/12 1741/2189/12 1736/2178/12 1735/2177/12
f 1739/2184/14 1740/2186/14 1730/2168/14 1729/2165/14
f 1865/2371/838 1870/2377/838 1739/2183/838 1729/2166/838
f 1731/2171/12 1732/2173/12 1738/2181/12 1737/2179/12
f 1733/2175/14 1734/2176/14 1744/2198/14 1742/2192/14
f 1870/2377/16 1872/2379/16 1742/2190/16 1739/2183/16
f 1752/2210/14 1747/2203/14 1748/2204/14 1749/2205/14
f 1746/2201/12 1750/2206/12 1751/2208/12 1745/2200/12
f 1768/2226/12 1792/2266/12 1810/2292/12 1806/2288/12
f 1750/2206/12 1746/2201/12 1760/2218/12 1759/2217/12
f 1753/2211/11 1754/2212/11 1758/2216/11 1757/2215/11
f 1756/2214/11 1755/2213/11 1759/2217/11 1760/2218/11
f 1760/2218/12 1746/2201/12 1798/2279/12 1804/2286/12
f 1749/2205/14 1748/2204/14 1757/2215/14 1758/2216/14
f 1741/2187/13 1751/2207/13 1776/2244/13 1772/2234/13
f 1761/2219/15 1765/2223/15 1789/2263/15 1785/2259/15
f 1747/2202/13 1744/2196/13 1769/2227/13 1773/2237/13
f 1756/2214/11 1760/2218/11 1804/2286/11 1803/2285/11
f 1771/2233/15 1772/2235/15 1776/2245/15 1775/2242/15
f 1769/2228/15 1770/2230/15 1774/2241/15 1773/2238/15
f 1774/2241/15 1770/2230/15 1780/2253/15 1779/2251/15
f 1771/2233/15 1775/2242/15 1777/2247/15 1778/2249/15
f 1765/2223/16 1761/2219/16 1858/2364/16 1861/2367/16
f 1759/2217/11 1755/2213/11 1778/2250/11 1777/2248/11
f 1753/2211/11 1757/2215/11 1779/2252/11 1780/2254/11
f 1787/2261/13 1788/2262/13 1792/2266/13 1791/2265/13
f 1786/2260/13 1785/2259/13 1789/2263/13 1790/2264/13
f 1768/2226/12 1767/2225/12 1791/2265/12 1792/2266/12
f 1767/2225/15 1763/2221/15 1787/2261/15 1791/2265/15
f 1765/2223/14 1766/2224/14 1790/2264/14 1789/2263/14
f 1811/2293/841 1812/2294/841 1834/2324/841 1833/2323/841
f 1802/2284/11 1801/2283/11 1821/2311/11 1822/2312/11
f 1810/2292/841 1809/2291/841 1831/2321/841 1832/2322/841
f 1745/2199/13 1743/2193/13 1793/2268/13 1797/2277/13
f 1792/2266/13 1788/2262/13 1809/2291/13 1810/2292/13
f 1752/2210/14 1749/2205/14 1799/2280/14 1800/2281/14
f 1786/2260/13 1790/2264/13 1812/2294/13 1811/2293/13
f 1749/2205/14 1758/2216/14 1802/2284/14 1799/2280/14
f 1758/2216/11 1754/2212/11 1801/2283/11 1802/2284/11
f 1742/2191/13 1752/2209/13 1800/2282/13 1796/2276/13
f 1790/2264/14 1766/2224/14 1808/2290/14 1812/2294/14
f 1746/2201/12 1745/2200/12 1797/2278/12 1798/2279/12
f 1817/2305/13 1813/2295/13 1835/2325/13 1839/2335/13
f 1834/2324/14 1830/2320/14 1852/2358/14 1856/2362/14
f 1819/2308/14 1822/2312/14 1844/2348/14 1841/2340/14
f 1820/2309/14 1819/2308/14 1841/2340/14 1842/2344/14
f 1803/2285/11 1804/2286/11 1824/2314/11 1823/2313/11
f 1806/2288/843 1810/2292/843 1832/2322/843 1828/2318/843
f 1798/2279/843 1797/2278/843 1817/2306/843 1818/2307/843
f 1804/2286/843 1798/2279/843 1818/2307/843 1824/2314/843
f 1800/2281/844 1799/2280/844 1819/2308/844 1820/2309/844
f 1799/2280/844 1802/2284/844 1822/2312/844 1819/2308/844
f 1812/2294/844 1808/2290/844 1830/2320/844 1834/2324/844
f 1797/2277/13 1793/2268/13 1813/2295/13 1817/2305/13
f 1835/2326/16 1836/2329/16 1840/2338/16 1839/2336/16
f 1837/2331/16 1838/2333/16 1842/2342/16 1841/2341/16
f 1837/2331/16 1841/2341/16 1844/2347/16 1843/2345/16
f 1840/2338/16 1836/2329/16 1845/2349/16 1846/2351/16
f 1916/2426/16 1850/2356/16 1854/2360/16 1853/2359/16
f 1852/2358/16 1915/2425/16 1855/2361/16 1856/2362/16
f 1816/2304/13 1820/2310/13 1842/2343/13 1838/2332/13
f 1832/2322/845 1831/2321/845 1853/2359/845 1854/2360/845
f 1822/2312/11 1821/2311/11 1843/2346/11 1844/2348/11
f 1833/2323/845 1834/2324/845 1856/2362/845 1855/2361/845
f 1823/2313/11 1824/2314/11 1846/2352/11 1845/2350/11
f 1828/2318/12 1832/2322/12 1854/2360/12 1850/2356/12
f 1818/2307/12 1817/2306/12 1839/2337/12 1840/2339/12
f 1824/2314/12 1818/2307/12 1840/2339/12 1846/2352/12
f 1861/2367/13 1858/2364/13 1857/2363/13 1864/2370/13
f 1859/2365/13 1860/2366/13 1863/2369/13 1862/2368/13
f 1782/2256/15 1781/2255/15 1862/2368/15 1863/2369/15
f 1763/2221/16 1767/2225/16 1860/2366/16 1859/2365/16
f 1784/2258/15 1783/2257/15 1864/2370/15 1857/2363/15
f 1878/2386/16 1880/2388/16 1872/2379/16 1870/2377/16
f 1875/2382/838 1878/2386/838 1870/2377/838 1865/2371/838
f 1729/2167/11 1730/2170/11 1883/2391/11 1865/2372/11
f 1731/2172/838 1737/2180/838 1878/2386/838 1875/2382/838
f 1737/2180/16 1743/2194/16 1880/2388/16 1878/2386/16
f 1865/2372/11 1883/2391/11 1884/2393/11 1875/2383/11
f 1877/2385/837 1869/2376/837 1882/2390/837 1881/2389/837
f 1866/2373/837 1873/2380/837 1884/2394/837 1883/2392/837
f 751/976/14 991/1303/14 1727/2163/14 1725/2161/14
f 1745/2200/12 1768/2226/12 1806/2288/12 1797/2278/12
f 1741/2189/11 1751/2208/11 1745/2200/11 1743/2195/11
f 1742/2192/11 1752/2210/11 1747/2203/11 1744/2198/11
f 1747/2203/14 1752/2210/14 1766/2224/14 1765/2223/14
f 1752/2210/11 1742/2192/11 1796/2275/11 1800/2281/11
f 1745/2200/12 1751/2208/12 1767/2225/12 1768/2226/12
f 1776/2246/15 1772/2236/15 1781/2255/15 1782/2256/15
f 1769/2229/15 1773/2239/15 1783/2257/15 1784/2258/15
f 1744/2198/11 1747/2203/11 1773/2239/11 1769/2229/11
f 1751/2208/11 1741/2189/11 1772/2236/11 1776/2246/11
f 1793/2269/11 1797/2278/11 1817/2306/11 1813/2297/11
f 1766/2224/14 1752/2210/14 1800/2281/14 1808/2290/14
f 1743/2195/11 1745/2200/11 1797/2278/11 1793/2269/11
f 1830/2320/14 1820/2309/14 1842/2344/14 1852/2358/14
f 1808/2290/844 1800/2281/844 1820/2309/844 1830/2320/844
f 1797/2278/843 1806/2288/843 1828/2318/843 1817/2306/843
f 1835/2327/16 1839/2337/16 1850/2356/16 1916/2426/16
f 1842/2344/16 1838/2334/16 1915/2425/16 1852/2358/16
f 1817/2306/12 1828/2318/12 1850/2356/12 1839/2337/12
f 1813/2297/11 1817/2306/11 1839/2337/11 1835/2327/11
f 1820/2309/11 1816/2303/11 1838/2334/11 1842/2344/11
f 1918/2430/869 1826/2316/869 1829/2319/869 1919/2432/869
f 1829/2319/13 1851/2357/13 1920/2434/13 1919/2432/13
f 1920/2434/870 1851/2357/870 1848/2354/870 1917/2428/870
f 1917/2428/11 1848/2354/11 1826/2316/11 1918/2430/11
f 1928/2450/871 1827/2317/871 1825/2315/871 1925/2444/871
f 1925/2444/11 1825/2315/11 1847/2353/11 1926/2446/11
f 1926/2446/872 1847/2353/872 1849/2355/872 1927/2448/872
f 1927/2448/13 1849/2355/13 1827/2317/13 1928/2450/13
f 1961/2518/901 1506/1930/901 1528/1952/901 1526/1950/901 1504/1928/901 1980/2556/901 1978/2552/901 1975/2546/901 1972/2540/901 1970/2536/901 1967/2530/901 1964/2524/901 1990/2576/901 1988/2572/901 1986/2568/901 1984/2564/901 1982/2560/901 1979/2554/901 1976/2548/901 1973/2542/901 1969/2534/901 1965/2526/901 1962/2520/901 1960/2515/901 1958/2511/901 1955/2505/901 1953/2501/901 1951/2497/901 1947/2489/901 1945/2485/901 1942/2479/901 1938/2471/901 1936/2467/901 1933/2461/901 1930/2454/901
f 1504/1928/902 1506/1930/902 1961/2518/902 1980/2556/902
f 1949/2493/903 1950/2495/903 1505/1929/903 1525/1949/903 1529/1953/903 1507/1931/903 1931/2457/903 1932/2459/903 1935/2465/903 1939/2473/903 1941/2477/903 1944/2483/903 1948/2491/903 1952/2499/903 1954/2503/903 1956/2507/903 1957/2509/903 1959/2513/903 1963/2522/903 1966/2528/903 1968/2532/903 1971/2538/903 1974/2544/903 1977/2550/903 1981/2558/903 1983/2562/903 1985/2566/903 1987/2570/903 1989/2574/903 1929/2452/903 1934/2463/903 1937/2469/903 1940/2475/903 1943/2481/903 1946/2487/903
f 1931/2457/904 1507/1931/904 1505/1929/904 1950/2495/904
f 544/643/908 551/651/908 1993/2581/908 1991/2577/908
f 538/636/909 539/637/909 1997/2590/909 1999/2594/909
f 556/656/910 552/652/910 2005/2606/910 2003/2602/910
f 540/638/911 547/647/911 2008/2612/911 1994/2583/911
f 522/618/912 521/617/912 2015/2628/912 2013/2624/912
f 525/622/913 524/620/913 2019/2637/913 2021/2642/913
f 1993/2581/914 551/651/914 555/655/914 2023/2646/914
f 2028/2656/915 523/619/915 522/618/915 2013/2624/915
f 534/631/916 535/633/916 2031/2663/916 2029/2658/916
f 545/644/917 553/653/917 2034/2669/917 2033/2667/917 2032/2665/917
f 532/629/915 533/630/915 2035/2671/915 2039/2679/915
f 520/616/918 529/626/918 2006/2608/918 2041/2683/918 2040/2681/918
f 548/648/919 557/657/919 2043/2687/919 2044/2689/919
f 2045/2691/920 537/635/920 538/636/920 1999/2594/920
f 526/623/921 525/622/921 2021/2642/921 2046/2693/921 2047/2695/921
f 555/655/922 549/649/922 2049/2699/922 2023/2646/922
f 524/621/923 523/619/923 2028/2656/923 2019/2638/923
f 533/630/912 534/632/912 2029/2659/912 2035/2671/912
f 552/652/924 545/644/924 2032/2665/924 2005/2606/924
f 535/633/918 536/634/918 2051/2703/918 2048/2697/918 2031/2663/918
f 527/624/909 526/623/909 2047/2695/909 2050/2701/909
f 553/653/925 550/650/925 1992/2579/925 2034/2669/925
f 531/628/923 532/629/923 2039/2679/923 2020/2640/923
f 536/634/926 537/635/926 2045/2691/926 2051/2703/926
f 557/657/927 558/658/927 2052/2705/927 2043/2687/927
f 542/640/928 543/642/928 2001/2598/928 2012/2621/928
f 2009/2614/920 528/625/920 527/624/920 2050/2701/920
f 2052/2705/929 558/658/929 559/659/929 2010/2616/929
f 541/639/930 546/645/930 2018/2634/930 2025/2650/930
f 539/637/921 530/627/921 2022/2644/921 2054/2709/921 1997/2590/921
f 2014/2626/931 554/654/931 556/656/931 2003/2602/931
f 549/649/932 548/648/932 2044/2689/932 2053/2707/932 2049/2699/932
f 521/617/916 520/616/916 2040/2681/916 2015/2628/916
f 550/650/933 540/638/933 1994/2583/933 1992/2579/933
f 543/642/934 544/643/934 1991/2577/934 2000/2596/934 2001/2598/934
f 529/626/926 528/625/926 2009/2614/926 2006/2608/926
f 559/659/935 542/641/935 2012/2622/935 2010/2616/935
f 546/646/936 554/654/936 2014/2626/936 2018/2635/936
f 530/627/913 531/628/913 2020/2640/913 2022/2644/913
f 547/647/937 541/639/937 2025/2650/937 2024/2648/937 2008/2612/937
f 2026/2652/12 603/711/12 621/734/12 2004/2604/12
f 2027/2654/14 622/735/14 600/707/14 2030/2661/14
f 603/711/938 2026/2652/938 1995/2585/938 601/708/938
f 605/713/939 2037/2675/939 2038/2677/939 597/704/939 598/705/939
f 2030/2661/940 600/707/940 597/704/940 2038/2677/940
f 604/712/941 606/714/941 1996/2587/941 2042/2685/941
f 2037/2675/942 605/713/942 604/712/942 2042/2685/942 2036/2673/942
f 1995/2585/943 1996/2588/943 606/715/943 602/710/943 601/708/943
f 2002/2600/14 591/697/14 620/733/14 622/735/14 1998/2592/14
f 2004/2604/12 621/734/12 2007/2610/12
f 2007/2610/12 621/734/12 618/731/12 583/687/12 2011/2618/12
f 2017/2632/944 599/706/944 591/697/944 2002/2600/944 2016/2630/944
f 2011/2619/945 583/688/945 599/706/945 2017/2632/945
f 622/735/14 2027/2654/14 1998/2592/14
f 1800/2281/11 1796/2275/11 1816/2303/11 1820/2309/11
f 1796/2276/13 1800/2282/13 1820/2310/13 1816/2304/13
usemtl Grey
f 1877/2385/12 1873/2380/12 1888/2398/12 1885/2395/12
f 1885/2395/837 1888/2398/837 1887/2397/837 1886/2396/837
f 1866/2373/14 1869/2376/14 1886/2396/14 1887/2397/14
f 1888/2398/12 1873/2380/12 1890/2400/12 1892/2402/12
f 1869/2376/846 1877/2385/846 1885/2395/846 1886/2396/846
f 1892/2402/12 1890/2400/12 1894/2404/12 1896/2406/12
f 1887/2397/837 1888/2398/837 1892/2402/837 1891/2401/837
f 1866/2373/14 1887/2397/14 1891/2401/14 1889/2399/14
f 1873/2380/838 1866/2373/838 1889/2399/838 1890/2400/838
f 1893/2403/14 1895/2405/14 1899/2409/14 1897/2407/14
f 1890/2400/847 1889/2399/847 1893/2403/847 1894/2404/847
f 1889/2399/14 1891/2401/14 1895/2405/14 1893/2403/14
f 1891/2401/837 1892/2402/837 1896/2406/837 1895/2405/837
f 1900/2410/12 1898/2408/12 1902/2412/12 1904/2414/12
f 1895/2405/848 1896/2406/848 1900/2410/848 1899/2409/848
f 1896/2406/12 1894/2404/12 1898/2408/12 1900/2410/12
f 1894/2404/849 1893/2403/849 1897/2407/849 1898/2408/849
f 1902/2412/850 1901/2411/850 1905/2415/850 1906/2416/850
f 1898/2408/851 1897/2407/851 1901/2411/851 1902/2412/851
f 1897/2407/14 1899/2409/14 1903/2413/14 1901/2411/14
f 1899/2409/852 1900/2410/852 1904/2414/852 1903/2413/852
f 1908/2418/12 1906/2416/12 1910/2420/12 1912/2422/12
f 1901/2411/14 1903/2413/14 1907/2417/14 1905/2415/14
f 1903/2413/853 1904/2414/853 1908/2418/853 1907/2417/853
f 1904/2414/12 1902/2412/12 1906/2416/12 1908/2418/12
f 1906/2416/854 1905/2415/854 1909/2419/854 1910/2420/854
f 1905/2415/14 1907/2417/14 1911/2421/14 1909/2419/14
f 1907/2417/855 1908/2418/855 1912/2422/855 1911/2421/855
f 1924/2442/14 1909/2419/14 1911/2421/14 1921/2436/14
f 1921/2436/867 1911/2421/867 1912/2422/867 1922/2438/867
f 1910/2420/12 1923/2440/12 1922/2438/12 1912/2422/12
f 1923/2440/868 1910/2420/868 1909/2419/868 1924/2442/868
usemtl black
f 51/77/11 49/74/11 40/61/11 39/60/11
f 39/60/12 40/61/12 44/66/12 43/65/12
f 47/71/13 48/72/13 42/64/13 41/63/13
f 41/63/14 42/64/14 38/57/14 37/55/14
f 47/71/13 41/63/13 58/88/13 59/89/13
f 48/72/15 46/69/15 38/58/15 42/64/15
f 37/56/11 38/59/11 46/70/11 45/68/11
f 43/65/13 44/66/13 52/78/13 50/75/13
f 50/75/14 51/76/14 60/90/14 57/87/14
f 44/66/15 40/62/15 49/73/15 52/78/15
f 53/79/16 59/89/16 58/88/16 54/81/16
f 56/85/16 55/84/16 57/87/16 60/90/16
f 41/63/14 37/55/14 54/82/14 58/88/14
f 45/67/12 47/71/12 59/89/12 53/79/12
f 39/60/12 43/65/12 55/84/12 56/86/12
f 51/77/11 39/60/11 56/86/11 60/91/11
f 37/56/11 45/68/11 53/80/11 54/83/11
f 43/65/13 50/75/13 57/87/13 55/84/13
f 633/751/14 632/748/14 661/807/14 660/805/14 659/803/14 658/801/14 657/799/14 656/797/14 655/795/14 654/793/14 653/791/14 652/789/14 651/787/14 650/785/14 649/783/14 648/781/14 647/779/14 646/777/14 645/775/14 644/773/14 643/771/14 642/769/14 641/767/14 640/765/14 639/763/14 638/761/14 637/759/14 636/757/14 635/755/14 634/753/14
f 663/812/12 664/814/12 665/816/12 666/818/12 667/820/12 668/822/12 669/824/12 670/826/12 671/828/12 672/830/12 673/832/12 674/834/12 675/836/12 676/838/12 677/840/12 678/842/12 679/844/12 680/846/12 681/848/12 682/850/12 683/852/12 684/854/12 685/856/12 686/858/12 687/860/12 688/862/12 689/864/12 690/866/12 691/868/12 662/809/12
f 982/1291/513 976/1285/513 1005/1319/513 1003/1317/513
f 1397/1740/521 1395/1738/521 1000/1314/521 1002/1316/521
f 1072/1395/526 971/1280/526 1001/1315/526 1073/1396/526
f 839/1096/529 837/1093/529 827/1078/529 826/1077/529
f 844/1103/14 845/1106/14 825/1074/14 824/1071/14
f 863/1126/16 839/1096/16 826/1077/16 854/1116/16
f 850/1111/15 838/1095/15 825/1075/15 845/1105/15
f 828/1079/530 830/1082/530 885/1153/530 884/1151/530
f 832/1085/531 834/1088/531 830/1082/531 828/1079/531
f 906/1185/15 885/1154/15 830/1083/15 846/1107/15
f 924/1205/16 886/1155/16 831/1084/16 861/1124/16
f 836/1091/532 838/1094/532 834/1088/532 832/1085/532
f 846/1107/15 830/1083/15 834/1089/15 848/1109/15
f 824/1072/533 825/1076/533 838/1094/533 836/1091/533
f 862/1125/16 835/1090/16 839/1096/16 863/1126/16
f 835/1090/535 833/1087/535 837/1093/535 839/1096/535
f 832/1086/16 849/1110/16 851/1112/16 836/1092/16
f 828/1080/16 847/1108/16 849/1110/16 832/1086/16
f 884/1152/16 907/1186/16 847/1108/16 828/1080/16
f 917/1197/15 906/1185/15 846/1107/15 855/1117/15
f 857/1119/15 850/1111/15 845/1105/15 860/1123/15
f 836/1092/16 851/1112/16 844/1104/16 824/1073/16
f 854/1115/14 860/1122/14 845/1106/14 844/1103/14
f 826/1077/14 827/1078/14 860/1122/14 854/1115/14
f 837/1093/15 857/1119/15 860/1123/15 827/1078/15
f 849/1110/16 862/1125/16 863/1126/16 851/1112/16
f 847/1108/16 861/1124/16 862/1125/16 849/1110/16
f 907/1186/16 924/1205/16 861/1124/16 847/1108/16
f 851/1112/16 863/1126/16 854/1116/16 844/1104/16
f 899/1174/551 882/1149/551 883/1150/551 897/1171/551
f 904/1181/12 880/1143/12 881/1146/12 905/1184/12
f 927/1208/16 916/1196/16 882/1149/16 899/1174/16
f 912/1191/15 905/1183/15 881/1147/15 898/1173/15
f 888/1157/552 884/1151/552 885/1153/552 890/1160/552
f 892/1163/553 888/1157/553 890/1160/553 894/1166/553
f 906/1185/15 908/1187/15 890/1161/15 885/1154/15
f 924/1205/16 925/1206/16 891/1162/16 886/1155/16
f 896/1169/554 892/1163/554 894/1166/554 898/1172/554
f 908/1187/15 910/1189/15 894/1167/15 890/1161/15
f 880/1144/555 896/1169/555 898/1172/555 881/1148/555
f 926/1207/16 927/1208/16 899/1174/16 895/1168/16
f 895/1168/557 899/1174/557 897/1171/557 893/1165/557
f 892/1164/16 896/1170/16 913/1192/16 911/1190/16
f 888/1158/16 892/1164/16 911/1190/16 909/1188/16
f 884/1152/16 888/1158/16 909/1188/16 907/1186/16
f 917/1197/15 918/1198/15 908/1187/15 906/1185/15
f 920/1200/15 923/1204/15 905/1183/15 912/1191/15
f 896/1170/16 880/1145/16 904/1182/16 913/1192/16
f 916/1195/12 904/1181/12 905/1184/12 923/1203/12
f 882/1149/12 916/1195/12 923/1203/12 883/1150/12
f 897/1171/15 883/1150/15 923/1204/15 920/1200/15
f 911/1190/16 913/1192/16 927/1208/16 926/1207/16
f 909/1188/16 911/1190/16 926/1207/16 925/1206/16
f 907/1186/16 909/1188/16 925/1206/16 924/1205/16
f 913/1192/16 904/1182/16 916/1196/16 927/1208/16
f 953/1248/579 952/1245/579 829/1081/579 831/1084/579 886/1155/579 887/1156/579 948/1236/579 949/1239/579
f 948/1236/15 887/1156/15 917/1197/15 855/1117/15 829/1081/15 952/1245/15 944/1227/15 946/1232/15
f 887/1156/581 886/1155/581 891/1162/581 889/1159/581 958/1260/581 959/1263/581 962/1270/581 963/1272/581
f 958/1260/15 889/1159/15 918/1198/15 917/1197/15 887/1156/15 963/1272/15 954/1251/15 956/1256/15
f 819/1066/587 981/1290/587 1004/1318/587 998/1312/587
f 969/1278/16 975/1284/16 1499/1923/16 1497/1921/16
f 1274/1610/597 819/1066/597 998/1312/597 1275/1611/597
f 1321/1660/598 1320/1659/598 1047/1372/598 1042/1366/598
f 1319/1658/599 1414/1757/599 1413/1756/599 1039/1362/599
f 1121/1444/599 1120/1443/599 1055/1380/599 1048/1373/599
f 1420/1763/600 1138/1465/600 1067/1390/600 1066/1389/600
f 1015/1333/598 1008/1323/598 1040/1364/598 1046/1370/598
f 1137/1464/598 1136/1463/598 1065/1388/598 1050/1375/598
f 1308/1647/12 1307/1646/12 1045/1369/12 1033/1355/12
f 1114/1437/601 1416/1759/601 1068/1391/601 1069/1392/601
f 971/1280/521 1397/1740/521 1002/1316/521 1001/1315/521
f 1230/1560/604 753/978/604 992/1304/604 1232/1562/604
f 1395/1738/521 965/1274/521 999/1313/521 1000/1314/521
f 1092/1417/605 982/1291/605 1003/1317/605 1094/1419/605
f 981/1290/607 987/1296/607 1006/1320/607 1004/1318/607
f 976/1285/608 759/984/608 993/1305/608 1005/1319/608
f 1290/1628/598 1289/1627/598 1012/1329/598 1011/1327/598
f 1264/1600/598 1263/1599/598 1014/1331/598 1013/1330/598
f 1302/1641/598 1018/1338/598 1019/1340/598 1301/1640/598
f 1277/1614/598 1020/1341/598 1021/1342/598 1276/1613/598
f 1013/1330/598 1014/1331/598 1023/1345/598 1022/1344/598 1081/1406/598 1108/1433/598 1095/1420/598 1026/1348/598 1028/1350/598
f 1021/1342/598 1020/1341/598 1027/1349/598 1029/1351/598 1088/1413/598 1102/1427/598 1074/1397/598 1024/1346/598 1025/1347/598
f 1021/1342/598 1025/1347/598 1023/1345/598 1014/1331/598
f 1010/1325/598 1007/1322/598 1008/1323/598 1015/1333/598 1017/1336/598 1301/1639/598 1019/1339/598 1247/1580/598 1276/1612/598 1021/1343/598 1014/1332/598 1263/1598/598 1233/1563/598 1012/1328/598 1289/1626/598
f 991/1302/14 988/1297/14 1007/1321/14 1010/1326/14
f 1418/1761/599 1117/1440/599 1057/1382/599 1325/1664/599
f 1307/1646/598 1306/1645/598 1044/1368/598 1045/1369/598
f 1715/2151/609 1713/2149/609 1154/1481/609 1150/1477/609
f 994/1306/12 996/1309/12 1017/1337/12 1015/1334/12
f 1135/1462/599 1132/1459/599 1051/1376/599 1063/1386/599
f 1714/2150/610 1710/2145/610 1158/1485/610 1152/1479/610
f 1326/1665/598 1114/1437/598 1069/1392/598 1324/1663/598
f 989/1299/599 994/1306/599 1037/1360/599 1031/1353/599
f 1252/1586/598 1116/1439/598 1058/1383/598 1250/1584/598
f 1031/1353/611 1037/1360/611 1046/1371/611 1040/1363/611
f 1411/1754/611 1033/1355/611 1045/1369/611 1044/1368/611
f 1030/1352/611 1031/1353/611 1040/1363/611 1036/1358/611
f 1412/1755/612 1417/1760/612 1043/1367/612 1304/1643/612
f 1039/1362/611 1413/1756/611 1042/1366/611 1047/1372/611
f 1410/1753/613 1411/1754/613 1044/1368/613 1292/1630/613
f 994/1306/12 1015/1334/12 1046/1371/12 1037/1360/12
f 1320/1659/14 1319/1658/14 1039/1362/14 1047/1372/14
f 1119/1442/614 1041/1365/614 1432/1775/614 1438/1781/614
f 1280/1617/599 1118/1441/599 1056/1381/599 1278/1615/599
f 1316/1655/598 1311/1650/598 1035/1357/598 1292/1630/598
f 1421/1764/599 1420/1763/599 1066/1389/599 1312/1651/599
f 1007/1321/14 988/1297/14 1030/1352/14 1036/1358/14
f 1328/1667/598 1321/1660/598 1042/1366/598 1304/1643/598
f 988/1297/599 989/1299/599 1031/1353/599 1030/1352/599
f 1008/1323/598 1007/1322/598 1036/1359/598 1040/1364/598
f 1415/1758/599 1308/1647/599 1033/1355/599 1411/1754/599
f 1056/1381/616 1048/1373/616 1049/1374/616 1064/1387/616
f 1235/1566/14 1052/1377/14 1053/1378/14 1236/1567/14
f 1096/1421/617 1059/1384/617 1062/1385/617 1097/1422/617
f 1278/1615/12 1056/1381/12 1064/1387/12 1279/1616/12
f 1063/1386/618 1051/1376/618 1050/1375/618 1065/1388/618
f 1048/1373/619 1055/1380/619 1054/1379/619 1049/1374/619
f 1059/1384/620 1063/1386/620 1065/1388/620 1062/1385/620
f 1325/1664/12 1324/1663/12 1069/1392/12 1068/1391/12
f 1313/1652/14 1312/1651/14 1066/1389/14 1067/1390/14
f 1314/1653/598 1139/1466/598 1053/1378/598 1313/1652/598
f 1123/1446/598 1122/1445/598 1049/1374/598 1054/1379/598
f 1140/1467/599 1135/1462/599 1063/1386/599 1059/1384/599
f 1147/1474/599 1140/1467/599 1059/1384/599 1096/1421/599
f 1136/1463/598 1142/1469/598 1062/1385/598 1065/1388/598
f 1129/1456/598 1123/1446/598 1054/1379/598 1090/1415/598
f 1238/1569/599 1133/1460/599 1052/1377/599 1235/1566/599
f 1118/1441/599 1121/1444/599 1048/1373/599 1056/1381/599
f 1267/1603/598 1137/1464/598 1050/1375/598 1266/1602/598
f 1122/1445/598 1115/1438/598 1064/1387/598 1049/1374/598
f 1131/1458/599 1127/1453/599 1075/1398/599 1103/1428/599
f 1103/1428/621 1075/1398/621 1076/1400/621 1104/1429/621
f 1100/1425/623 1072/1395/623 1073/1396/623 1101/1426/623
f 1149/1476/598 1144/1471/598 1083/1408/598 1110/1435/598
f 965/1274/625 1077/1402/625 1080/1405/625 999/1313/625
f 987/1296/629 1086/1411/629 1087/1412/629 1006/1320/629
f 1055/1380/621 1089/1414/621 1090/1415/621 1054/1379/621
f 1120/1443/599 1128/1455/599 1089/1414/599 1055/1380/599
f 1130/1457/598 1129/1456/598 1090/1415/598 1104/1429/598
f 1142/1469/598 1146/1473/598 1097/1422/598 1062/1385/598
f 1148/1475/599 1147/1474/599 1096/1421/599 1109/1434/599
f 1109/1434/617 1096/1421/617 1097/1422/617 1110/1435/617
f 1105/1430/633 1092/1417/633 1094/1419/633 1107/1432/633
f 1126/1451/598 1130/1457/598 1104/1429/598 1076/1400/598
f 1086/1411/635 1100/1425/635 1101/1426/635 1087/1412/635
f 1089/1414/621 1103/1428/621 1104/1429/621 1090/1415/621
f 1128/1455/599 1131/1458/599 1103/1428/599 1089/1414/599
f 1077/1402/637 1105/1430/637 1107/1432/637 1080/1405/637
f 1082/1407/617 1109/1434/617 1110/1435/617 1083/1408/617
f 1145/1472/599 1148/1475/599 1109/1434/599 1082/1407/599
f 1146/1473/598 1149/1476/598 1110/1435/598 1097/1422/598
f 1087/1412/599 1101/1426/599 1131/1458/599 1128/1455/599
f 1074/1397/598 1102/1427/598 1130/1457/598 1126/1451/598
f 1102/1427/598 1088/1413/598 1129/1456/598 1130/1457/598
f 1006/1320/599 1087/1412/599 1128/1455/599 1120/1443/599
f 1101/1426/599 1073/1396/599 1127/1453/599 1131/1458/599
f 1024/1346/598 1074/1397/598 1126/1451/598 1125/1450/598
f 1027/1349/598 1020/1341/598 1115/1438/598 1122/1445/598
f 998/1312/599 1004/1318/599 1121/1444/599 1118/1441/599
f 1712/2147/12 1708/2143/12 1160/1488/12 1159/1486/12
f 1088/1413/598 1029/1351/598 1123/1446/598 1129/1456/598
f 1073/1396/599 1001/1315/599 1124/1447/599 1127/1453/599
f 1029/1351/598 1027/1349/598 1122/1445/598 1123/1446/598
f 1275/1611/599 998/1312/599 1118/1441/599 1280/1617/599
f 1248/1582/598 1018/1338/598 1116/1439/598 1252/1586/598
f 1322/1661/598 1043/1367/598 1114/1437/598 1326/1665/598
f 1425/1768/599 997/1311/599 1117/1440/599 1418/1761/599
f 1043/1367/640 1417/1760/640 1416/1759/640 1114/1437/640
f 1004/1318/599 1006/1320/599 1120/1443/599 1121/1444/599
f 1095/1420/598 1108/1433/598 1149/1476/598 1146/1473/598
f 1080/1405/599 1107/1432/599 1148/1475/599 1145/1472/599
f 1107/1432/599 1094/1419/599 1147/1474/599 1148/1475/599
f 1026/1348/598 1095/1420/598 1146/1473/598 1142/1469/598
f 999/1313/599 1080/1405/599 1145/1472/599 1141/1468/599
f 1108/1433/598 1081/1406/598 1144/1471/598 1149/1476/598
f 1264/1600/598 1013/1330/598 1137/1464/598 1267/1603/598
f 1232/1562/599 992/1304/599 1133/1460/599 1238/1569/599
f 1713/2149/609 1709/2144/609 1153/1480/609 1154/1481/609
f 1081/1406/598 1022/1344/598 1143/1470/598 1144/1471/598
f 1028/1350/598 1026/1348/598 1142/1469/598 1136/1463/598
f 1094/1419/599 1003/1317/599 1140/1467/599 1147/1474/599
f 1003/1317/599 1005/1319/599 1135/1462/599 1140/1467/599
f 1311/1650/598 1011/1327/598 1139/1466/598 1314/1653/598
f 1309/1648/12 1032/1354/12 1434/1777/12 1437/1780/12
f 1005/1319/599 993/1305/599 1132/1459/599 1135/1462/599
f 1013/1330/598 1028/1350/598 1136/1463/598 1137/1464/598
f 1419/1762/641 1035/1357/641 1138/1465/641 1420/1763/641
f 1141/1468/642 1145/1472/642 1144/1471/642 1143/1470/642
f 1145/1472/643 1082/1407/643 1083/1408/643 1144/1471/643
f 1710/2145/14 1711/2146/14 1161/1490/14 1158/1485/14
f 1708/2142/644 1715/2151/644 1150/1477/644 1160/1489/644
f 1709/2144/609 1714/2150/609 1152/1479/609 1153/1480/609
f 1206/1535/649 1178/1507/649 1508/1932/649 1510/1934/649
f 1262/1597/599 1232/1562/599 1238/1569/599 1257/1592/599
f 1011/1327/598 1234/1565/598 1237/1568/598 1139/1466/598
f 1139/1466/598 1237/1568/598 1236/1567/598 1053/1378/598
f 1257/1592/599 1238/1569/599 1235/1566/599 1265/1601/599
f 1265/1601/14 1235/1566/14 1236/1567/14 1266/1602/14
f 1011/1327/598 1012/1329/598 1233/1564/598 1234/1565/598
f 1261/1596/680 1230/1560/680 1232/1562/680 1262/1597/680
f 1277/1614/598 1248/1582/598 1252/1586/598 1271/1607/598
f 997/1311/599 1246/1579/599 1251/1585/599 1117/1440/599
f 1057/1382/12 1249/1583/12 1250/1584/12 1058/1383/12
f 1117/1440/599 1251/1585/599 1249/1583/599 1057/1382/599
f 1271/1607/598 1252/1586/598 1250/1584/598 1279/1616/598
f 1018/1338/598 1248/1582/598 1247/1581/598 1019/1340/598
f 813/1060/683 1244/1577/683 1246/1579/683 997/1311/683
f 759/984/686 1261/1596/686 1262/1597/686 993/1305/686
f 1051/1376/14 1265/1601/14 1266/1602/14 1050/1375/14
f 1132/1459/599 1257/1592/599 1265/1601/599 1051/1376/599
f 993/1305/599 1262/1597/599 1257/1592/599 1132/1459/599
f 1234/1565/598 1264/1600/598 1267/1603/598 1237/1568/598
f 1237/1568/598 1267/1603/598 1266/1602/598 1236/1567/598
f 1234/1565/598 1233/1564/598 1263/1599/598 1264/1600/598
f 1115/1438/598 1271/1607/598 1279/1616/598 1064/1387/598
f 1020/1341/598 1277/1614/598 1271/1607/598 1115/1438/598
f 1246/1579/599 1275/1611/599 1280/1617/599 1251/1585/599
f 1249/1583/12 1278/1615/12 1279/1616/12 1250/1584/12
f 1251/1585/599 1280/1617/599 1278/1615/599 1249/1583/599
f 1248/1582/598 1277/1614/598 1276/1613/598 1247/1581/598
f 1244/1577/687 1274/1610/687 1275/1611/687 1246/1579/687
f 1306/1645/598 1316/1655/598 1292/1630/598 1044/1368/598
f 1310/1649/688 1422/1765/688 1426/1769/688 1431/1774/688
f 1419/1762/689 1410/1753/689 1292/1630/689 1035/1357/689
f 1009/1324/598 1010/1326/598 1289/1627/598 1290/1628/598
f 1322/1661/598 1328/1667/598 1304/1643/598 1043/1367/598
f 1038/1361/14 1318/1657/14 1436/1779/14 1435/1778/14
f 1413/1756/693 1412/1755/693 1304/1643/693 1042/1366/693
f 1016/1335/598 1302/1641/598 1301/1640/598 1017/1337/598
f 992/1304/599 1288/1625/599 1317/1656/599 1423/1766/599
f 1009/1324/598 1290/1628/598 1316/1655/598 1306/1645/598
f 992/1304/599 1423/1766/599 1421/1764/599 1133/1460/599
f 1035/1357/598 1311/1650/598 1314/1653/598 1138/1465/598
f 1138/1465/598 1314/1653/598 1313/1652/598 1067/1390/598
f 1053/1378/14 1052/1377/14 1312/1651/14 1313/1652/14
f 990/1301/599 991/1302/599 1308/1647/599 1415/1758/599
f 1133/1460/599 1421/1764/599 1312/1651/599 1052/1377/599
f 1290/1628/598 1011/1327/598 1311/1650/598 1316/1655/598
f 1288/1625/599 990/1301/599 1415/1758/599 1317/1656/599
f 1010/1326/598 1009/1324/598 1306/1645/598 1307/1646/598
f 991/1302/12 1010/1326/12 1307/1646/12 1308/1647/12
f 995/1308/599 1300/1638/599 1329/1668/599 1414/1757/599
f 1018/1338/598 1302/1641/598 1328/1667/598 1322/1661/598
f 1134/1461/14 1315/1654/14 1441/1784/14 1440/1783/14
f 1018/1338/598 1322/1661/598 1326/1665/598 1116/1439/598
f 1057/1382/12 1058/1383/12 1324/1663/12 1325/1664/12
f 1302/1641/598 1016/1335/598 1321/1660/598 1328/1667/598
f 1300/1638/599 997/1311/599 1425/1768/599 1329/1668/599
f 1017/1337/14 996/1309/14 1319/1658/14 1320/1659/14
f 1116/1439/598 1326/1665/598 1324/1663/598 1058/1383/598
f 1416/1759/599 1418/1761/599 1325/1664/599 1068/1391/599
f 996/1309/599 995/1308/599 1414/1757/599 1319/1658/599
f 1016/1335/598 1017/1337/598 1320/1659/598 1321/1660/598
f 1399/1742/15 1401/1744/15 1503/1927/15 1501/1925/15
f 1291/1629/599 1032/1354/599 1411/1754/599 1410/1753/599
f 1038/1361/599 1303/1642/599 1412/1755/599 1413/1756/599
f 1318/1657/599 1038/1361/599 1413/1756/599 1414/1757/599
f 1032/1354/599 1309/1648/599 1415/1758/599 1411/1754/599
f 1041/1365/599 1119/1442/599 1416/1759/599 1417/1760/599
f 1119/1442/599 1327/1666/599 1418/1761/599 1416/1759/599
f 1134/1461/599 1034/1356/599 1419/1762/599 1420/1763/599
f 1034/1356/599 1291/1629/599 1410/1753/599 1419/1762/599
f 1303/1642/599 1041/1365/599 1417/1760/599 1412/1755/599
f 1315/1654/599 1134/1461/599 1420/1763/599 1421/1764/599
f 1422/1765/599 1310/1649/599 1423/1766/599 1317/1656/599
f 1310/1649/599 1315/1654/599 1421/1764/599 1423/1766/599
f 1309/1648/599 1422/1765/599 1317/1656/599 1415/1758/599
f 1424/1767/599 1318/1657/599 1414/1757/599 1329/1668/599
f 1327/1666/599 1323/1662/599 1425/1768/599 1418/1761/599
f 1323/1662/599 1424/1767/599 1329/1668/599 1425/1768/599
f 1426/1769/599 1437/1780/599 1434/1777/599 1427/1770/599
f 1428/1771/599 1433/1776/599 1432/1775/599 1429/1772/599
f 1431/1774/599 1430/1773/599 1440/1783/599 1441/1784/599
f 1431/1774/599 1426/1769/599 1427/1770/599 1430/1773/599
f 1436/1779/599 1428/1771/599 1429/1772/599 1435/1778/599
f 1432/1775/599 1433/1776/599 1439/1782/599 1438/1781/599
f 1422/1765/701 1309/1648/701 1437/1780/701 1426/1769/701
f 1327/1666/12 1119/1442/12 1438/1781/12 1439/1782/12
f 1318/1657/702 1424/1767/702 1428/1771/702 1436/1779/702
f 1034/1356/703 1134/1461/703 1440/1783/703 1430/1773/703
f 1323/1662/704 1327/1666/704 1439/1782/704 1433/1776/704
f 1291/1629/705 1034/1356/705 1430/1773/705 1427/1770/705
f 1032/1354/706 1291/1629/706 1427/1770/706 1434/1777/706
f 1424/1767/707 1323/1662/707 1433/1776/707 1428/1771/707
f 1041/1365/708 1303/1642/708 1429/1772/708 1432/1775/708
f 1303/1642/709 1038/1361/709 1435/1778/709 1429/1772/709
f 1443/1788/13 709/913/13 708/910/13 1442/1785/13
f 1445/1792/14 709/913/14 1443/1788/14 1444/1790/14
f 1446/1795/12 1442/1786/12 708/911/12 1447/1797/12
f 1447/1798/16 708/912/16 709/914/16 1445/1793/16
f 1124/1448/716 1125/1449/716 1126/1452/716 1127/1454/716
f 1126/1452/717 1076/1401/717 1075/1399/717 1127/1454/717
f 1157/1484/718 1154/1481/718 1153/1480/718 1156/1483/718 1446/1796/718 1447/1799/718 1445/1794/718 1444/1791/718
f 1446/1796/719 1156/1483/719 1023/1345/719 1025/1347/719 1157/1484/719 1444/1791/719 1443/1789/719 1442/1787/719
f 1451/1808/13 693/873/13 692/870/13 1449/1803/13
f 1455/1817/14 693/873/14 1451/1808/14 1453/1812/14
f 1457/1822/12 1449/1804/12 692/871/12 1459/1827/12
f 692/872/16 693/874/16 1455/1818/16 1459/1828/16
f 1464/1840/13 695/878/13 694/875/13 1462/1835/13
f 1468/1849/14 695/878/14 1464/1840/14 1466/1845/14
f 1462/1836/12 694/876/12 1471/1857/12 1469/1852/12
f 1471/1858/16 694/877/16 695/879/16 1468/1850/16
f 1476/1870/13 697/883/13 696/880/13 1474/1865/13
f 1480/1879/14 697/883/14 1476/1870/14 1478/1875/14
f 1481/1882/12 1474/1866/12 696/881/12 1483/1887/12
f 1483/1888/16 696/882/16 697/884/16 1480/1880/16
f 1485/1893/13 699/888/13 698/885/13 1484/1890/13
f 1491/1906/14 699/888/14 1485/1893/14 1490/1904/14
f 1493/1912/12 1484/1891/12 698/886/12 1494/1914/12
f 1487/1897/13 700/890/13 701/893/13 1486/1895/13
f 1488/1900/12 1486/1895/12 701/893/12 1492/1909/12
f 1495/1917/14 700/891/14 1487/1898/14 1489/1902/14
f 1492/1910/16 701/894/16 700/892/16 1495/1918/16
f 1448/1800/13 702/895/13 703/898/13 1450/1806/13
f 1452/1810/12 1450/1806/12 703/898/12 1454/1814/12
f 1458/1824/14 702/896/14 1448/1801/14 1456/1820/14
f 1454/1815/16 703/899/16 702/897/16 1458/1825/16
f 1460/1830/13 704/900/13 705/903/13 1461/1833/13
f 1463/1838/12 1461/1833/12 705/903/12 1465/1842/12
f 1470/1854/14 704/901/14 1460/1831/14 1467/1847/14
f 1465/1843/16 705/904/16 704/902/16 1470/1855/16
f 1472/1860/13 706/905/13 707/908/13 1473/1863/13
f 1475/1868/12 1473/1863/12 707/908/12 1477/1872/12
f 1482/1884/14 706/906/14 1472/1861/14 1479/1877/14
f 1477/1873/16 707/909/16 706/907/16 1482/1885/16
f 1155/1482/720 1022/1344/720 1023/1345/720 1156/1483/720 1489/1903/720 1487/1899/720 1486/1896/720 1488/1901/720
f 1489/1903/721 1156/1483/721 1153/1480/721 1152/1479/721 1155/1482/721 1488/1901/721 1492/1911/721 1495/1919/721
f 1151/1478/721 1150/1477/721 1154/1481/721 1157/1484/721 1457/1823/721 1459/1829/721 1455/1819/721 1453/1813/721
f 1159/1487/722 1160/1489/722 1150/1477/722 1151/1478/722 1469/1853/722 1471/1859/722 1468/1851/722 1466/1846/722 1481/1883/722 1483/1889/722 1480/1881/722 1478/1876/722 1493/1913/722 1494/1916/722 1491/1908/722 1490/1905/722
f 1467/1848/723 1452/1811/723 1454/1816/723 1458/1826/723 1456/1821/723 1155/1482/723 1152/1479/723 1158/1485/723 1161/1490/723 1475/1869/723 1477/1874/723 1482/1886/723 1479/1878/723 1463/1839/723 1465/1844/723 1470/1856/723
f 1457/1823/720 1157/1484/720 1025/1347/720 1024/1346/720 1151/1478/720 1453/1813/720 1451/1809/720 1449/1805/720
f 1399/1742/13 1398/1741/13 1496/1920/13 1497/1921/13
f 1400/1743/13 1401/1744/13 1499/1923/13 1498/1922/13
f 1401/1744/13 1399/1742/13 1497/1921/13 1499/1923/13
f 1398/1741/13 1400/1743/13 1498/1922/13 1496/1920/13
f 1398/1741/724 1399/1742/724 1501/1925/724 1500/1924/724
f 1400/1743/16 1398/1741/16 1500/1924/16 1502/1926/16
f 1401/1744/725 1400/1743/725 1502/1926/725 1503/1927/725
f 1513/1937/726 1509/1933/726 1518/1942/726 1522/1946/726
f 1180/1509/727 1207/1536/727 1511/1935/727 1509/1933/727
f 1178/1507/728 1180/1509/728 1509/1933/728 1508/1932/728
f 1207/1536/729 1206/1535/729 1510/1934/729 1511/1935/729
f 1514/1938/15 1512/1936/15 1513/1937/15 1515/1939/15
f 1508/1932/11 1509/1933/11 1513/1937/11 1512/1936/11
f 1511/1935/13 1510/1934/13 1514/1938/13 1515/1939/13
f 1514/1938/730 1510/1934/730 1517/1941/730 1521/1945/730
f 1518/1942/731 1519/1943/731 1523/1947/731 1522/1946/731
f 1517/1941/732 1516/1940/732 1520/1944/732 1521/1945/732
f 1509/1933/16 1511/1935/16 1519/1943/16 1518/1942/16
f 1512/1936/15 1514/1938/15 1521/1945/15 1520/1944/15
f 1508/1932/733 1512/1936/733 1520/1944/733 1516/1940/733
f 1511/1935/734 1515/1939/734 1523/1947/734 1519/1943/734
f 1510/1934/16 1508/1932/16 1516/1940/16 1517/1941/16
f 1515/1939/15 1513/1937/15 1522/1946/15 1523/1947/15
f 1549/1973/11 1548/1972/11 1547/1971/11 1546/1970/11
f 1563/1987/762 1562/1986/762 1569/1993/762 1568/1992/762
f 1564/1988/763 1572/1996/763 1573/1997/763 1565/1989/763
f 1566/1990/764 1567/1991/764 1562/1986/764 1563/1987/764
f 1570/1994/765 1564/1988/765 1565/1989/765 1571/1995/765
f 746/970/769 1286/1623/769 1562/1986/769 1567/1991/769
f 989/1299/775 988/1297/775 1578/2002/775 1579/2003/775
f 994/1306/775 989/1299/775 1579/2003/775 1577/2001/775
f 1635/2067/786 1633/2065/786 1645/2077/786 1644/2076/786
f 1637/2069/788 1636/2068/788 1631/2063/788 1630/2062/788
f 1627/2059/791 1626/2058/791 1630/2062/791 1631/2063/791
f 1625/2057/791 1624/2056/791 1629/2061/791 1628/2060/791
f 1633/2065/792 1632/2064/792 1625/2057/792 1628/2060/792
f 1632/2064/793 1634/2066/793 1624/2056/793 1625/2057/793
f 1634/2066/788 1635/2067/788 1629/2061/788 1624/2056/788
f 1636/2068/794 1639/2071/794 1627/2059/794 1631/2063/794
f 1638/2070/795 1637/2069/795 1646/2078/795 1647/2079/795
f 1639/2071/792 1638/2070/792 1626/2058/792 1627/2059/792
f 1602/2028/796 1588/2012/796 1633/2065/796 1635/2067/796
f 1615/2043/788 1602/2028/788 1635/2067/788 1634/2066/788
f 1601/2027/793 1615/2043/793 1634/2066/793 1632/2064/793
f 1588/2012/792 1601/2027/792 1632/2064/792 1633/2065/792
f 1600/2026/792 1595/2020/792 1638/2070/792 1639/2071/792
f 1609/2035/794 1600/2026/794 1639/2071/794 1636/2068/794
f 1606/2032/788 1609/2035/788 1636/2068/788 1637/2069/788
f 1595/2020/797 1606/2032/797 1637/2069/797 1638/2070/797
f 1644/2076/786 1645/2077/786 1653/2085/786 1652/2084/786
f 1660/2092/14 1648/2080/14 1680/2112/14 1686/2118/14
f 1637/2069/798 1630/2062/798 1643/2075/798 1646/2078/798
f 1628/2060/799 1629/2061/799 1641/2073/799 1640/2072/799
f 1629/2061/800 1635/2067/800 1644/2076/800 1641/2073/800
f 1633/2065/801 1628/2060/801 1640/2072/801 1645/2077/801
f 1626/2058/802 1638/2070/802 1647/2079/802 1642/2074/802
f 1630/2062/803 1626/2058/803 1642/2074/803 1643/2075/803
f 1655/2087/804 1654/2086/804 1651/2083/804 1650/2082/804
f 1652/2084/805 1653/2085/805 1648/2080/805 1649/2081/805
f 1641/2073/806 1644/2076/806 1652/2084/806 1649/2081/806
f 1650/2082/804 1651/2083/804 1663/2095/804 1662/2094/804
f 1647/2079/795 1646/2078/795 1654/2086/795 1655/2087/795
f 1646/2078/807 1643/2075/807 1651/2083/807 1654/2086/807
f 1655/2087/12 1650/2082/12 1682/2114/12 1683/2115/12
f 1641/2073/806 1649/2081/806 1661/2093/806 1657/2089/806
f 1656/2088/799 1657/2089/799 1661/2093/799 1660/2092/799
f 1659/2091/803 1658/2090/803 1662/2094/803 1663/2095/803
f 1640/2072/808 1641/2073/808 1657/2089/808 1656/2088/808
f 1651/2083/807 1643/2075/807 1659/2091/807 1663/2095/807
f 1656/2088/799 1660/2092/799 1686/2118/799 1687/2119/799
f 1649/2081/805 1648/2080/805 1660/2092/805 1661/2093/805
f 1647/2079/795 1655/2087/795 1683/2115/795 1679/2111/795
f 1643/2075/809 1642/2074/809 1658/2090/809 1659/2091/809
f 1675/2107/810 1674/2106/810 1698/2130/810 1699/2131/810
f 1665/2097/14 1664/2096/14 1691/2123/14 1692/2124/14
f 1674/2106/12 1668/2100/12 1690/2122/12 1698/2130/12
f 1671/2103/14 1670/2102/14 1688/2120/14 1695/2127/14
f 1662/2094/803 1658/2090/803 1685/2117/803 1684/2116/803
f 1648/2080/14 1653/2085/14 1681/2113/14 1680/2112/14
f 1653/2085/786 1645/2077/786 1677/2109/786 1681/2113/786
f 1650/2082/12 1662/2094/12 1684/2116/12 1682/2114/12
f 1642/2074/14 1647/2079/14 1679/2111/14 1678/2110/14
f 1658/2090/14 1642/2074/14 1678/2110/14 1685/2117/14
f 1645/2077/12 1640/2072/12 1676/2108/12 1677/2109/12
f 1640/2072/12 1656/2088/12 1687/2119/12 1676/2108/12
f 1664/2096/811 1665/2097/811 1677/2109/811 1676/2108/811
f 1667/2099/812 1666/2098/812 1678/2110/812 1679/2111/812
f 1669/2101/813 1668/2100/813 1680/2112/813 1681/2113/813
f 1670/2102/814 1671/2103/814 1683/2115/814 1682/2114/814
f 1671/2103/815 1667/2099/815 1679/2111/815 1683/2115/815
f 1665/2097/816 1669/2101/816 1681/2113/816 1677/2109/816
f 1673/2105/817 1672/2104/817 1684/2116/817 1685/2117/817
f 1674/2106/818 1675/2107/818 1687/2119/818 1686/2118/818
f 1672/2104/819 1670/2102/819 1682/2114/819 1684/2116/819
f 1675/2107/820 1664/2096/820 1676/2108/820 1687/2119/820
f 1668/2100/821 1674/2106/821 1686/2118/821 1680/2112/821
f 1666/2098/822 1673/2105/822 1685/2117/822 1678/2110/822
f 1667/2099/825 1671/2103/825 1695/2127/825 1693/2125/825
f 1673/2105/12 1666/2098/12 1689/2121/12 1697/2129/12
f 1666/2098/12 1667/2099/12 1693/2125/12 1689/2121/12
f 1670/2102/14 1672/2104/14 1696/2128/14 1688/2120/14
f 1669/2101/826 1665/2097/826 1692/2124/826 1694/2126/826
f 1668/2100/12 1669/2101/12 1694/2126/12 1690/2122/12
f 1664/2096/14 1675/2107/14 1699/2131/14 1691/2123/14
f 1672/2104/827 1673/2105/827 1697/2129/827 1696/2128/827
f 1000/1314/828 999/1313/828 1705/2139/828 1703/2137/828
f 1124/1447/828 1001/1315/828 1706/2140/828 1701/2134/828
f 1141/1468/14 1143/1470/14 1707/2141/14 1704/2138/14
f 1002/1316/828 1000/1314/828 1703/2137/828 1702/2136/828
f 1125/1449/12 1124/1448/12 1701/2135/12 1700/2132/12
f 999/1313/828 1141/1468/828 1704/2138/828 1705/2139/828
f 1001/1315/828 1002/1316/828 1702/2136/828 1706/2140/828
f 1703/2137/829 1705/2139/829 1714/2150/829 1709/2144/829
f 1701/2134/830 1706/2140/830 1715/2151/830 1708/2142/830
f 1704/2138/14 1707/2141/14 1711/2146/14 1710/2145/14
f 1702/2136/829 1703/2137/829 1709/2144/829 1713/2149/829
f 1700/2132/12 1701/2135/12 1708/2143/12 1712/2147/12
f 1705/2139/831 1704/2138/831 1710/2145/831 1714/2150/831
f 1706/2140/829 1702/2136/829 1713/2149/829 1715/2151/829
f 1717/2153/832 1718/2154/832 1721/2157/832 1720/2156/832
f 1717/2153/833 1716/2152/833 1719/2155/833 1720/2156/833
f 1720/2156/834 1721/2157/834 1724/2160/834 1723/2159/834
f 1720/2156/835 1719/2155/835 1722/2158/835 1723/2159/835
f 1867/2374/13 1868/2375/13 1734/2176/13 1733/2175/13
f 1882/2390/837 1883/2392/837 1730/2169/837 1740/2185/837
f 1871/2378/15 1882/2390/15 1740/2185/15 1744/2197/15
f 1740/2186/12 1739/2184/12 1754/2212/12 1753/2211/12
f 1868/2375/839 1871/2378/839 1744/2197/839 1734/2176/839
f 1737/2179/14 1738/2181/14 1755/2213/14 1756/2214/14
f 1755/2213/14 1738/2181/14 1771/2232/14 1778/2250/14
f 1744/2197/12 1740/2185/12 1770/2230/12 1769/2228/12
f 1740/2186/12 1753/2211/12 1780/2254/12 1770/2231/12
f 1738/2182/14 1741/2188/14 1772/2235/14 1771/2233/14
f 1781/2255/14 1763/2221/14 1859/2365/14 1862/2368/14
f 1763/2221/14 1764/2222/14 1788/2262/14 1787/2261/14
f 1739/2183/12 1742/2190/12 1796/2274/12 1795/2272/12
f 1762/2220/12 1761/2219/12 1785/2259/12 1786/2260/12
f 1795/2272/840 1796/2274/840 1816/2302/840 1815/2301/840
f 1793/2267/842 1794/2270/842 1814/2299/842 1813/2296/842
f 1788/2262/14 1764/2222/14 1805/2287/14 1809/2291/14
f 1754/2212/12 1739/2184/12 1795/2273/12 1801/2283/12
f 1743/2194/14 1737/2180/14 1794/2270/14 1793/2267/14
f 1762/2220/12 1786/2260/12 1811/2293/12 1807/2289/12
f 1737/2179/14 1756/2214/14 1803/2285/14 1794/2271/14
f 1913/2423/12 1833/2323/12 1855/2361/12 1915/2425/12
f 1821/2311/12 1815/2300/12 1837/2330/12 1843/2346/12
f 1809/2291/842 1805/2287/842 1914/2424/842 1831/2321/842
f 1801/2283/840 1795/2273/840 1815/2300/840 1821/2311/840
f 1807/2289/840 1811/2293/840 1833/2323/840 1913/2423/840
f 1794/2271/842 1803/2285/842 1823/2313/842 1814/2298/842
f 1814/2298/14 1823/2313/14 1845/2350/14 1836/2328/14
f 1813/2296/14 1814/2299/14 1836/2329/14 1835/2326/14
f 1815/2301/12 1816/2302/12 1838/2333/12 1837/2331/12
f 1831/2321/14 1914/2424/14 1916/2426/14 1853/2359/14
f 1761/2219/12 1784/2258/12 1857/2363/12 1858/2364/12
f 1876/2384/839 1879/2387/839 1871/2378/839 1868/2375/839
f 1879/2387/15 1881/2389/15 1882/2390/15 1871/2378/15
f 1874/2381/13 1876/2384/13 1868/2375/13 1867/2374/13
f 1735/2177/13 1736/2178/13 1876/2384/13 1874/2381/13
f 1738/2182/837 1732/2174/837 1884/2394/837 1881/2389/837
f 1741/2188/15 1738/2182/15 1881/2389/15 1879/2387/15
f 1736/2178/839 1741/2188/839 1879/2387/839 1876/2384/839
f 1869/2376/837 1866/2373/837 1883/2392/837 1882/2390/837
f 1873/2380/837 1877/2385/837 1881/2389/837 1884/2394/837
f 1851/2357/12 1829/2319/12 1913/2423/12 1915/2425/12
f 1827/2317/14 1849/2355/14 1916/2426/14 1914/2424/14
f 862/1125/16 861/1124/16 831/1084/16
f 829/1081/15 855/1117/15 856/1118/15
f 891/1162/16 925/1206/16 926/1207/16
f 919/1199/15 918/1198/15 889/1159/15
f 1918/2429/856 968/1277/856 969/1278/856 1497/1921/856 1496/1920/856 1919/2431/856 1920/2433/856 1917/2427/856
f 1919/2431/856 1496/1920/856 968/1277/856 1918/2429/856
f 1921/2435/15 968/1277/15 1496/1920/15 1498/1922/15 974/1283/15 1922/2437/15 1923/2439/15 1924/2441/15
f 1922/2437/15 974/1283/15 968/1277/15 1921/2435/15
f 974/1283/857 1498/1922/857 1928/2449/857 1925/2443/857
f 1498/1922/857 1499/1923/857 975/1284/857 974/1283/857 1925/2443/857 1926/2445/857 1927/2447/857 1928/2449/857
f 1493/1913/858 1478/1876/858 1476/1871/858 1484/1892/858
f 1712/2148/859 1159/1487/859 1490/1905/859 1485/1894/859
f 1481/1883/858 1466/1846/858 1464/1841/858 1474/1867/858
f 1712/2148/860 1485/1894/860 1484/1892/860 1476/1871/860 1474/1867/860 1464/1841/860 1462/1837/860
f 1707/2141/861 1143/1470/861 1022/1344/861 1155/1482/861 1456/1821/861 1448/1802/861 1711/2146/861
f 1461/1834/862 1463/1839/862 1479/1878/862 1472/1862/862
f 1475/1869/863 1161/1490/863 1711/2146/863 1473/1864/863
f 1450/1807/862 1452/1811/862 1467/1848/862 1460/1832/862
f 1448/1802/864 1450/1807/864 1460/1832/864 1461/1834/864 1472/1862/864 1473/1864/864 1711/2146/864
f 989/1300/865 994/1307/865 1718/2154/865 1717/2153/865
f 989/1300/866 988/1298/866 1716/2152/866 1717/2153/866
f 996/1310/12 811/1058/12 1726/2162/12 1728/2164/12
f 1764/2222/14 1743/2195/14 1793/2269/14 1805/2287/14
f 1742/2192/12 1762/2220/12 1807/2289/12 1796/2275/12
f 1742/2192/12 1744/2198/12 1761/2219/12 1762/2220/12
f 1761/2219/12 1744/2198/12 1769/2229/12 1784/2258/12
f 1741/2189/14 1743/2195/14 1764/2222/14 1763/2221/14
f 1741/2189/14 1763/2221/14 1781/2255/14 1772/2236/14
f 1796/2275/840 1807/2289/840 1913/2423/840 1816/2303/840
f 1805/2287/842 1793/2269/842 1813/2297/842 1914/2424/842
f 1829/2319/12 1826/2316/12 1816/2303/12 1913/2423/12
f 1825/2315/14 1827/2317/14 1914/2424/14 1813/2297/14
f 1848/2354/12 1851/2357/12 1915/2425/12 1838/2334/12
f 1849/2355/14 1847/2353/14 1835/2327/14 1916/2426/14
f 1826/2316/12 1848/2354/12 1838/2334/12 1816/2303/12
f 1847/2353/14 1825/2315/14 1813/2297/14 1835/2327/14
f 1931/2455/873 632/749/873 633/752/873 1932/2458/873
f 633/752/874 634/754/874 1935/2464/874 1932/2458/874
f 634/754/875 635/756/875 1939/2472/875 1935/2464/875
f 635/756/876 636/758/876 1941/2476/876 1939/2472/876
f 636/758/877 637/760/877 1944/2482/877 1941/2476/877
f 637/760/878 638/762/878 1948/2490/878 1944/2482/878
f 638/762/879 639/764/879 1952/2498/879 1948/2490/879
f 639/764/13 640/766/13 1954/2502/13 1952/2498/13
f 640/766/880 641/768/880 1956/2506/880 1954/2502/880
f 641/768/881 642/770/881 1957/2508/881 1956/2506/881
f 642/770/882 643/772/882 1959/2512/882 1957/2508/882
f 643/772/883 644/774/883 1963/2521/883 1959/2512/883
f 644/774/884 645/776/884 1966/2527/884 1963/2521/884
f 645/776/885 646/778/885 1968/2531/885 1966/2527/885
f 646/778/886 647/780/886 1971/2537/886 1968/2531/886
f 647/780/887 648/782/887 1974/2543/887 1971/2537/887
f 648/782/888 649/784/888 1977/2549/888 1974/2543/888
f 649/784/889 650/786/889 1981/2557/889 1977/2549/889
f 650/786/890 651/788/890 1983/2561/890 1981/2557/890
f 651/788/891 652/790/891 1985/2565/891 1983/2561/891
f 652/790/892 653/792/892 1987/2569/892 1985/2565/892
f 653/792/893 654/794/893 1989/2573/893 1987/2569/893
f 654/794/11 655/796/11 1929/2451/11 1989/2573/11
f 655/796/894 656/798/894 1934/2462/894 1929/2451/894
f 656/798/895 657/800/895 1937/2468/895 1934/2462/895
f 657/800/896 658/802/896 1940/2474/896 1937/2468/896
f 658/802/897 659/804/897 1943/2480/897 1940/2474/897
f 659/804/898 660/806/898 1946/2486/898 1943/2480/898
f 660/806/899 661/808/899 1949/2492/899 1946/2486/899
f 1949/2492/900 661/808/900 632/750/900 1931/2456/900 1950/2494/900
f 1930/2453/873 663/813/873 662/810/873 1961/2516/873
f 1933/2460/874 664/815/874 663/813/874 1930/2453/874
f 1936/2466/875 665/817/875 664/815/875 1933/2460/875
f 1938/2470/876 666/819/876 665/817/876 1936/2466/876
f 1942/2478/877 667/821/877 666/819/877 1938/2470/877
f 1945/2484/878 668/823/878 667/821/878 1942/2478/878
f 1947/2488/879 669/825/879 668/823/879 1945/2484/879
f 1951/2496/13 670/827/13 669/825/13 1947/2488/13
f 1953/2500/880 671/829/880 670/827/880 1951/2496/880
f 1955/2504/881 672/831/881 671/829/881 1953/2500/881
f 1958/2510/882 673/833/882 672/831/882 1955/2504/882
f 1960/2514/883 674/835/883 673/833/883 1958/2510/883
f 1962/2519/884 675/837/884 674/835/884 1960/2514/884
f 1965/2525/885 676/839/885 675/837/885 1962/2519/885
f 1969/2533/886 677/841/886 676/839/886 1965/2525/886
f 1973/2541/887 678/843/887 677/841/887 1969/2533/887
f 1976/2547/888 679/845/888 678/843/888 1973/2541/888
f 1979/2553/889 680/847/889 679/845/889 1976/2547/889
f 1982/2559/890 681/849/890 680/847/890 1979/2553/890
f 1984/2563/891 682/851/891 681/849/891 1982/2559/891
f 1986/2567/892 683/853/892 682/851/892 1984/2563/892
f 1988/2571/893 684/855/893 683/853/893 1986/2567/893
f 1990/2575/11 685/857/11 684/855/11 1988/2571/11
f 1964/2523/894 686/859/894 685/857/894 1990/2575/894
f 1967/2529/895 687/861/895 686/859/895 1964/2523/895
f 1970/2535/896 688/863/896 687/861/896 1967/2529/896
f 1972/2539/897 689/865/897 688/863/897 1970/2535/897
f 1975/2545/898 690/867/898 689/865/898 1972/2539/898
f 1978/2551/899 691/869/899 690/867/899 1975/2545/899
f 1961/2517/900 662/811/900 691/869/900 1978/2551/900 1980/2555/900
f 1151/1478/905 1024/1346/905 1125/1450/905 1700/2133/905
f 1700/2133/906 1712/2148/906 1462/1837/906
f 1462/1837/858 1469/1853/858 1151/1478/858
f 1462/1837/907 1151/1478/907 1700/2133/907
f 2056/2713/15 52/78/15 49/73/15 2058/2718/15
f 2057/2715/15 46/69/15 48/72/15 2055/2711/15
f 2060/2724/16 51/76/16 50/75/16 2062/2729/16
f 47/71/16 45/67/16 2059/2721/16 2061/2727/16
f 2062/2729/13 50/75/13 52/78/13 2056/2713/13
f 48/72/13 47/71/13 2061/2727/13 2055/2711/13
f 2058/2719/11 49/74/11 51/77/11 2060/2725/11
f 45/68/11 46/70/11 2057/2716/11 2059/2722/11
usemtl Livery_Colour_2
f 1616/2044/497 1168/1497/497 716/922/497 1621/2052/497
f 727/945/501 719/929/501 716/922/501 1168/1497/501 743/967/501 772/1003/501 775/1007/501 721/932/501 723/936/501 725/940/501
f 1332/1671/15 1331/1670/15 1358/1697/15 1359/1698/15
f 1258/1593/15 1255/1590/15 761/986/15 1171/1500/15
f 1623/2055/497 1622/2054/497 766/992/497 1163/1492/497
f 783/1023/501 781/1018/501 779/1014/501 777/1010/501 775/1007/501 772/1003/501 803/1049/501 1163/1492/501 766/992/501 769/999/501
f 1336/1675/15 1337/1676/15 1344/1683/15 1345/1684/15
f 1281/1618/15 1166/1495/15 821/1068/15 1269/1605/15
f 821/1068/15 1166/1495/15 820/1067/15 972/1281/15 973/1282/15 1070/1393/15 1098/1423/15 1084/1409/15 985/1294/15 979/1288/15
f 834/1088/534 838/1094/534 840/1097/534 841/1099/534
f 852/1113/15 841/1100/15 840/1098/15 853/1114/15
f 857/1119/14 837/1093/14 843/1102/14 859/1121/14
f 837/1093/536 833/1087/536 842/1101/536 843/1102/536
f 848/1109/12 834/1089/12 841/1100/12 852/1113/12
f 856/1118/12 848/1109/12 852/1113/12 858/1120/12
f 838/1095/14 850/1111/14 853/1114/14 840/1098/14
f 858/1120/15 852/1113/15 853/1114/15 859/1121/15
f 842/1101/15 858/1120/15 859/1121/15 843/1102/15
f 833/1087/12 856/1118/12 858/1120/12 842/1101/12
f 850/1111/14 857/1119/14 859/1121/14 853/1114/14
f 856/1118/537 855/1117/537 866/1129/537 867/1130/537
f 855/1117/538 846/1107/538 864/1127/538 866/1129/538
f 846/1107/539 848/1109/539 865/1128/539 864/1127/539
f 871/1134/540 870/1133/540 874/1137/540 875/1138/540
f 864/1127/541 865/1128/541 869/1132/541 868/1131/541
f 867/1130/542 866/1129/542 870/1133/542 871/1134/542
f 866/1129/543 864/1127/543 868/1131/543 870/1133/543
f 870/1133/545 868/1131/545 872/1135/545 874/1137/545
f 868/1131/546 869/1132/546 873/1136/546 872/1135/546
f 878/1141/547 876/1139/547 877/1140/547 879/1142/547
f 872/1135/548 873/1136/548 877/1140/548 876/1139/548
f 875/1138/549 874/1137/549 878/1141/549 879/1142/549
f 874/1137/550 872/1135/550 876/1139/550 878/1141/550
f 894/1166/556 901/1177/556 900/1175/556 898/1172/556
f 914/1193/15 915/1194/15 900/1176/15 901/1178/15
f 920/1200/12 922/1202/12 903/1180/12 897/1171/12
f 897/1171/558 903/1180/558 902/1179/558 893/1165/558
f 910/1189/14 914/1193/14 901/1178/14 894/1167/14
f 919/1199/14 921/1201/14 914/1193/14 910/1189/14
f 898/1173/12 900/1176/12 915/1194/12 912/1191/12
f 921/1201/15 922/1202/15 915/1194/15 914/1193/15
f 902/1179/15 903/1180/15 922/1202/15 921/1201/15
f 893/1165/14 902/1179/14 921/1201/14 919/1199/14
f 912/1191/12 915/1194/12 922/1202/12 920/1200/12
f 919/1199/559 931/1212/559 930/1211/559 918/1198/559
f 918/1198/560 930/1211/560 928/1209/560 908/1187/560
f 908/1187/561 928/1209/561 929/1210/561 910/1189/561
f 935/1216/562 939/1220/562 938/1219/562 934/1215/562
f 928/1209/563 932/1213/563 933/1214/563 929/1210/563
f 931/1212/564 935/1216/564 934/1215/564 930/1211/564
f 930/1211/565 934/1215/565 932/1213/565 928/1209/565
f 934/1215/567 938/1219/567 936/1217/567 932/1213/567
f 932/1213/568 936/1217/568 937/1218/568 933/1214/568
f 942/1223/569 943/1224/569 941/1222/569 940/1221/569
f 936/1217/570 940/1221/570 941/1222/570 937/1218/570
f 939/1220/571 943/1224/571 942/1223/571 938/1219/571
f 938/1219/572 942/1223/572 940/1221/572 936/1217/572
f 777/1012/573 1584/2008/573 1585/2009/573 793/1038/573 775/1008/573
f 760/985/15 1171/1500/15 761/986/15 978/1287/15 983/1292/15 1093/1418/15 1106/1431/15 1078/1403/15 967/1276/15 966/1275/15
f 1294/1632/15 814/1061/15 1165/1494/15 1305/1644/15
f 1273/1609/14 820/1067/14 1370/1709/14 1376/1718/14
f 802/1048/15 808/1054/15 1164/1493/15 1162/1491/15
f 1614/2042/645 1623/2055/645 1163/1492/645 803/1049/645
f 1282/1619/15 1293/1631/15 1170/1499/15 754/979/15
f 742/966/15 1167/1496/15 1169/1498/15 748/972/15
f 1612/2039/646 743/967/646 1168/1497/646 1616/2044/646
f 1185/1514/652 1189/1518/652 1215/1544/652 1225/1554/652
f 1196/1525/653 1192/1521/653 1216/1545/653 1218/1547/653
f 1197/1526/658 1201/1530/658 1221/1550/658 1219/1548/658
f 1188/1517/662 1184/1513/662 1224/1553/662 1214/1543/662
f 1214/1543/669 1224/1553/669 1225/1554/669 1215/1544/669
f 1216/1545/670 1214/1543/670 1215/1544/670 1217/1546/670
f 1218/1547/671 1216/1545/671 1217/1546/671 1219/1548/671
f 1220/1549/672 1218/1547/672 1219/1548/672 1221/1550/672
f 1222/1551/673 1220/1549/673 1221/1550/673 1223/1552/673
f 1181/1510/674 1179/1508/674 1222/1551/674 1223/1552/674
f 1193/1522/675 1197/1526/675 1219/1548/675 1217/1546/675
f 1192/1521/676 1188/1517/676 1214/1543/676 1216/1545/676
f 1184/1513/677 1185/1514/677 1225/1554/677 1224/1553/677
f 1200/1529/678 1196/1525/678 1218/1547/678 1220/1549/678
f 1189/1518/679 1193/1522/679 1217/1546/679 1215/1544/679
f 754/979/15 1170/1499/15 1239/1570/15 1229/1558/15
f 1170/1499/15 1552/1976/15 1228/1557/15 1239/1570/15
f 814/1061/15 1243/1575/15 1253/1587/15 1165/1494/15
f 1165/1494/15 1253/1587/15 1242/1574/15 1558/1982/15
f 1239/1570/15 1228/1557/15 1255/1590/15 1258/1593/15
f 1253/1587/15 1281/1618/15 1269/1605/15 1242/1574/15
f 748/972/15 1169/1498/15 1293/1631/15 1282/1619/15
f 808/1054/15 1294/1632/15 1305/1644/15 1164/1493/15
f 1330/1669/15 1331/1670/15 1332/1671/15 1333/1672/15
f 1334/1673/15 1337/1676/15 1336/1675/15 1335/1674/15
f 1334/1673/15 1335/1674/15 1353/1692/15 1352/1691/15
f 1333/1672/15 1332/1671/15 1343/1682/15 1342/1681/15
f 1331/1670/15 1330/1669/15 1350/1689/15 1351/1690/15
f 1343/1682/15 1332/1671/15 1359/1698/15 1362/1701/15
f 1335/1674/15 1336/1675/15 1361/1700/15 1360/1699/15
f 1336/1675/15 1345/1684/15 1365/1704/15 1361/1700/15
f 1353/1692/15 1335/1674/15 1360/1699/15 1369/1708/15
f 1331/1670/15 1351/1690/15 1366/1705/15 1358/1697/15
f 1258/1593/14 1171/1500/14 1373/1712/14 1374/1714/14
f 760/985/12 1260/1595/12 1375/1716/12 1372/1711/12
f 1373/1712/14 1171/1500/14 1389/1732/14 1393/1736/14
f 1166/1495/12 1281/1618/12 1377/1720/12 1371/1710/12
f 1239/1570/697 1229/1558/697 1375/1716/697 1374/1714/697
f 1253/1587/698 1243/1575/698 1376/1718/698 1377/1720/698
f 1370/1709/14 820/1067/14 1386/1729/14 1390/1733/14
f 760/985/12 1372/1711/12 1392/1735/12 1388/1731/12
f 1166/1495/12 1371/1710/12 1391/1734/12 1387/1730/12
f 1387/1730/12 1391/1734/12 1407/1750/12 1403/1746/12
f 1393/1736/699 1392/1735/699 1408/1751/699 1409/1752/699
f 1389/1732/12 1393/1736/12 1409/1752/12 1405/1748/12
f 1391/1734/700 1390/1733/700 1406/1749/700 1407/1750/700
f 1375/1715/14 1229/1559/14 1378/1721/14 1383/1726/14
f 1377/1719/14 1253/1588/14 1381/1724/14 1385/1728/14
f 1374/1713/14 1239/1571/14 1379/1722/14 1382/1725/14
f 1376/1717/14 1243/1576/14 1380/1723/14 1384/1727/14
f 721/934/573 775/1008/573 793/1038/573 1580/2004/573 1581/2005/573
f 742/966/778 1594/2019/778 1617/2045/778 1167/1496/778
f 802/1048/779 1162/1491/779 1619/2048/779 1599/2025/779
f 771/1002/780 802/1048/780 1599/2025/780 1591/2016/780
f 1162/1491/497 764/989/497 1618/2047/497 1619/2048/497
f 771/1002/780 1591/2016/780 1594/2019/780 742/966/780
f 1167/1496/497 1617/2045/497 1620/2050/497 714/919/497
f 1594/2019/783 1612/2039/783 1616/2044/783 1617/2045/783
f 1599/2025/784 1619/2048/784 1623/2055/784 1614/2042/784
f 1591/2016/780 1599/2025/780 1614/2042/780 1611/2038/780
f 1591/2016/780 1611/2038/780 1612/2039/780 1594/2019/780
f 1615/2043/789 1601/2027/789 1617/2045/789 1616/2044/789
f 1595/2020/790 1600/2026/790 1619/2048/790 1618/2047/790
f 1601/2027/790 1588/2012/790 1620/2050/790 1617/2045/790
f 1588/2012/789 1602/2028/789 1621/2052/789 1620/2050/789
f 1606/2032/789 1595/2020/789 1618/2047/789 1622/2054/789
f 1600/2026/789 1609/2035/789 1623/2055/789 1619/2048/789
f 1609/2035/790 1606/2032/790 1622/2054/790 1623/2055/790
f 1602/2028/790 1615/2043/790 1616/2044/790 1621/2052/790
f 1872/2379/836 1867/2374/836 1733/2175/836 1742/2190/836
f 1757/2215/14 1748/2204/14 1774/2240/14 1779/2252/14
f 1748/2204/14 1747/2203/14 1773/2239/14 1774/2240/14
f 1750/2206/12 1759/2217/12 1777/2248/12 1775/2243/12
f 1751/2208/12 1750/2206/12 1775/2243/12 1776/2246/12
f 1767/2225/12 1782/2256/12 1863/2369/12 1860/2366/12
f 1783/2257/14 1765/2223/14 1861/2367/14 1864/2370/14
f 1880/2388/836 1874/2381/836 1867/2374/836 1872/2379/836
f 1743/2194/836 1735/2177/836 1874/2381/836 1880/2388/836
f 1767/2225/12 1751/2208/12 1776/2246/12 1782/2256/12
f 1747/2203/14 1765/2223/14 1783/2257/14 1773/2239/14
f 772/1003/780 743/967/780 1612/2039/780 1611/2038/780 2016/2631/780 2002/2601/780 1998/2593/780 2027/2655/780 2030/2662/780 2038/2678/780 2037/2676/780 2036/2674/780
f 2017/2633/780 2016/2631/780 1611/2038/780 1614/2042/780 803/1049/780 772/1003/780 2036/2674/780 2042/2686/780 1996/2589/780 1995/2586/780 2026/2653/780 2004/2605/780 2007/2611/780 2011/2620/780
f 2053/2708/15 1371/1710/15 1377/1720/15 1376/1718/15 1370/1709/15 2000/2597/15 1991/2578/15 1993/2582/15 2023/2647/15 2049/2700/15
f 2046/2694/15 2041/2684/15 2006/2609/15 2009/2615/15 2050/2702/15 2047/2696/15
f 2024/2649/15 1372/1711/15 1375/1716/15 1374/1714/15 1373/1712/15 2033/2668/15 2034/2670/15 1992/2580/15 1994/2584/15 2008/2613/15
f 1997/2591/15 2054/2710/15 2048/2698/15 2051/2704/15 2045/2692/15 1999/2595/15
f 2033/2668/15 1373/1712/15 1393/1736/15 1392/1735/15 1372/1711/15 2024/2649/15 2025/2651/15 2018/2636/15 2014/2627/15 2003/2603/15 2005/2607/15 2032/2666/15
f 2039/2680/15 2035/2672/15 2029/2660/15 2031/2664/15 2048/2698/15 2054/2710/15 2022/2645/15 2020/2641/15
f 2000/2597/15 1370/1709/15 1390/1733/15 1391/1734/15 1371/1710/15 2053/2708/15 2044/2690/15 2043/2688/15 2052/2706/15 2010/2617/15 2012/2623/15 2001/2599/15
f 2013/2625/15 2015/2629/15 2040/2682/15 2041/2684/15 2046/2694/15 2021/2643/15 2019/2639/15 2028/2657/15
f 2059/2723/946 1201/1530/946 1181/1510/946 2061/2728/946
f 2061/2728/947 1181/1510/947 1223/1552/947 1221/1550/947 1201/1530/947 2059/2723/947 2057/2717/947 2055/2712/947
f 1200/1529/948 1220/1549/948 1222/1551/948 1179/1508/948 2062/2730/948 2056/2714/948 2058/2720/948 2060/2726/948
f 1179/1508/949 1200/1529/949 2060/2726/949 2062/2730/949
usemtl backlight
f 1503/1927/13 1502/1926/13 1500/1924/13 1501/1925/13
usemtl mirror.001
f 1689/2121/823 1693/2125/823 1695/2127/823 1688/2120/823
f 1692/2124/824 1691/2123/824 1690/2122/824 1694/2126/824
f 1690/2122/824 1691/2123/824 1699/2131/824 1698/2130/824
f 1689/2121/823 1688/2120/823 1696/2128/823 1697/2129/823
l 1112 1060
l 1113 1061
o Cylinder.003
v 4.856313 1.981407 0.123799
v 5.655245 1.981407 0.123799
v 4.856313 1.960969 0.127036
v 5.655245 1.960969 0.127036
v 4.856313 1.942532 0.136430
v 5.655245 1.942532 0.136430
v 4.856313 1.927900 0.151062
v 5.655245 1.927900 0.151062
v 4.856313 1.918506 0.169499
v 5.655245 1.918506 0.169499
v 4.856313 1.915269 0.189937
v 5.655245 1.915269 0.189937
v 4.856313 1.918506 0.210375
v 5.655245 1.918506 0.210375
v 4.856313 1.927900 0.228812
v 5.655245 1.927900 0.228812
v 4.856313 1.942532 0.243444
v 5.655245 1.942532 0.243444
v 4.856313 1.960969 0.252838
v 5.655245 1.960969 0.252838
v 4.856313 1.981407 0.256075
v 5.655245 1.981407 0.256075
v 4.856313 2.001845 0.252838
v 5.655245 2.001845 0.252838
v 4.856313 2.020282 0.243444
v 5.655245 2.020282 0.243444
v 4.856313 2.034914 0.228812
v 5.655245 2.034914 0.228812
v 4.856313 2.044308 0.210375
v 5.655245 2.044308 0.210375
v 4.856313 2.047545 0.189937
v 5.655245 2.047545 0.189937
v 4.856313 2.044308 0.169499
v 5.655245 2.044308 0.169499
v 4.856313 2.034914 0.151062
v 5.655245 2.034914 0.151062
v 4.856313 2.020282 0.136430
v 5.655245 2.020282 0.136430
v 4.856313 2.001844 0.127036
v 5.655245 2.001844 0.127036
v 4.856313 1.981407 0.138930
v 4.856313 1.965645 0.141427
v 5.655245 1.965645 0.141427
v 5.655245 1.981407 0.138930
v 4.856313 1.951426 0.148672
v 5.655245 1.951426 0.148672
v 4.856313 1.940141 0.159956
v 5.655245 1.940141 0.159956
v 4.856313 1.932896 0.174175
v 5.655245 1.932896 0.174175
v 4.856313 1.930400 0.189937
v 5.655245 1.930400 0.189937
v 4.856313 1.932896 0.205699
v 5.655245 1.932896 0.205699
v 4.856313 1.940141 0.219918
v 5.655245 1.940141 0.219918
v 4.856313 1.951426 0.231202
v 5.655245 1.951426 0.231202
v 4.856313 1.965645 0.238447
v 5.655245 1.965645 0.238447
v 4.856313 1.981407 0.240944
v 5.655245 1.981407 0.240944
v 4.856313 1.997169 0.238447
v 5.655245 1.997169 0.238447
v 4.856313 2.011388 0.231202
v 5.655245 2.011388 0.231202
v 4.856313 2.022672 0.219918
v 5.655245 2.022672 0.219918
v 4.856313 2.029917 0.205699
v 5.655245 2.029917 0.205699
v 4.856313 2.032414 0.189937
v 5.655245 2.032414 0.189937
v 4.856313 2.029917 0.174175
v 5.655245 2.029917 0.174175
v 4.856313 2.022672 0.159956
v 5.655245 2.022672 0.159956
v 4.856313 2.011388 0.148672
v 5.655245 2.011388 0.148672
v 4.856313 1.997169 0.141427
v 5.655245 1.997169 0.141427
v 4.794647 2.043638 -0.118500
v 5.716911 2.043638 -0.118500
v 4.794647 2.007020 -0.112700
v 5.716911 2.007020 -0.112700
v 4.794647 1.973986 -0.095869
v 5.716911 1.973986 -0.095869
v 4.794647 1.947770 -0.069653
v 5.716911 1.947770 -0.069653
v 4.794647 1.930938 -0.036619
v 5.716911 1.930938 -0.036619
v 4.794647 1.925138 0.000000
v 5.716911 1.925138 0.000000
v 4.794647 1.930938 0.036619
v 5.716911 1.930938 0.036619
v 4.794647 1.947770 0.069653
v 5.716911 1.947770 0.069653
v 4.794647 1.973986 0.095869
v 5.716911 1.973986 0.095869
v 4.794647 2.007020 0.112700
v 5.716911 2.007020 0.112700
v 4.794647 2.043638 0.118500
v 5.716911 2.043638 0.118500
v 4.794647 2.080257 0.112700
v 5.716911 2.080257 0.112700
v 4.794647 2.113291 0.095869
v 5.716911 2.113291 0.095869
v 4.794647 2.139507 0.069653
v 5.716911 2.139507 0.069653
v 4.794647 2.156339 0.036618
v 5.716911 2.156339 0.036618
v 4.794647 2.162138 -0.000000
v 5.716911 2.162138 -0.000000
v 4.794647 2.156339 -0.036619
v 5.716911 2.156339 -0.036619
v 4.794647 2.139507 -0.069653
v 5.716911 2.139507 -0.069653
v 4.794647 2.113291 -0.095869
v 5.716911 2.113291 -0.095869
v 4.794647 2.080257 -0.112700
v 5.716911 2.080257 -0.112700
v 5.271455 2.043638 -0.118500
v 5.271455 2.007020 -0.112700
v 5.271455 1.973986 -0.095869
v 5.271455 1.947770 -0.069653
v 5.271455 1.930938 -0.036619
v 5.271455 1.925138 0.000000
v 5.271455 1.930938 0.036619
v 5.271455 1.947770 0.069653
v 5.271455 1.973986 0.095869
v 5.271455 2.007020 0.112700
v 5.271455 2.043638 0.118500
v 5.271455 2.080257 0.112700
v 5.271455 2.113291 0.095869
v 5.271455 2.139507 0.069653
v 5.271455 2.156339 0.036618
v 5.271455 2.162138 -0.000000
v 5.271455 2.156339 -0.036619
v 5.271455 2.139507 -0.069653
v 5.271455 2.113291 -0.095869
v 5.271455 2.080257 -0.112700
v 5.150663 2.007020 -0.112700
v 5.150663 1.973986 -0.095869
v 5.150663 1.947770 -0.069653
v 5.150663 1.930938 -0.036619
v 5.150663 1.925138 0.000000
v 5.150663 1.930938 0.036619
v 5.150663 1.947770 0.069653
v 5.150663 1.973986 0.095869
v 5.150663 2.007020 0.112700
v 5.150663 2.043638 0.118500
v 5.150663 2.080257 0.112700
v 5.150663 2.113291 0.095869
v 5.150663 2.139507 0.069653
v 5.150663 2.156339 0.036618
v 5.150663 2.162138 -0.000000
v 5.150663 2.156339 -0.036619
v 5.150663 2.139507 -0.069653
v 5.150663 2.113291 -0.095869
v 5.150663 2.080257 -0.112700
v 5.150663 2.043638 -0.118500
v 5.150663 2.043638 -0.128936
v 5.271455 2.043638 -0.128936
v 5.271455 2.083482 -0.122625
v 5.271455 2.119425 -0.104311
v 5.271455 2.147949 -0.075787
v 5.271455 2.166263 -0.039843
v 5.271455 2.172574 -0.000000
v 5.271455 2.166263 0.039843
v 5.271455 2.147949 0.075786
v 5.271455 2.119425 0.104311
v 5.271455 2.083482 0.122625
v 5.271455 2.043638 0.128936
v 5.271455 2.003795 0.122625
v 5.271455 1.967852 0.104311
v 5.271455 1.939327 0.075786
v 5.271455 1.921013 0.039843
v 5.271455 1.914703 0.000000
v 5.271455 1.921013 -0.039843
v 5.271455 1.939327 -0.075786
v 5.271455 1.967852 -0.104311
v 5.271455 2.003795 -0.122625
v 5.150663 2.003795 -0.122625
v 5.150663 1.967852 -0.104311
v 5.150663 1.939327 -0.075786
v 5.150663 1.921013 -0.039843
v 5.150663 1.914703 0.000000
v 5.150663 1.921013 0.039843
v 5.150663 1.939327 0.075786
v 5.150663 1.967852 0.104311
v 5.150663 2.003795 0.122625
v 5.150663 2.043638 0.128936
v 5.150663 2.083482 0.122625
v 5.150663 2.119425 0.104311
v 5.150663 2.147949 0.075786
v 5.150663 2.166263 0.039843
v 5.150663 2.172574 -0.000000
v 5.150663 2.166263 -0.039843
v 5.150663 2.147949 -0.075787
v 5.150663 2.119425 -0.104311
v 5.150663 2.083482 -0.122625
v 4.794647 2.043638 -0.099320
v 4.794647 2.012947 -0.094459
v 5.716911 2.012947 -0.094459
v 5.716911 2.043638 -0.099320
v 5.215920 2.043638 -0.105686
v 5.206197 2.010980 -0.100513
v 4.794647 1.985259 -0.080352
v 5.716911 1.985259 -0.080352
v 5.206197 1.981518 -0.085502
v 4.794647 1.963287 -0.058379
v 5.716911 1.963287 -0.058379
v 5.206197 1.958137 -0.062121
v 4.794647 1.949179 -0.030692
v 5.716911 1.949179 -0.030692
v 5.206197 1.943125 -0.032659
v 4.794647 1.944318 0.000000
v 5.716911 1.944318 0.000000
v 5.206197 1.937952 0.000000
v 4.794647 1.949179 0.030692
v 5.716911 1.949179 0.030692
v 5.206197 1.943125 0.032659
v 4.794647 1.963287 0.058379
v 5.716911 1.963287 0.058379
v 5.206197 1.958137 0.062121
v 4.794647 1.985259 0.080352
v 5.716911 1.985259 0.080352
v 5.206197 1.981518 0.085502
v 4.794647 2.012947 0.094459
v 5.716911 2.012947 0.094459
v 5.206197 2.010980 0.100513
v 4.794647 2.043638 0.099320
v 5.716911 2.043638 0.099320
v 5.206197 2.043638 0.105686
v 4.794647 2.074330 0.094459
v 5.716911 2.074330 0.094459
v 5.206197 2.076297 0.100513
v 4.794647 2.102018 0.080352
v 5.716911 2.102018 0.080352
v 5.206197 2.105759 0.085502
v 4.794647 2.123990 0.058379
v 5.716911 2.123990 0.058379
v 5.206197 2.129140 0.062121
v 4.794647 2.138098 0.030692
v 5.716911 2.138098 0.030692
v 5.206197 2.144152 0.032659
v 4.794647 2.142959 -0.000000
v 5.716911 2.142959 -0.000000
v 5.206197 2.149325 -0.000000
v 4.794647 2.138098 -0.030692
v 5.716911 2.138098 -0.030692
v 5.206197 2.144152 -0.032659
v 4.794647 2.123990 -0.058379
v 5.716911 2.123990 -0.058379
v 5.206197 2.129140 -0.062121
v 4.794647 2.102017 -0.080352
v 5.716911 2.102017 -0.080352
v 5.206197 2.105759 -0.085502
v 4.794647 2.074330 -0.094459
v 5.716911 2.074330 -0.094459
v 5.206197 2.076297 -0.100514
v 5.200933 1.950797 0.067453
v 5.215920 2.010980 -0.100513
v 5.215920 1.981518 -0.085502
v 5.215920 1.958137 -0.062121
v 5.215920 1.943125 -0.032659
v 5.215920 1.937952 0.000000
v 5.215920 1.943125 0.032659
v 5.215920 1.958137 0.062121
v 5.215920 1.981518 0.085502
v 5.215920 2.010980 0.100513
v 5.215920 2.043638 0.105686
v 5.215920 2.076297 0.100513
v 5.215920 2.105759 0.085502
v 5.215920 2.129140 0.062121
v 5.215920 2.144152 0.032659
v 5.215920 2.149325 -0.000000
v 5.215920 2.144152 -0.032659
v 5.215920 2.129140 -0.062121
v 5.215920 2.105759 -0.085502
v 5.215920 2.076297 -0.100514
v 5.221185 2.043638 -0.114759
v 5.200933 2.043638 -0.114759
v 5.206197 2.043638 -0.105686
v 5.221185 2.152781 0.035462
v 5.200933 1.934496 0.035462
v 5.221185 2.008176 -0.109142
v 5.200933 2.079101 -0.109142
v 5.221185 2.158397 -0.000000
v 5.200933 1.928880 0.000000
v 5.221185 1.976185 -0.092842
v 5.200933 2.111092 -0.092842
v 5.221185 2.152780 -0.035463
v 5.200933 1.934496 -0.035462
v 5.200933 1.950797 -0.067453
v 5.221185 1.950797 -0.067453
v 5.221185 1.934496 -0.035462
v 5.200933 2.136480 -0.067454
v 5.200933 2.152780 -0.035463
v 5.221185 2.136480 -0.067454
v 5.221185 2.111092 -0.092842
v 5.221185 2.079101 -0.109142
v 5.221185 2.136480 0.067453
v 5.221185 2.111092 0.092842
v 5.221185 2.079101 0.109142
v 5.221185 2.043638 0.114759
v 5.221185 2.008176 0.109142
v 5.221185 1.976185 0.092842
v 5.221185 1.950797 0.067453
v 5.221185 1.934496 0.035462
v 5.221185 1.928880 0.000000
v 5.200933 2.008176 -0.109142
v 5.200933 1.976185 -0.092842
v 5.200933 1.976185 0.092842
v 5.200933 2.008176 0.109142
v 5.200933 2.043638 0.114759
v 5.200933 2.079101 0.109142
v 5.200933 2.111092 0.092842
v 5.200933 2.136480 0.067453
v 5.200933 2.152781 0.035462
v 5.200933 2.158397 -0.000000
v 4.856313 1.981407 -0.256078
v 5.655244 1.981407 -0.256078
v 4.856313 1.960969 -0.252841
v 5.655244 1.960969 -0.252841
v 4.856313 1.942532 -0.243447
v 5.655244 1.942532 -0.243447
v 4.856313 1.927900 -0.228815
v 5.655244 1.927900 -0.228815
v 4.856313 1.918506 -0.210378
v 5.655244 1.918506 -0.210378
v 4.856313 1.915269 -0.189940
v 5.655244 1.915269 -0.189940
v 4.856313 1.918506 -0.169502
v 5.655244 1.918506 -0.169502
v 4.856313 1.927900 -0.151065
v 5.655244 1.927900 -0.151065
v 4.856313 1.942532 -0.136433
v 5.655244 1.942532 -0.136433
v 4.856313 1.960969 -0.127039
v 5.655244 1.960969 -0.127039
v 4.856313 1.981407 -0.123802
v 5.655244 1.981407 -0.123802
v 4.856313 2.001845 -0.127039
v 5.655244 2.001845 -0.127039
v 4.856313 2.020282 -0.136433
v 5.655244 2.020282 -0.136433
v 4.856313 2.034914 -0.151065
v 5.655244 2.034914 -0.151065
v 4.856313 2.044308 -0.169502
v 5.655244 2.044308 -0.169502
v 4.856313 2.047545 -0.189940
v 5.655244 2.047545 -0.189940
v 4.856313 2.044308 -0.210378
v 5.655244 2.044308 -0.210378
v 4.856313 2.034914 -0.228815
v 5.655244 2.034914 -0.228815
v 4.856313 2.020282 -0.243447
v 5.655244 2.020282 -0.243447
v 4.856313 2.001844 -0.252841
v 5.655244 2.001844 -0.252841
v 4.856313 1.981407 -0.240947
v 4.856313 1.965645 -0.238450
v 5.655244 1.965645 -0.238450
v 5.655244 1.981407 -0.240947
v 4.856313 1.951426 -0.231205
v 5.655244 1.951426 -0.231205
v 4.856313 1.940141 -0.219921
v 5.655244 1.940141 -0.219921
v 4.856313 1.932896 -0.205702
v 5.655244 1.932896 -0.205702
v 4.856313 1.930400 -0.189940
v 5.655244 1.930400 -0.189940
v 4.856313 1.932896 -0.174178
v 5.655244 1.932896 -0.174178
v 4.856313 1.940141 -0.159959
v 5.655244 1.940141 -0.159959
v 4.856313 1.951426 -0.148675
v 5.655244 1.951426 -0.148675
v 4.856313 1.965645 -0.141430
v 5.655244 1.965645 -0.141430
v 4.856313 1.981407 -0.138933
v 5.655244 1.981407 -0.138933
v 4.856313 1.997169 -0.141430
v 5.655244 1.997169 -0.141430
v 4.856313 2.011388 -0.148675
v 5.655244 2.011388 -0.148675
v 4.856313 2.022672 -0.159959
v 5.655244 2.022672 -0.159959
v 4.856313 2.029917 -0.174178
v 5.655244 2.029917 -0.174178
v 4.856313 2.032414 -0.189940
v 5.655244 2.032414 -0.189940
v 4.856313 2.029917 -0.205702
v 5.655244 2.029917 -0.205702
v 4.856313 2.022672 -0.219921
v 5.655244 2.022672 -0.219921
v 4.856313 2.011388 -0.231206
v 5.655244 2.011388 -0.231206
v 4.856313 1.997169 -0.238450
v 5.655244 1.997169 -0.238450
vn -0.0000 -0.1564 -0.9877
vn -0.0000 -0.4540 -0.8910
vn -0.0000 -0.7071 -0.7071
vn -0.0000 -0.8910 -0.4540
vn -0.0000 -0.9877 -0.1564
vn -0.0000 -0.9877 0.1564
vn -0.0000 -0.8910 0.4540
vn -0.0000 -0.7071 0.7071
vn -0.0000 -0.4540 0.8910
vn -0.0000 -0.1564 0.9877
vn -0.0000 0.1564 0.9877
vn -0.0000 0.4540 0.8910
vn -0.0000 0.7071 0.7071
vn -0.0000 0.8910 0.4540
vn -0.0000 0.9877 0.1564
vn -0.0000 0.9877 -0.1564
vn -0.0000 0.8910 -0.4540
vn -0.0000 0.7071 -0.7071
vn -0.0125 0.4540 0.8909
vn -0.0000 0.4540 -0.8910
vn -0.0000 0.1564 -0.9877
vn -0.0125 0.1564 0.9876
vn -1.0000 -0.0000 -0.0000
vn 1.0000 -0.0000 -0.0000
vn -0.0125 0.7071 0.7071
vn -0.0125 0.8909 0.4540
vn -0.0125 0.9876 0.1564
vn -0.0125 0.9876 -0.1564
vn -0.0125 0.8909 -0.4540
vn -0.0125 0.7071 -0.7071
vn -0.0125 0.4540 -0.8909
vn -0.0125 0.1564 -0.9876
vn -0.0125 -0.1564 -0.9876
vn -0.0125 -0.4540 -0.8909
vn -0.0125 -0.7071 -0.7071
vn -0.0125 -0.8909 -0.4540
vn -0.0125 -0.9876 -0.1564
vn -0.0125 -0.9876 0.1564
vn -0.0125 -0.8909 0.4540
vn -0.0125 -0.7070 0.7071
vn -0.0125 -0.4540 0.8909
vn -0.0125 -0.1564 0.9876
vn 0.8622 -0.2300 0.4513
vn -0.8622 0.3582 0.3582
vn 0.8622 -0.3582 0.3582
vn -0.8622 0.4513 0.2300
vn 0.8622 -0.4513 0.2300
vn -0.8622 -0.0792 -0.5003
vn 0.8622 0.0792 -0.5003
vn -0.8622 0.5003 0.0792
vn 0.8622 -0.5003 0.0792
vn -0.8622 -0.2300 -0.4513
vn 0.8622 0.2300 -0.4513
vn -0.8622 0.5003 -0.0792
vn 0.8622 -0.5003 -0.0792
vn -0.8622 -0.3582 -0.3582
vn 0.8622 0.3582 -0.3582
vn -0.8622 0.4513 -0.2300
vn 0.8622 -0.4513 -0.2300
vn -0.8622 -0.4513 -0.2300
vn 0.8622 0.4513 -0.2300
vn -0.8622 0.3582 -0.3582
vn 0.0153 0.1564 0.9876
vn 0.0153 0.4539 0.8909
vn 0.0153 0.7070 0.7070
vn 0.0153 0.8909 0.4539
vn 0.0153 0.9876 0.1564
vn 0.0153 0.9876 -0.1564
vn 0.0153 0.8909 -0.4539
vn 0.0153 0.7070 -0.7070
vn 0.0153 0.4539 -0.8909
vn 0.0153 0.1564 -0.9876
vn 0.0153 -0.1564 -0.9876
vn 0.0153 -0.4539 -0.8909
vn 0.0153 -0.7070 -0.7070
vn 0.0153 -0.8909 -0.4539
vn 0.0153 -0.9876 -0.1564
vn 0.0153 -0.9876 0.1564
vn 0.0153 -0.8909 0.4539
vn 0.0153 -0.7070 0.7070
vn 0.0153 -0.4539 0.8909
vn 0.0153 -0.1564 0.9876
vn -0.8622 0.2300 0.4513
vn 0.8622 -0.0792 0.5003
vn -0.8622 0.0792 0.5003
vn 0.8622 0.0792 0.5003
vn -0.8622 -0.0792 0.5003
vn 0.8622 0.2300 0.4513
vn -0.8622 -0.2300 0.4513
vn 0.8622 0.3582 0.3582
vn -0.8622 -0.3582 0.3582
vn 0.8622 0.4513 0.2300
vn -0.8622 -0.4513 0.2300
vn 0.8622 -0.0792 -0.5003
vn -0.8622 0.0792 -0.5003
vn 0.8622 0.5003 0.0792
vn -0.8622 -0.5003 0.0792
vn 0.8622 -0.2300 -0.4513
vn -0.8622 0.2300 -0.4513
vn 0.8622 0.5003 -0.0792
vn -0.8622 -0.5003 -0.0792
vn 0.8622 -0.3582 -0.3582
vt 1.000000 0.500000
vt -0.000000 0.500000
vt 1.000000 1.000000
vt -0.000000 1.000000
vt 0.950000 0.500000
vt 0.950000 1.000000
vt 0.900000 0.500000
vt 0.900000 1.000000
vt 0.850000 0.500000
vt 0.850000 1.000000
vt 0.800000 0.500000
vt 0.800000 1.000000
vt 0.750000 0.500000
vt 0.750000 1.000000
vt 0.700000 0.500000
vt 0.700000 1.000000
vt 0.650000 0.500000
vt 0.650000 1.000000
vt 0.600000 0.500000
vt 0.600000 1.000000
vt 0.550000 0.500000
vt 0.550000 1.000000
vt 0.500000 0.500000
vt 0.500000 1.000000
vt 0.450000 0.500000
vt 0.450000 1.000000
vt 0.400000 0.500000
vt 0.400000 1.000000
vt 0.350000 0.500000
vt 0.350000 1.000000
vt 0.300000 0.500000
vt 0.300000 1.000000
vt 0.250000 0.500000
vt 0.250000 1.000000
vt 0.200000 0.500000
vt 0.200000 1.000000
vt 0.150000 0.500000
vt 0.150000 1.000000
vt 0.100000 0.500000
vt 0.100000 1.000000
vt 0.050000 0.500000
vt 0.050000 1.000000
vt 1.000000 0.500000
vt -0.000000 0.500000
vt 0.950000 0.500000
vt 0.950000 1.000000
vt 1.000000 1.000000
vt -0.000000 1.000000
vt 0.900000 0.500000
vt 0.900000 1.000000
vt 0.850000 0.500000
vt 0.850000 1.000000
vt 0.800000 0.500000
vt 0.800000 1.000000
vt 0.750000 0.500000
vt 0.750000 1.000000
vt 0.700000 0.500000
vt 0.700000 1.000000
vt 0.650000 0.500000
vt 0.650000 1.000000
vt 0.600000 0.500000
vt 0.600000 1.000000
vt 0.550000 0.500000
vt 0.550000 1.000000
vt 0.500000 0.500000
vt 0.500000 1.000000
vt 0.450000 0.500000
vt 0.450000 1.000000
vt 0.400000 0.500000
vt 0.400000 1.000000
vt 0.350000 0.500000
vt 0.350000 1.000000
vt 0.300000 0.500000
vt 0.300000 1.000000
vt 0.250000 0.500000
vt 0.250000 1.000000
vt 0.200000 0.500000
vt 0.200000 1.000000
vt 0.150000 0.500000
vt 0.150000 1.000000
vt 0.100000 0.500000
vt 0.100000 1.000000
vt 0.050000 0.500000
vt 0.050000 1.000000
vt -0.000000 0.500000
vt 1.000000 0.500000
vt 1.000000 1.000000
vt -0.000000 1.000000
vt 0.950000 0.500000
vt 0.950000 1.000000
vt 0.900000 0.500000
vt 0.900000 1.000000
vt 0.850000 0.500000
vt 0.850000 1.000000
vt 0.800000 0.500000
vt 0.800000 1.000000
vt 0.750000 0.500000
vt 0.750000 1.000000
vt 0.700000 0.500000
vt 0.700000 1.000000
vt 0.650000 0.500000
vt 0.650000 1.000000
vt 0.600000 0.500000
vt 0.600000 1.000000
vt 0.550000 0.500000
vt 0.550000 1.000000
vt 0.500000 0.500000
vt 0.500000 1.000000
vt 0.450000 0.500000
vt 0.450000 1.000000
vt 0.400000 0.500000
vt 0.400000 1.000000
vt 0.350000 0.500000
vt 0.350000 1.000000
vt 0.300000 0.500000
vt 0.300000 1.000000
vt 0.250000 0.500000
vt 0.250000 1.000000
vt 0.200000 0.500000
vt 0.200000 1.000000
vt 0.150000 0.500000
vt 0.150000 1.000000
vt 0.100000 0.500000
vt 0.100000 1.000000
vt 0.050000 0.500000
vt 0.050000 1.000000
vt 1.000000 0.758499
vt -0.000000 0.758499
vt 0.950000 0.758499
vt 0.900000 0.758499
vt 0.850000 0.758499
vt 0.800000 0.758499
vt 0.750000 0.758499
vt 0.700000 0.758499
vt 0.650000 0.758499
vt 0.600000 0.758499
vt 0.550000 0.758499
vt 0.500000 0.758499
vt 0.450000 0.758499
vt 0.400000 0.758499
vt 0.350000 0.758498
vt 0.300000 0.758499
vt 0.250000 0.758499
vt 0.200000 0.758499
vt 0.150000 0.758498
vt 0.100000 0.758499
vt 0.050000 0.758499
vt 0.950000 0.693012
vt 0.900000 0.693012
vt 0.850000 0.693012
vt 0.800000 0.693012
vt 0.750000 0.693012
vt 0.700000 0.693012
vt 0.650000 0.693012
vt 0.600000 0.693012
vt 0.550000 0.693012
vt 0.500000 0.693012
vt 0.450000 0.693012
vt 0.400000 0.693012
vt 0.350000 0.693012
vt 0.300000 0.693012
vt 0.250000 0.693012
vt 0.200000 0.693012
vt 0.150000 0.693012
vt 0.100000 0.693012
vt 0.050000 0.693012
vt -0.000000 0.693012
vt 1.000000 0.693012
vt -0.000000 0.693012
vt 1.000000 0.693012
vt 1.000000 0.758499
vt -0.000000 0.758499
vt 0.050000 0.758499
vt 0.100000 0.758499
vt 0.150000 0.758498
vt 0.200000 0.758499
vt 0.250000 0.758499
vt 0.300000 0.758499
vt 0.350000 0.758498
vt 0.400000 0.758499
vt 0.450000 0.758499
vt 0.500000 0.758499
vt 0.550000 0.758499
vt 0.600000 0.758499
vt 0.650000 0.758499
vt 0.700000 0.758499
vt 0.750000 0.758499
vt 0.800000 0.758499
vt 0.850000 0.758499
vt 0.900000 0.758499
vt 0.950000 0.758499
vt 0.950000 0.693012
vt 0.900000 0.693012
vt 0.850000 0.693012
vt 0.800000 0.693012
vt 0.750000 0.693012
vt 0.700000 0.693012
vt 0.650000 0.693012
vt 0.600000 0.693012
vt 0.550000 0.693012
vt 0.500000 0.693012
vt 0.450000 0.693012
vt 0.400000 0.693012
vt 0.350000 0.693012
vt 0.300000 0.693012
vt 0.250000 0.693012
vt 0.200000 0.693012
vt 0.150000 0.693012
vt 0.100000 0.693012
vt 0.050000 0.693012
vt -0.000000 0.500000
vt 1.000000 0.500000
vt 0.950000 0.500000
vt 0.950000 1.000000
vt 1.000000 1.000000
vt -0.000000 1.000000
vt 1.000000 0.758499
vt -0.000000 0.758499
vt 0.950000 0.693012
vt 0.900000 0.500000
vt 0.900000 1.000000
vt 0.900000 0.693012
vt 0.850000 0.500000
vt 0.850000 1.000000
vt 0.850000 0.693012
vt 0.800000 0.500000
vt 0.800000 1.000000
vt 0.800000 0.693012
vt 0.750000 0.500000
vt 0.750000 1.000000
vt 0.750000 0.693012
vt 0.700000 0.500000
vt 0.700000 1.000000
vt 0.700000 0.693012
vt 0.650000 0.500000
vt 0.650000 1.000000
vt 0.650000 0.693012
vt 0.600000 0.500000
vt 0.600000 1.000000
vt 0.600000 0.693012
vt 0.550000 0.500000
vt 0.550000 1.000000
vt 0.550000 0.693012
vt 0.500000 0.500000
vt 0.500000 1.000000
vt 0.500000 0.693012
vt 0.450000 0.500000
vt 0.450000 1.000000
vt 0.450000 0.693012
vt 0.400000 0.500000
vt 0.400000 1.000000
vt 0.400000 0.693012
vt 0.350000 0.500000
vt 0.350000 1.000000
vt 0.350000 0.693012
vt 0.300000 0.500000
vt 0.300000 1.000000
vt 0.300000 0.693012
vt 0.250000 0.500000
vt 0.250000 1.000000
vt 0.250000 0.693012
vt 0.200000 0.500000
vt 0.200000 1.000000
vt 0.200000 0.693012
vt 0.150000 0.500000
vt 0.150000 1.000000
vt 0.150000 0.693012
vt 0.100000 0.500000
vt 0.100000 1.000000
vt 0.100000 0.693012
vt 0.050000 0.500000
vt 0.050000 1.000000
vt 0.050000 0.693012
vt 0.650000 0.693012
vt 0.950000 0.758499
vt 0.900000 0.758499
vt 0.850000 0.758499
vt 0.800000 0.758499
vt 0.750000 0.758499
vt 0.700000 0.758499
vt 0.650000 0.758499
vt 0.600000 0.758499
vt 0.550000 0.758499
vt 0.500000 0.758499
vt 0.450000 0.758499
vt 0.400000 0.758499
vt 0.350000 0.758498
vt 0.300000 0.758499
vt 0.250000 0.758499
vt 0.200000 0.758499
vt 0.150000 0.758498
vt 0.100000 0.758499
vt 0.050000 0.758499
vt 1.000000 0.758499
vt -0.000000 0.758499
vt -0.000000 0.693012
vt 1.000000 0.693012
vt -0.000000 0.693012
vt 1.000000 0.693012
vt 0.300000 0.758499
vt 0.700000 0.693012
vt 0.950000 0.758499
vt 0.050000 0.693012
vt 0.250000 0.758499
vt 0.750000 0.693012
vt 0.900000 0.758499
vt 0.100000 0.693012
vt 0.200000 0.758499
vt 0.800000 0.693012
vt 0.850000 0.693012
vt 0.850000 0.758499
vt 0.800000 0.758499
vt 0.150000 0.693012
vt 0.200000 0.693012
vt 0.150000 0.758498
vt 0.100000 0.758499
vt 0.050000 0.758499
vt 0.350000 0.758498
vt 0.400000 0.758499
vt 0.450000 0.758499
vt 0.500000 0.758499
vt 0.550000 0.758499
vt 0.600000 0.758499
vt 0.650000 0.758499
vt 0.700000 0.758499
vt 0.750000 0.758499
vt 0.950000 0.693012
vt 0.900000 0.693012
vt 0.600000 0.693012
vt 0.550000 0.693012
vt 0.500000 0.693012
vt 0.450000 0.693012
vt 0.400000 0.693012
vt 0.350000 0.693012
vt 0.300000 0.693012
vt 0.250000 0.693012
vt 1.000000 0.500000
vt -0.000000 0.500000
vt 1.000000 1.000000
vt -0.000000 1.000000
vt 0.950000 0.500000
vt 0.950000 1.000000
vt 0.900000 0.500000
vt 0.900000 1.000000
vt 0.850000 0.500000
vt 0.850000 1.000000
vt 0.800000 0.500000
vt 0.800000 1.000000
vt 0.750000 0.500000
vt 0.750000 1.000000
vt 0.700000 0.500000
vt 0.700000 1.000000
vt 0.650000 0.500000
vt 0.650000 1.000000
vt 0.600000 0.500000
vt 0.600000 1.000000
vt 0.550000 0.500000
vt 0.550000 1.000000
vt 0.500000 0.500000
vt 0.500000 1.000000
vt 0.450000 0.500000
vt 0.450000 1.000000
vt 0.400000 0.500000
vt 0.400000 1.000000
vt 0.350000 0.500000
vt 0.350000 1.000000
vt 0.300000 0.500000
vt 0.300000 1.000000
vt 0.250000 0.500000
vt 0.250000 1.000000
vt 0.200000 0.500000
vt 0.200000 1.000000
vt 0.150000 0.500000
vt 0.150000 1.000000
vt 0.100000 0.500000
vt 0.100000 1.000000
vt 0.050000 0.500000
vt 0.050000 1.000000
vt 1.000000 0.500000
vt -0.000000 0.500000
vt 0.950000 0.500000
vt 0.950000 1.000000
vt 1.000000 1.000000
vt -0.000000 1.000000
vt 0.900000 0.500000
vt 0.900000 1.000000
vt 0.850000 0.500000
vt 0.850000 1.000000
vt 0.800000 0.500000
vt 0.800000 1.000000
vt 0.750000 0.500000
vt 0.750000 1.000000
vt 0.700000 0.500000
vt 0.700000 1.000000
vt 0.650000 0.500000
vt 0.650000 1.000000
vt 0.600000 0.500000
vt 0.600000 1.000000
vt 0.550000 0.500000
vt 0.550000 1.000000
vt 0.500000 0.500000
vt 0.500000 1.000000
vt 0.450000 0.500000
vt 0.450000 1.000000
vt 0.400000 0.500000
vt 0.400000 1.000000
vt 0.350000 0.500000
vt 0.350000 1.000000
vt 0.300000 0.500000
vt 0.300000 1.000000
vt 0.250000 0.500000
vt 0.250000 1.000000
vt 0.200000 0.500000
vt 0.200000 1.000000
vt 0.150000 0.500000
vt 0.150000 1.000000
vt 0.100000 0.500000
vt 0.100000 1.000000
vt 0.050000 0.500000
vt 0.050000 1.000000
s 0
usemtl exhaust
f 2183/2857/950 2144/2817/950 2146/2820/950 2184/2859/950
f 2184/2859/951 2146/2820/951 2148/2822/951 2185/2860/951
f 2185/2860/952 2148/2822/952 2150/2824/952 2186/2861/952
f 2186/2861/953 2150/2824/953 2152/2826/953 2187/2862/953
f 2187/2862/954 2152/2826/954 2154/2828/954 2188/2863/954
f 2188/2863/955 2154/2828/955 2156/2830/955 2189/2864/955
f 2189/2864/956 2156/2830/956 2158/2832/956 2190/2865/956
f 2190/2865/957 2158/2832/957 2160/2834/957 2191/2866/957
f 2191/2866/958 2160/2834/958 2162/2836/958 2192/2867/958
f 2192/2867/959 2162/2836/959 2164/2838/959 2193/2868/959
f 2193/2868/960 2164/2838/960 2166/2840/960 2194/2869/960
f 2194/2869/961 2166/2840/961 2168/2842/961 2195/2870/961
f 2195/2870/962 2168/2842/962 2170/2844/962 2196/2871/962
f 2196/2871/963 2170/2844/963 2172/2846/963 2197/2872/963
f 2197/2872/964 2172/2846/964 2174/2848/964 2198/2873/964
f 2198/2873/965 2174/2848/965 2176/2850/965 2199/2874/965
f 2199/2874/966 2176/2850/966 2178/2852/966 2200/2875/966
f 2200/2875/967 2178/2852/967 2180/2854/967 2201/2876/967
f 2265/2944/968 2324/3005/968 2325/3006/968 2270/2951/968
f 2201/2876/969 2180/2854/969 2182/2856/969 2202/2877/969
f 2202/2877/970 2182/2856/970 2144/2818/970 2183/2858/970
f 2266/2945/971 2267/2947/971 2324/3005/971 2265/2944/971
f 2145/2819/950 2143/2816/950 2222/2898/950 2203/2878/950
f 2147/2821/951 2145/2819/951 2203/2878/951 2204/2879/951
f 2149/2823/952 2147/2821/952 2204/2879/952 2205/2880/952
f 2151/2825/953 2149/2823/953 2205/2880/953 2206/2881/953
f 2153/2827/954 2151/2825/954 2206/2881/954 2207/2882/954
f 2155/2829/955 2153/2827/955 2207/2882/955 2208/2883/955
f 2157/2831/956 2155/2829/956 2208/2883/956 2209/2884/956
f 2159/2833/957 2157/2831/957 2209/2884/957 2210/2885/957
f 2161/2835/958 2159/2833/958 2210/2885/958 2211/2886/958
f 2163/2837/959 2161/2835/959 2211/2886/959 2212/2887/959
f 2165/2839/960 2163/2837/960 2212/2887/960 2213/2888/960
f 2167/2841/961 2165/2839/961 2213/2888/961 2214/2889/961
f 2169/2843/962 2167/2841/962 2214/2889/962 2215/2890/962
f 2171/2845/963 2169/2843/963 2215/2890/963 2216/2891/963
f 2173/2847/964 2171/2845/964 2216/2891/964 2217/2892/964
f 2175/2849/965 2173/2847/965 2217/2892/965 2218/2893/965
f 2177/2851/966 2175/2849/966 2218/2893/966 2219/2894/966
f 2179/2853/967 2177/2851/967 2219/2894/967 2220/2895/967
f 2181/2855/969 2179/2853/969 2220/2895/969 2221/2896/969
f 2143/2815/970 2181/2855/970 2221/2896/970 2222/2897/970
f 2270/2951/974 2325/3006/974 2326/3007/974 2273/2954/974
f 2273/2954/975 2326/3007/975 2327/3008/975 2276/2957/975
f 2276/2957/976 2327/3008/976 2328/3009/976 2279/2960/976
f 2279/2960/977 2328/3009/977 2329/3010/977 2282/2963/977
f 2282/2963/978 2329/3010/978 2330/3011/978 2285/2966/978
f 2285/2966/979 2330/3011/979 2331/3012/979 2288/2969/979
f 2288/2969/980 2331/3012/980 2332/3013/980 2291/2972/980
f 2291/2972/981 2332/3013/981 2333/3014/981 2294/2975/981
f 2294/2975/982 2333/3014/982 2334/3015/982 2297/2978/982
f 2334/3015/983 2335/3016/983 2300/2981/983 2297/2978/983
f 2300/2981/984 2335/3016/984 2336/3017/984 2303/2984/984
f 2303/2984/985 2336/3017/985 2337/3018/985 2306/2987/985
f 2306/2987/986 2337/3018/986 2338/3019/986 2309/2990/986
f 2309/2990/987 2338/3019/987 2339/3020/987 2312/2993/987
f 2312/2993/988 2339/3020/988 2340/3021/988 2315/2996/988
f 2315/2996/989 2340/3021/989 2341/3022/989 2318/2999/989
f 2341/3022/990 2342/3023/990 2321/3002/990 2318/2999/990
f 2342/3023/991 2267/2948/991 2266/2946/991 2321/3002/991
f 2263/2942/1012 2264/2943/1012 2268/2949/1012 2345/3029/1012
f 2264/2943/1013 2269/2950/1013 2271/2952/1013 2268/2949/1013
f 2271/2952/1014 2269/2950/1014 2272/2953/1014 2274/2955/1014
f 2274/2955/1015 2272/2953/1015 2275/2956/1015 2277/2958/1015
f 2277/2958/1016 2275/2956/1016 2278/2959/1016 2280/2961/1016
f 2278/2959/1017 2281/2962/1017 2283/2964/1017 2280/2961/1017
f 2283/2964/1018 2281/2962/1018 2284/2965/1018 2286/2967/1018
f 2286/2967/1019 2284/2965/1019 2287/2968/1019 2289/2970/1019
f 2289/2970/1020 2287/2968/1020 2290/2971/1020 2292/2973/1020
f 2292/2973/1021 2290/2971/1021 2293/2974/1021 2295/2976/1021
f 2295/2976/1022 2293/2974/1022 2296/2977/1022 2298/2979/1022
f 2298/2979/1023 2296/2977/1023 2299/2980/1023 2301/2982/1023
f 2301/2982/1024 2299/2980/1024 2302/2983/1024 2304/2985/1024
f 2302/2983/1025 2305/2986/1025 2307/2988/1025 2304/2985/1025
f 2305/2986/1026 2308/2989/1026 2310/2991/1026 2307/2988/1026
f 2310/2991/1027 2308/2989/1027 2311/2992/1027 2313/2994/1027
f 2313/2994/1028 2311/2992/1028 2314/2995/1028 2316/2997/1028
f 2316/2997/1029 2314/2995/1029 2317/2998/1029 2319/3000/1029
f 2319/3000/1030 2317/2998/1030 2320/3001/1030 2322/3003/1030
f 2320/3001/1031 2263/2941/1031 2345/3028/1031 2322/3003/1031
f 2154/2828/973 2152/2826/973 2276/2957/973 2279/2960/973
f 2172/2846/973 2170/2844/973 2303/2984/973 2306/2987/973
f 2146/2820/973 2144/2817/973 2266/2945/973 2265/2944/973
f 2161/2835/972 2163/2837/972 2293/2974/972 2290/2971/972
f 2181/2855/972 2320/3001/972 2317/2998/972 2179/2853/972
f 2164/2838/973 2162/2836/973 2291/2972/973 2294/2975/973
f 2182/2856/973 2180/2854/973 2318/2999/973 2321/3002/973
f 2153/2827/972 2155/2829/972 2281/2962/972 2278/2959/972
f 2171/2845/972 2173/2847/972 2308/2989/972 2305/2986/972
f 2156/2830/973 2154/2828/973 2279/2960/973 2282/2963/973
f 2172/2846/973 2306/2987/973 2309/2990/973 2174/2848/973
f 2147/2821/972 2269/2950/972 2264/2943/972 2145/2819/972
f 2163/2837/972 2165/2839/972 2296/2977/972 2293/2974/972
f 2181/2855/972 2143/2815/972 2263/2941/972 2320/3001/972
f 2148/2822/973 2146/2820/973 2265/2944/973 2270/2951/973
f 2166/2840/973 2164/2838/973 2294/2975/973 2297/2978/973
f 2144/2818/973 2182/2856/973 2321/3002/973 2266/2946/973
f 2155/2829/972 2157/2831/972 2284/2965/972 2281/2962/972
f 2173/2847/972 2175/2849/972 2311/2992/972 2308/2989/972
f 2158/2832/973 2156/2830/973 2282/2963/973 2285/2966/973
f 2174/2848/973 2309/2990/973 2312/2993/973 2176/2850/973
f 2147/2821/972 2149/2823/972 2272/2953/972 2269/2950/972
f 2165/2839/972 2167/2841/972 2299/2980/972 2296/2977/972
f 2150/2824/973 2148/2822/973 2270/2951/973 2273/2954/973
f 2166/2840/973 2297/2978/973 2300/2981/973 2168/2842/973
f 2157/2831/972 2159/2833/972 2287/2968/972 2284/2965/972
f 2175/2849/972 2177/2851/972 2314/2995/972 2311/2992/972
f 2160/2834/973 2158/2832/973 2285/2966/973 2288/2969/973
f 2178/2852/973 2176/2850/973 2312/2993/973 2315/2996/973
f 2149/2823/972 2151/2825/972 2275/2956/972 2272/2953/972
f 2169/2843/972 2302/2983/972 2299/2980/972 2167/2841/972
f 2150/2824/973 2273/2954/973 2276/2957/973 2152/2826/973
f 2170/2844/973 2168/2842/973 2300/2981/973 2303/2984/973
f 2159/2833/972 2161/2835/972 2290/2971/972 2287/2968/972
f 2177/2851/972 2179/2853/972 2317/2998/972 2314/2995/972
f 2162/2836/973 2160/2834/973 2288/2969/973 2291/2972/973
f 2180/2854/973 2178/2852/973 2315/2996/973 2318/2999/973
f 2151/2825/972 2153/2827/972 2278/2959/972 2275/2956/972
f 2171/2845/972 2305/2986/972 2302/2983/972 2169/2843/972
f 2143/2816/972 2145/2819/972 2264/2943/972 2263/2942/972
f 2383/3067/950 2384/3069/950 2386/3072/950 2385/3071/950
f 2385/3071/951 2386/3072/951 2388/3074/951 2387/3073/951
f 2387/3073/952 2388/3074/952 2390/3076/952 2389/3075/952
f 2389/3075/953 2390/3076/953 2392/3078/953 2391/3077/953
f 2391/3077/954 2392/3078/954 2394/3080/954 2393/3079/954
f 2393/3079/955 2394/3080/955 2396/3082/955 2395/3081/955
f 2395/3081/956 2396/3082/956 2398/3084/956 2397/3083/956
f 2397/3083/957 2398/3084/957 2400/3086/957 2399/3085/957
f 2399/3085/958 2400/3086/958 2402/3088/958 2401/3087/958
f 2401/3087/959 2402/3088/959 2404/3090/959 2403/3089/959
f 2403/3089/960 2404/3090/960 2406/3092/960 2405/3091/960
f 2407/3093/961 2405/3091/961 2406/3092/961 2408/3094/961
f 2407/3093/962 2408/3094/962 2410/3096/962 2409/3095/962
f 2409/3095/963 2410/3096/963 2412/3098/963 2411/3097/963
f 2411/3097/964 2412/3098/964 2414/3100/964 2413/3099/964
f 2413/3099/965 2414/3100/965 2416/3102/965 2415/3101/965
f 2415/3101/966 2416/3102/966 2418/3104/966 2417/3103/966
f 2417/3103/967 2418/3104/967 2420/3106/967 2419/3105/967
f 2419/3105/969 2420/3106/969 2422/3108/969 2421/3107/969
f 2383/3068/970 2421/3107/970 2422/3108/970 2384/3070/970
f 2423/3109/960 2424/3111/960 2425/3112/960 2426/3113/960
f 2425/3112/961 2424/3111/961 2427/3115/961 2428/3116/961
f 2428/3116/962 2427/3115/962 2429/3117/962 2430/3118/962
f 2430/3118/963 2429/3117/963 2431/3119/963 2432/3120/963
f 2432/3120/964 2431/3119/964 2433/3121/964 2434/3122/964
f 2434/3122/965 2433/3121/965 2435/3123/965 2436/3124/965
f 2436/3124/966 2435/3123/966 2437/3125/966 2438/3126/966
f 2438/3126/967 2437/3125/967 2439/3127/967 2440/3128/967
f 2440/3128/969 2439/3127/969 2441/3129/969 2442/3130/969
f 2442/3130/970 2441/3129/970 2443/3131/970 2444/3132/970
f 2444/3132/950 2443/3131/950 2445/3133/950 2446/3134/950
f 2446/3134/951 2445/3133/951 2447/3135/951 2448/3136/951
f 2448/3136/952 2447/3135/952 2449/3137/952 2450/3138/952
f 2450/3138/953 2449/3137/953 2451/3139/953 2452/3140/953
f 2452/3140/954 2451/3139/954 2453/3141/954 2454/3142/954
f 2454/3142/955 2453/3141/955 2455/3143/955 2456/3144/955
f 2456/3144/956 2455/3143/956 2457/3145/956 2458/3146/956
f 2458/3146/957 2457/3145/957 2459/3147/957 2460/3148/957
f 2460/3148/958 2459/3147/958 2461/3149/958 2462/3150/958
f 2461/3149/959 2423/3110/959 2426/3114/959 2462/3150/959
f 2399/3085/972 2439/3127/972 2437/3125/972 2397/3083/972
f 2415/3101/972 2417/3103/972 2457/3145/972 2455/3143/972
f 2400/3086/973 2398/3084/973 2438/3126/973 2440/3128/973
f 2418/3104/973 2416/3102/973 2456/3144/973 2458/3146/973
f 2389/3075/972 2391/3077/972 2431/3119/972 2429/3117/972
f 2407/3093/972 2409/3095/972 2449/3137/972 2447/3135/972
f 2392/3078/973 2390/3076/973 2430/3118/973 2432/3120/973
f 2410/3096/973 2408/3094/973 2448/3136/973 2450/3138/973
f 2399/3085/972 2401/3087/972 2441/3129/972 2439/3127/972
f 2417/3103/972 2419/3105/972 2459/3147/972 2457/3145/972
f 2402/3088/973 2400/3086/973 2440/3128/973 2442/3130/973
f 2420/3106/973 2418/3104/973 2458/3146/973 2460/3148/973
f 2391/3077/972 2393/3079/972 2433/3121/972 2431/3119/972
f 2409/3095/972 2411/3097/972 2451/3139/972 2449/3137/972
f 2383/3067/972 2385/3071/972 2424/3111/972 2423/3109/972
f 2394/3080/973 2392/3078/973 2432/3120/973 2434/3122/973
f 2412/3098/973 2410/3096/973 2450/3138/973 2452/3140/973
f 2386/3072/973 2384/3069/973 2426/3113/973 2425/3112/973
f 2401/3087/972 2403/3089/972 2443/3131/972 2441/3129/972
f 2419/3105/972 2421/3107/972 2461/3149/972 2459/3147/972
f 2404/3090/973 2402/3088/973 2442/3130/973 2444/3132/973
f 2422/3108/973 2420/3106/973 2460/3148/973 2462/3150/973
f 2393/3079/972 2395/3081/972 2435/3123/972 2433/3121/972
f 2411/3097/972 2413/3099/972 2453/3141/972 2451/3139/972
f 2394/3080/973 2434/3122/973 2436/3124/973 2396/3082/973
f 2414/3100/973 2412/3098/973 2452/3140/973 2454/3142/973
f 2387/3073/972 2427/3115/972 2424/3111/972 2385/3071/972
f 2403/3089/972 2405/3091/972 2445/3133/972 2443/3131/972
f 2421/3107/972 2383/3068/972 2423/3110/972 2461/3149/972
f 2388/3074/973 2386/3072/973 2425/3112/973 2428/3116/973
f 2406/3092/973 2404/3090/973 2444/3132/973 2446/3134/973
f 2422/3108/973 2462/3150/973 2426/3114/973 2384/3070/973
f 2397/3083/972 2437/3125/972 2435/3123/972 2395/3081/972
f 2413/3099/972 2415/3101/972 2455/3143/972 2453/3141/972
f 2398/3084/973 2396/3082/973 2436/3124/973 2438/3126/973
f 2414/3100/973 2454/3142/973 2456/3144/973 2416/3102/973
f 2387/3073/972 2389/3075/972 2429/3117/972 2427/3115/972
f 2405/3091/972 2407/3093/972 2447/3135/972 2445/3133/972
f 2390/3076/973 2388/3074/973 2428/3116/973 2430/3118/973
f 2408/3094/973 2406/3092/973 2446/3134/973 2448/3136/973
f 2063/2731/950 2064/2733/950 2066/2736/950 2065/2735/950
f 2065/2735/951 2066/2736/951 2068/2738/951 2067/2737/951
f 2067/2737/952 2068/2738/952 2070/2740/952 2069/2739/952
f 2069/2739/953 2070/2740/953 2072/2742/953 2071/2741/953
f 2071/2741/954 2072/2742/954 2074/2744/954 2073/2743/954
f 2073/2743/955 2074/2744/955 2076/2746/955 2075/2745/955
f 2075/2745/956 2076/2746/956 2078/2748/956 2077/2747/956
f 2077/2747/957 2078/2748/957 2080/2750/957 2079/2749/957
f 2079/2749/958 2080/2750/958 2082/2752/958 2081/2751/958
f 2081/2751/959 2082/2752/959 2084/2754/959 2083/2753/959
f 2083/2753/960 2084/2754/960 2086/2756/960 2085/2755/960
f 2085/2755/961 2086/2756/961 2088/2758/961 2087/2757/961
f 2087/2757/962 2088/2758/962 2090/2760/962 2089/2759/962
f 2089/2759/963 2090/2760/963 2092/2762/963 2091/2761/963
f 2091/2761/964 2092/2762/964 2094/2764/964 2093/2763/964
f 2093/2763/965 2094/2764/965 2096/2766/965 2095/2765/965
f 2095/2765/966 2096/2766/966 2098/2768/966 2097/2767/966
f 2097/2767/967 2098/2768/967 2100/2770/967 2099/2769/967
f 2100/2770/969 2102/2772/969 2101/2771/969 2099/2769/969
f 2063/2732/970 2101/2771/970 2102/2772/970 2064/2734/970
f 2103/2773/960 2104/2775/960 2105/2776/960 2106/2777/960
f 2105/2776/961 2104/2775/961 2107/2779/961 2108/2780/961
f 2108/2780/962 2107/2779/962 2109/2781/962 2110/2782/962
f 2110/2782/963 2109/2781/963 2111/2783/963 2112/2784/963
f 2112/2784/964 2111/2783/964 2113/2785/964 2114/2786/964
f 2114/2786/965 2113/2785/965 2115/2787/965 2116/2788/965
f 2116/2788/966 2115/2787/966 2117/2789/966 2118/2790/966
f 2118/2790/967 2117/2789/967 2119/2791/967 2120/2792/967
f 2120/2792/969 2119/2791/969 2121/2793/969 2122/2794/969
f 2122/2794/970 2121/2793/970 2123/2795/970 2124/2796/970
f 2124/2796/950 2123/2795/950 2125/2797/950 2126/2798/950
f 2126/2798/951 2125/2797/951 2127/2799/951 2128/2800/951
f 2128/2800/952 2127/2799/952 2129/2801/952 2130/2802/952
f 2130/2802/953 2129/2801/953 2131/2803/953 2132/2804/953
f 2132/2804/954 2131/2803/954 2133/2805/954 2134/2806/954
f 2134/2806/955 2133/2805/955 2135/2807/955 2136/2808/955
f 2136/2808/956 2135/2807/956 2137/2809/956 2138/2810/956
f 2138/2810/957 2137/2809/957 2139/2811/957 2140/2812/957
f 2140/2812/958 2139/2811/958 2141/2813/958 2142/2814/958
f 2141/2813/959 2103/2774/959 2106/2778/959 2142/2814/959
f 2079/2749/972 2119/2791/972 2117/2789/972 2077/2747/972
f 2095/2765/972 2097/2767/972 2137/2809/972 2135/2807/972
f 2080/2750/973 2078/2748/973 2118/2790/973 2120/2792/973
f 2098/2768/973 2096/2766/973 2136/2808/973 2138/2810/973
f 2069/2739/972 2071/2741/972 2111/2783/972 2109/2781/972
f 2087/2757/972 2089/2759/972 2129/2801/972 2127/2799/972
f 2072/2742/973 2070/2740/973 2110/2782/973 2112/2784/973
f 2090/2760/973 2088/2758/973 2128/2800/973 2130/2802/973
f 2079/2749/972 2081/2751/972 2121/2793/972 2119/2791/972
f 2097/2767/972 2099/2769/972 2139/2811/972 2137/2809/972
f 2082/2752/973 2080/2750/973 2120/2792/973 2122/2794/973
f 2100/2770/973 2098/2768/973 2138/2810/973 2140/2812/973
f 2071/2741/972 2073/2743/972 2113/2785/972 2111/2783/972
f 2089/2759/972 2091/2761/972 2131/2803/972 2129/2801/972
f 2063/2731/972 2065/2735/972 2104/2775/972 2103/2773/972
f 2074/2744/973 2072/2742/973 2112/2784/973 2114/2786/973
f 2092/2762/973 2090/2760/973 2130/2802/973 2132/2804/973
f 2066/2736/973 2064/2733/973 2106/2777/973 2105/2776/973
f 2081/2751/972 2083/2753/972 2123/2795/972 2121/2793/972
f 2099/2769/972 2101/2771/972 2141/2813/972 2139/2811/972
f 2084/2754/973 2082/2752/973 2122/2794/973 2124/2796/973
f 2102/2772/973 2100/2770/973 2140/2812/973 2142/2814/973
f 2073/2743/972 2075/2745/972 2115/2787/972 2113/2785/972
f 2091/2761/972 2093/2763/972 2133/2805/972 2131/2803/972
f 2074/2744/973 2114/2786/973 2116/2788/973 2076/2746/973
f 2094/2764/973 2092/2762/973 2132/2804/973 2134/2806/973
f 2067/2737/972 2107/2779/972 2104/2775/972 2065/2735/972
f 2083/2753/972 2085/2755/972 2125/2797/972 2123/2795/972
f 2101/2771/972 2063/2732/972 2103/2774/972 2141/2813/972
f 2068/2738/973 2066/2736/973 2105/2776/973 2108/2780/973
f 2086/2756/973 2084/2754/973 2124/2796/973 2126/2798/973
f 2102/2772/973 2142/2814/973 2106/2778/973 2064/2734/973
f 2077/2747/972 2117/2789/972 2115/2787/972 2075/2745/972
f 2093/2763/972 2095/2765/972 2135/2807/972 2133/2805/972
f 2078/2748/973 2076/2746/973 2116/2788/973 2118/2790/973
f 2094/2764/973 2134/2806/973 2136/2808/973 2096/2766/973
f 2067/2737/972 2069/2739/972 2109/2781/972 2107/2779/972
f 2085/2755/972 2087/2757/972 2127/2799/972 2125/2797/972
f 2070/2740/973 2068/2738/973 2108/2780/973 2110/2782/973
f 2088/2758/973 2086/2756/973 2126/2798/973 2128/2800/973
usemtl Grey
f 2211/2886/972 2210/2885/972 2251/2929/972 2252/2930/972
f 2195/2870/973 2196/2871/973 2231/2909/973 2232/2910/973
f 2210/2885/972 2209/2884/972 2250/2928/972 2251/2929/972
f 2196/2871/973 2197/2872/973 2230/2908/973 2231/2909/973
f 2209/2884/972 2208/2883/972 2249/2927/972 2250/2928/972
f 2224/2901/973 2183/2857/973 2184/2859/973 2243/2921/973
f 2222/2897/972 2221/2896/972 2262/2940/972 2223/2899/972
f 2197/2872/973 2198/2873/973 2229/2907/973 2230/2908/973
f 2208/2883/972 2207/2882/972 2248/2926/972 2249/2927/972
f 2184/2859/973 2185/2860/973 2242/2920/973 2243/2921/973
f 2221/2896/972 2220/2895/972 2261/2939/972 2262/2940/972
f 2198/2873/973 2199/2874/973 2228/2906/973 2229/2907/973
f 2207/2882/972 2206/2881/972 2247/2925/972 2248/2926/972
f 2185/2860/973 2186/2861/973 2241/2919/973 2242/2920/973
f 2220/2895/972 2219/2894/972 2260/2938/972 2261/2939/972
f 2199/2874/973 2200/2875/973 2227/2905/973 2228/2906/973
f 2206/2881/972 2205/2880/972 2246/2924/972 2247/2925/972
f 2186/2861/973 2187/2862/973 2240/2918/973 2241/2919/973
f 2219/2894/972 2218/2893/972 2259/2937/972 2260/2938/972
f 2200/2875/973 2201/2876/973 2226/2904/973 2227/2905/973
f 2223/2899/970 2262/2940/970 2225/2903/970 2224/2902/970
f 2261/2939/969 2226/2904/969 2225/2903/969 2262/2940/969
f 2260/2938/967 2227/2905/967 2226/2904/967 2261/2939/967
f 2259/2937/966 2228/2906/966 2227/2905/966 2260/2938/966
f 2258/2936/965 2229/2907/965 2228/2906/965 2259/2937/965
f 2257/2935/964 2230/2908/964 2229/2907/964 2258/2936/964
f 2256/2934/963 2231/2909/963 2230/2908/963 2257/2935/963
f 2255/2933/962 2232/2910/962 2231/2909/962 2256/2934/962
f 2254/2932/961 2233/2911/961 2232/2910/961 2255/2933/961
f 2253/2931/960 2234/2912/960 2233/2911/960 2254/2932/960
f 2252/2930/959 2235/2913/959 2234/2912/959 2253/2931/959
f 2251/2929/958 2236/2914/958 2235/2913/958 2252/2930/958
f 2250/2928/957 2237/2915/957 2236/2914/957 2251/2929/957
f 2249/2927/956 2238/2916/956 2237/2915/956 2250/2928/956
f 2248/2926/955 2239/2917/955 2238/2916/955 2249/2927/955
f 2247/2925/954 2240/2918/954 2239/2917/954 2248/2926/954
f 2246/2924/953 2241/2919/953 2240/2918/953 2247/2925/953
f 2245/2923/952 2242/2920/952 2241/2919/952 2246/2924/952
f 2244/2922/951 2243/2921/951 2242/2920/951 2245/2923/951
f 2223/2900/950 2224/2901/950 2243/2921/950 2244/2922/950
f 2194/2869/973 2195/2870/973 2232/2910/973 2233/2911/973
f 2212/2887/972 2211/2886/972 2252/2930/972 2253/2931/972
f 2193/2868/973 2194/2869/973 2233/2911/973 2234/2912/973
f 2213/2888/972 2212/2887/972 2253/2931/972 2254/2932/972
f 2192/2867/973 2193/2868/973 2234/2912/973 2235/2913/973
f 2214/2889/972 2213/2888/972 2254/2932/972 2255/2933/972
f 2191/2866/973 2192/2867/973 2235/2913/973 2236/2914/973
f 2215/2890/972 2214/2889/972 2255/2933/972 2256/2934/972
f 2190/2865/973 2191/2866/973 2236/2914/973 2237/2915/973
f 2216/2891/972 2215/2890/972 2256/2934/972 2257/2935/972
f 2189/2864/973 2190/2865/973 2237/2915/973 2238/2916/973
f 2203/2878/972 2222/2898/972 2223/2900/972 2244/2922/972
f 2202/2877/973 2183/2858/973 2224/2902/973 2225/2903/973
f 2217/2892/972 2216/2891/972 2257/2935/972 2258/2936/972
f 2188/2863/973 2189/2864/973 2238/2916/973 2239/2917/973
f 2204/2879/972 2203/2878/972 2244/2922/972 2245/2923/972
f 2201/2876/973 2202/2877/973 2225/2903/973 2226/2904/973
f 2218/2893/972 2217/2892/972 2258/2936/972 2259/2937/972
f 2187/2862/973 2188/2863/973 2239/2917/973 2240/2918/973
f 2205/2880/972 2204/2879/972 2245/2923/972 2246/2924/972
f 2292/2973/992 2376/3060/992 2375/3059/992 2289/2970/992
f 2336/3017/993 2335/3016/993 2365/3049/993 2364/3048/993
f 2286/2967/994 2289/2970/994 2375/3059/994 2323/3004/994
f 2337/3018/995 2336/3017/995 2364/3048/995 2346/3030/995
f 2283/2964/996 2286/2967/996 2323/3004/996 2347/3031/996
f 2324/3005/997 2267/2947/997 2343/3024/997 2348/3032/997
f 2322/3003/998 2345/3028/998 2344/3026/998 2349/3033/998
f 2338/3019/999 2337/3018/999 2346/3030/999 2350/3034/999
f 2280/2961/1000 2283/2964/1000 2347/3031/1000 2351/3035/1000
f 2324/3005/1001 2348/3032/1001 2352/3036/1001 2325/3006/1001
f 2319/3000/1002 2322/3003/1002 2349/3033/1002 2353/3037/1002
f 2339/3020/1003 2338/3019/1003 2350/3034/1003 2354/3038/1003
f 2280/2961/1004 2351/3035/1004 2355/3039/1004 2277/2958/1004
f 2326/3007/1005 2325/3006/1005 2352/3036/1005 2357/3041/1005
f 2316/2997/1006 2319/3000/1006 2353/3037/1006 2359/3043/1006
f 2340/3021/1007 2339/3020/1007 2354/3038/1007 2361/3045/1007
f 2274/2955/1008 2277/2958/1008 2355/3039/1008 2356/3040/1008
f 2327/3008/1009 2326/3007/1009 2357/3041/1009 2358/3042/1009
f 2316/2997/1010 2359/3043/1010 2360/3044/1010 2313/2994/1010
f 2340/3021/1011 2361/3045/1011 2362/3046/1011 2341/3022/1011
f 2349/3033/959 2344/3026/959 2343/3025/959 2363/3047/959
f 2353/3037/958 2349/3033/958 2363/3047/958 2362/3046/958
f 2359/3043/957 2353/3037/957 2362/3046/957 2361/3045/957
f 2354/3038/956 2360/3044/956 2359/3043/956 2361/3045/956
f 2350/3034/955 2382/3066/955 2360/3044/955 2354/3038/955
f 2346/3030/954 2381/3065/954 2382/3066/954 2350/3034/954
f 2364/3048/953 2380/3064/953 2381/3065/953 2346/3030/953
f 2365/3049/952 2379/3063/952 2380/3064/952 2364/3048/952
f 2366/3050/951 2378/3062/951 2379/3063/951 2365/3049/951
f 2367/3051/950 2377/3061/950 2378/3062/950 2366/3050/950
f 2368/3052/970 2376/3060/970 2377/3061/970 2367/3051/970
f 2369/3053/969 2375/3059/969 2376/3060/969 2368/3052/969
f 2370/3054/967 2323/3004/967 2375/3059/967 2369/3053/967
f 2347/3031/966 2323/3004/966 2370/3054/966 2371/3055/966
f 2351/3035/965 2347/3031/965 2371/3055/965 2372/3056/965
f 2355/3039/964 2351/3035/964 2372/3056/964 2358/3042/964
f 2356/3040/963 2355/3039/963 2358/3042/963 2357/3041/963
f 2352/3036/962 2374/3058/962 2356/3040/962 2357/3041/962
f 2348/3032/961 2373/3057/961 2374/3058/961 2352/3036/961
f 2343/3024/960 2344/3027/960 2373/3057/960 2348/3032/960
f 2335/3016/1032 2334/3015/1032 2366/3050/1032 2365/3049/1032
f 2292/2973/1033 2295/2976/1033 2377/3061/1033 2376/3060/1033
f 2334/3015/1034 2333/3014/1034 2367/3051/1034 2366/3050/1034
f 2295/2976/1035 2298/2979/1035 2378/3062/1035 2377/3061/1035
f 2333/3014/1036 2332/3013/1036 2368/3052/1036 2367/3051/1036
f 2301/2982/1037 2379/3063/1037 2378/3062/1037 2298/2979/1037
f 2332/3013/1038 2331/3012/1038 2369/3053/1038 2368/3052/1038
f 2304/2985/1039 2380/3064/1039 2379/3063/1039 2301/2982/1039
f 2331/3012/1040 2330/3011/1040 2370/3054/1040 2369/3053/1040
f 2304/2985/1041 2307/2988/1041 2381/3065/1041 2380/3064/1041
f 2329/3010/1042 2371/3055/1042 2370/3054/1042 2330/3011/1042
f 2345/3029/1043 2268/2949/1043 2373/3057/1043 2344/3027/1043
f 2267/2948/1044 2342/3023/1044 2363/3047/1044 2343/3025/1044
f 2307/2988/1045 2310/2991/1045 2382/3066/1045 2381/3065/1045
f 2328/3009/1046 2372/3056/1046 2371/3055/1046 2329/3010/1046
f 2268/2949/1047 2271/2952/1047 2374/3058/1047 2373/3057/1047
f 2341/3022/1048 2362/3046/1048 2363/3047/1048 2342/3023/1048
f 2310/2991/1049 2313/2994/1049 2360/3044/1049 2382/3066/1049
f 2328/3009/1050 2327/3008/1050 2358/3042/1050 2372/3056/1050
f 2274/2955/1051 2356/3040/1051 2374/3058/1051 2271/2952/1051
o Cube.005
v -4.321954 2.014103 1.586468
v -4.169132 1.989898 1.586468
v -4.169132 1.989898 2.501004
v -4.321954 2.014103 2.501004
v -4.031270 1.919654 1.586468
v -4.031270 1.919654 2.501004
v -3.921862 1.810246 1.586468
v -3.921862 1.810246 2.501004
v -3.851617 1.672383 1.586468
v -3.851617 1.672383 2.501004
v -3.827413 1.519562 1.586468
v -3.827413 1.519562 2.501004
v -3.851617 1.366740 1.586468
v -3.851617 1.366740 2.501004
v -3.921862 1.228878 1.586468
v -3.921862 1.228878 2.501004
v -4.031270 1.119470 1.586468
v -4.031270 1.119470 2.501004
v -4.169132 1.049225 1.586468
v -4.169132 1.049225 2.501004
v -4.321954 1.025021 1.586468
v -4.321954 1.025021 2.501004
v -4.474775 1.049225 1.586468
v -4.474775 1.049225 2.501004
v -4.612638 1.119470 1.586468
v -4.612638 1.119470 2.501004
v -4.722046 1.228878 1.586468
v -4.722046 1.228878 2.501004
v -4.792290 1.366741 1.586468
v -4.792290 1.366741 2.501004
v -4.816494 1.519562 1.586468
v -4.816494 1.519562 2.501004
v -4.792290 1.672384 1.586468
v -4.792290 1.672384 2.501004
v -4.722045 1.810246 1.586468
v -4.722045 1.810246 2.501004
v -4.612637 1.919654 1.586468
v -4.612637 1.919654 2.501004
v -4.474774 1.989898 1.586468
v -4.474774 1.989898 2.501004
v -4.321954 2.014103 1.611089
v -4.169132 1.989898 1.611089
v -4.169132 1.989898 2.476383
v -4.321954 2.014103 2.476383
v -4.816494 1.519562 2.476383
v -4.734075 1.519562 2.476383
v -3.851617 1.366740 2.476383
v -3.930003 1.392209 2.476383
v -4.031270 1.919654 1.611089
v -4.031270 1.919654 2.476383
v -4.734075 1.519562 1.611089
v -4.816494 1.519562 1.611089
v -3.921862 1.810246 1.611089
v -3.921862 1.810246 2.476383
v -4.792290 1.366741 1.611089
v -4.713904 1.392210 1.611089
v -3.851617 1.672383 1.611089
v -3.851617 1.672383 2.476383
v -3.930003 1.392209 1.611089
v -3.851617 1.366740 1.611089
v -3.827413 1.519562 1.611089
v -3.827413 1.519562 2.476383
v -3.909832 1.519562 1.611089
v -4.564192 1.852975 2.476383
v -4.612637 1.919654 2.476383
v -3.921862 1.228878 1.611089
v -3.921862 1.228878 2.476383
v -4.474774 1.989898 2.476383
v -4.449306 1.911513 2.476383
v -4.031270 1.119470 1.611089
v -4.031270 1.119470 2.476383
v -4.194601 1.127611 2.476383
v -4.169132 1.049225 2.476383
v -4.169132 1.049225 1.611089
v -4.321954 1.025021 2.476383
v -4.321954 1.107440 2.476383
v -4.321954 1.025021 1.611089
v -4.449306 1.911513 1.611089
v -4.474774 1.989898 1.611089
v -4.474775 1.049225 1.611089
v -4.474775 1.049225 2.476383
v -4.612637 1.919654 1.611089
v -4.564192 1.852975 1.611089
v -4.612638 1.119470 1.611089
v -4.612638 1.119470 2.476383
v -4.321954 1.107440 1.611089
v -4.722046 1.228878 1.611089
v -4.722046 1.228878 2.476383
v -4.194601 1.127611 1.611089
v -4.792290 1.366741 2.476383
v -4.321954 1.931683 2.476383
v -4.194601 1.911512 2.476383
v -4.792290 1.672384 1.611089
v -4.792290 1.672384 2.476383
v -4.655367 1.277323 2.476383
v -4.722045 1.810246 1.611089
v -4.722045 1.810246 2.476383
v -4.713904 1.392210 2.476383
v -3.930003 1.646914 2.476383
v -3.909832 1.519562 2.476383
v -4.321954 1.931683 1.611089
v -4.194601 1.911512 1.611089
v -4.558645 1.845341 1.611089
v -4.197517 1.136586 1.611089
v -4.079715 1.852975 2.476383
v -4.628005 1.281313 2.303724
v -3.988540 1.761801 1.611089
v -3.988540 1.761801 2.476383
v -3.951349 1.639978 2.303729
v -3.930003 1.646914 1.611089
v -4.647732 1.282870 1.611089
v -4.655367 1.277323 1.611089
v -4.564193 1.186149 1.611089
v -4.558646 1.193783 1.611089
v -3.938978 1.643998 1.611089
v -3.988540 1.277323 1.611089
v -3.988540 1.277323 2.476383
v -3.996175 1.756254 1.611089
v -4.079715 1.186149 1.611089
v -4.079715 1.186149 2.476383
v -4.692558 1.639979 2.303729
v -4.713904 1.646915 2.476383
v -4.655366 1.761801 2.476383
v -4.643116 1.737011 2.303724
v -4.006699 1.290516 2.303729
v -4.449306 1.127611 1.611089
v -4.449306 1.127611 2.476383
v -4.092908 1.204307 2.303729
v -4.564193 1.186149 2.476383
v -4.647732 1.756254 1.611089
v -4.655366 1.761801 1.611089
v -4.713904 1.646915 1.611089
v -4.704929 1.643999 1.611089
v -4.085262 1.193783 1.611089
v -3.996175 1.282870 1.611089
v -4.442370 1.148958 2.303729
v -4.551000 1.204307 2.303729
v -4.083704 1.825613 2.303724
v -4.006699 1.748608 2.303729
v -4.321954 1.922246 1.611089
v -4.214392 1.892202 2.303724
v -4.321954 1.909238 2.303729
v -4.351191 1.482430 2.309580
v -4.289136 1.530225 2.309802
v -3.919269 1.519562 1.611089
v -3.934314 1.532417 2.303724
v -3.938978 1.395125 1.611089
v -3.957259 1.387549 2.303724
v -4.354771 1.530224 2.309802
v -4.189940 1.154867 2.303724
v -4.366302 1.535894 2.309580
v -4.321954 1.116877 1.611089
v -4.334809 1.131922 2.303724
v -4.294037 1.499280 2.309802
v -4.446390 1.136586 1.611089
v -4.301671 1.491645 2.309802
v -4.704929 1.395126 1.611089
v -4.694593 1.412001 2.303724
v -4.724638 1.519562 1.611089
v -4.711630 1.519562 2.303729
v -4.332617 1.486744 2.309802
v -4.342237 1.491646 2.309802
v -4.539402 1.840725 2.303724
v -4.284822 1.548799 2.309580
v -4.446389 1.902538 1.611089
v -4.442369 1.890166 2.303729
v -4.294037 1.539844 2.309802
v -4.320126 1.566787 2.309580
v -4.321954 1.567077 2.309574
v -4.276474 1.532417 2.309580
v -4.282673 1.493282 2.309580
v -4.295674 1.480281 2.309580
v -4.334808 1.474083 2.309580
v -4.369180 1.517734 2.309580
v -4.369469 1.519562 2.309574
v -4.338285 1.563911 2.309580
v -4.336636 1.564751 2.309574
v -4.197517 1.902537 2.303501
v -4.321954 1.922246 2.303501
v -4.647732 1.282870 2.303501
v -4.349870 1.499279 2.309802
v -3.996175 1.756254 2.303501
v -4.085262 1.845340 2.303501
v -3.938978 1.643998 2.303501
v -3.919269 1.519562 2.303501
v -3.996175 1.282870 2.303501
v -3.938978 1.395125 2.303501
v -4.085262 1.193783 2.303501
v -4.197517 1.136586 2.303501
v -4.647732 1.756254 2.303501
v -4.349870 1.539844 2.309802
v -4.446390 1.136586 2.303501
v -4.321954 1.116877 2.303501
v -4.558646 1.193783 2.303501
v -4.724638 1.519562 2.303501
v -4.704929 1.395126 2.303501
v -4.704929 1.643999 2.303501
v -4.301671 1.547478 2.309802
v -4.446389 1.902538 2.303501
v -4.558645 1.845341 2.303501
v -4.311290 1.552379 2.309802
v -4.321954 1.554068 2.309802
v -4.283514 1.547490 2.309574
v -4.276764 1.534245 2.309574
v -4.287447 1.519562 2.309802
v -4.283514 1.491634 2.309574
v -4.289136 1.508899 2.309802
v -4.294025 1.481121 2.309574
v -4.311290 1.486744 2.309802
v -4.336637 1.474373 2.309574
v -4.321953 1.485055 2.309802
v -4.349882 1.481122 2.309574
v -4.356461 1.519562 2.309803
v -4.354771 1.508899 2.309802
v -4.367143 1.534244 2.309574
v -4.332616 1.552380 2.309802
v -4.342236 1.547478 2.309802
v -3.969845 1.633971 1.986599
v -4.295259 1.528237 1.992444
v -4.348649 1.528232 1.992443
v -4.674064 1.633967 1.986599
v -4.299247 1.503063 1.992443
v -4.022433 1.301945 1.986599
v -4.104337 1.220040 1.986599
v -4.305454 1.496854 1.992444
v -4.330628 1.492868 1.992443
v -4.436362 1.167453 1.986599
v -4.539569 1.220039 1.986599
v -4.338451 1.496854 1.992443
v -4.022431 1.737176 1.986599
v -4.299245 1.536058 1.992443
v -4.321956 1.547630 1.992444
v -4.321956 1.889792 1.986599
v -4.436359 1.871672 1.986599
v -4.330625 1.546257 1.992443
v -4.692184 1.519564 1.986599
v -4.350023 1.519564 1.992444
v -4.217475 1.872747 1.986597
v -4.614077 1.295242 1.986597
v -4.337263 1.496359 1.992453
v -4.097634 1.811685 1.986597
v -3.953769 1.529337 1.986597
v -3.974809 1.396493 1.986597
v -4.198882 1.172419 1.986597
v -4.625566 1.728069 1.986597
v -4.348752 1.526951 1.992453
v -4.331726 1.151377 1.986597
v -4.675139 1.415086 1.986597
v -4.298750 1.534870 1.992454
v -4.530460 1.823174 1.986597
v -4.323209 1.547332 1.992453
v -4.295930 1.529337 1.992453
v -4.300223 1.502227 1.992454
v -4.304615 1.497833 1.992453
v -4.331726 1.493538 1.992453
v -4.349725 1.520819 1.992453
v -4.329343 1.546360 1.992453
v -4.321954 2.385717 1.615908
v -4.321954 2.329256 1.586468
v -4.321954 2.329256 2.501004
v -4.321954 2.385717 2.471564
v -4.071744 2.289627 1.586468
v -4.054297 2.343324 1.615908
v -4.054297 2.343324 2.471564
v -4.071744 2.289627 2.501004
v -3.846027 2.174618 1.586468
v -3.812840 2.220296 1.615908
v -3.812840 2.220296 2.471564
v -3.846027 2.174618 2.501004
v -3.666897 1.995488 1.586468
v -3.621219 2.028675 1.615908
v -3.621219 2.028675 2.471564
v -3.666897 1.995488 2.501004
v -3.551889 1.769771 1.586468
v -3.498191 1.787218 1.615908
v -3.498191 1.787218 2.471564
v -3.551889 1.769771 2.501004
v -3.512259 1.519562 1.586468
v -3.455799 1.519562 1.615908
v -3.455799 1.519562 2.471564
v -3.512259 1.519562 2.501004
v -3.551889 1.269352 1.586468
v -3.498191 1.251905 1.615908
v -3.498191 1.251905 2.471564
v -3.551889 1.269352 2.501004
v -3.666897 1.043636 1.586468
v -3.621219 1.010449 1.615908
v -3.621219 1.010449 2.471564
v -3.666897 1.043636 2.501004
v -3.846027 0.864505 1.586468
v -3.812840 0.818828 1.615908
v -3.812840 0.818828 2.471564
v -3.846027 0.864505 2.501004
v -4.071744 0.749497 1.586468
v -4.054297 0.695799 1.615908
v -4.054297 0.695799 2.471564
v -4.071744 0.749497 2.501004
v -4.321954 0.709868 1.586468
v -4.321954 0.653407 1.615908
v -4.321954 0.653407 2.471564
v -4.321954 0.709868 2.501004
v -4.572163 0.749497 1.586468
v -4.589611 0.695799 1.615908
v -4.589611 0.695799 2.471564
v -4.572163 0.749497 2.501004
v -4.797880 0.864506 1.586468
v -4.831067 0.818828 1.615908
v -4.831067 0.818828 2.471564
v -4.797880 0.864506 2.501004
v -4.977010 1.043636 1.586468
v -5.022688 1.010449 1.615908
v -5.022688 1.010449 2.471564
v -4.977010 1.043636 2.501004
v -5.092019 1.269353 1.586468
v -5.145716 1.251906 1.615908
v -5.145716 1.251906 2.471564
v -5.092019 1.269353 2.501004
v -5.131648 1.519563 1.586468
v -5.188109 1.519563 1.615908
v -5.188108 1.519563 2.471564
v -5.131648 1.519563 2.501004
v -5.092018 1.769772 1.586468
v -5.145716 1.787219 1.615908
v -5.145716 1.787219 2.471564
v -5.092018 1.769772 2.501004
v -4.977009 1.995489 1.586468
v -5.022687 2.028676 1.615908
v -5.022687 2.028676 2.471564
v -4.977009 1.995489 2.501004
v -4.797879 2.174619 1.586468
v -4.831066 2.220297 1.615908
v -4.831066 2.220297 2.471564
v -4.797879 2.174619 2.501004
v -4.572162 2.289627 1.586468
v -4.589609 2.343325 1.615908
v -4.589609 2.343325 2.471564
v -4.572162 2.289627 2.501004
v -4.425189 1.351025 1.469184
v -4.425189 1.688175 1.469184
v -4.218810 1.351025 1.469184
v -4.218810 1.688175 1.469184
v -4.354771 1.508899 1.806334
v -4.321954 1.688175 1.607083
v -4.267168 1.688175 1.607232
v -4.356461 1.519562 1.806334
v -4.425189 1.486019 1.606055
v -4.354772 1.530224 1.806334
v -4.349870 1.539844 1.806334
v -4.218810 1.519562 1.605963
v -4.425189 1.661654 1.607203
v -4.342236 1.547478 1.806334
v -4.425189 1.594567 1.606381
v -4.218810 1.351025 1.607611
v -4.218810 1.377597 1.607200
v -4.332616 1.552380 1.806334
v -4.267193 1.351025 1.607230
v -4.321954 1.554068 1.806334
v -4.425189 1.377470 1.607203
v -4.321954 1.351025 1.607081
v -4.218810 1.594500 1.606379
v -4.425189 1.688175 1.607613
v -4.376739 1.688175 1.607231
v -4.425189 1.553105 1.606055
v -4.218810 1.486048 1.606053
v -4.425189 1.519562 1.605964
v -4.218810 1.444624 1.606379
v -4.311290 1.552379 1.806334
v -4.218810 1.661526 1.607200
v -4.218810 1.688175 1.607612
v -4.301671 1.547478 1.806334
v -4.376715 1.351025 1.607230
v -4.294037 1.539844 1.806334
v -4.289136 1.530225 1.806334
v -4.287447 1.519562 1.806334
v -4.289136 1.508899 1.806334
v -4.425189 1.351025 1.607611
v -4.294037 1.499280 1.806334
v -4.301671 1.491645 1.806334
v -4.311290 1.486744 1.806334
v -4.321953 1.485055 1.806334
v -4.332617 1.486744 1.806334
v -4.342237 1.491646 1.806334
v -4.349870 1.499279 1.806334
v -4.321954 2.250468 2.501004
v -4.096091 2.214694 2.501004
v -4.547815 2.214695 2.501004
v -3.892338 2.110877 2.501004
v -3.730639 1.949178 2.501004
v -3.626821 1.745424 2.501004
v -3.591048 1.519562 2.501004
v -3.626821 1.293699 2.501004
v -3.730639 1.089946 2.501004
v -3.892338 0.928246 2.501004
v -4.096091 0.824429 2.501004
v -4.321954 0.788656 2.501004
v -4.547816 0.824429 2.501004
v -4.751570 0.928247 2.501004
v -4.913269 1.089947 2.501004
v -5.017087 1.293700 2.501004
v -5.052859 1.519562 2.501004
v -5.017086 1.745425 2.501004
v -4.913269 1.949178 2.501004
v -4.751568 2.110878 2.501004
v -4.125308 2.124776 2.501004
v -3.947911 2.034388 2.501004
v -3.807128 1.893605 2.501004
v -3.716739 1.716208 2.501004
v -3.685594 1.519562 2.501004
v -3.716739 1.322916 2.501004
v -3.807128 1.145519 2.501004
v -3.947911 1.004736 2.501004
v -4.125308 0.914347 2.501004
v -4.321954 0.883202 2.501004
v -4.518600 0.914348 2.501004
v -4.695997 1.004736 2.501004
v -4.836780 1.145519 2.501004
v -4.927168 1.322916 2.501004
v -4.958313 1.519562 2.501004
v -4.927168 1.716208 2.501004
v -4.836779 1.893605 2.501004
v -4.695996 2.034388 2.501004
v -4.321954 2.155922 2.501004
v -4.518599 2.124776 2.501004
v -3.722433 1.709893 0.391219
v -3.697379 1.707684 0.391219
v -3.674778 1.701273 0.391219
v -3.656842 1.691288 0.391219
v -3.645326 1.678706 0.391219
v -3.641358 1.664758 0.391219
v -3.645326 1.650811 0.391219
v -3.656842 1.638229 0.391219
v -3.674778 1.628244 0.391219
v -3.697379 1.621833 0.391219
v -3.722433 1.619624 0.391219
v -3.747486 1.621833 0.391219
v -3.770087 1.628244 0.391219
v -3.788024 1.638229 0.391219
v -3.799540 1.650811 0.391219
v -3.803508 1.664758 0.391219
v -3.799540 1.678706 0.391219
v -3.788024 1.691288 0.391219
v -3.770087 1.701273 0.391219
v -3.747486 1.707684 0.391219
v -4.915589 1.704699 0.268045
v -4.894030 1.702727 0.268045
v -4.874581 1.697006 0.268045
v -4.859146 1.688094 0.268045
v -4.849236 1.676865 0.268045
v -4.845822 1.664417 0.268045
v -4.849236 1.651969 0.268045
v -4.859146 1.640740 0.268045
v -4.874581 1.631828 0.268045
v -4.894030 1.626106 0.268045
v -4.915589 1.624135 0.268045
v -4.937148 1.626106 0.268045
v -4.956597 1.631828 0.268045
v -4.972032 1.640740 0.268045
v -4.981941 1.651969 0.268045
v -4.985356 1.664417 0.268045
v -4.981941 1.676865 0.268045
v -4.972032 1.688094 0.268045
v -4.956597 1.697006 0.268045
v -4.937148 1.702727 0.268045
v -4.786599 2.016793 0.332711
v -4.767660 2.015061 0.332711
v -4.750575 2.010035 0.332711
v -4.737016 2.002207 0.332711
v -4.728311 1.992342 0.332711
v -4.725312 1.981407 0.332711
v -4.728311 1.970472 0.332711
v -4.737016 1.960608 0.332711
v -4.750575 1.952780 0.332711
v -4.767660 1.947753 0.332711
v -4.786599 1.946021 0.332711
v -4.805537 1.947753 0.332711
v -4.822622 1.952780 0.332711
v -4.836181 1.960608 0.332711
v -4.844886 1.970472 0.332711
v -4.847886 1.981407 0.332711
v -4.844886 1.992342 0.332711
v -4.836181 2.002207 0.332711
v -4.822622 2.010035 0.332711
v -4.805537 2.015061 0.332711
v -4.401788 1.698652 0.084046
v -4.372772 1.695999 0.084046
v -4.346597 1.688298 0.084046
v -4.325824 1.676304 0.084046
v -4.312488 1.661191 0.084046
v -4.206910 1.600257 1.516090
v -4.307892 1.644439 0.084046
v -4.202314 1.583504 1.516090
v -4.312488 1.627686 0.084046
v -4.206910 1.566751 1.516090
v -4.325824 1.612573 0.084046
v -4.346597 1.600579 0.084046
v -4.372772 1.592878 0.084046
v -4.401788 1.590225 0.084046
v -4.430803 1.592878 0.084046
v -4.456978 1.600579 0.084046
v -4.477751 1.612573 0.084046
v -4.491088 1.627686 0.084046
v -4.495683 1.644439 0.084046
v -4.491088 1.661191 0.084046
v -4.477751 1.676305 0.084046
v -4.456978 1.688298 0.084046
v -4.430803 1.695999 0.084046
v -3.462008 2.033986 0.410620
v -3.432111 2.031350 0.410620
v -3.405140 2.023699 0.410620
v -3.383736 2.011784 0.410620
v -3.369994 1.996769 0.410620
v -3.365258 1.980125 0.410620
v -3.369994 1.963481 0.410620
v -3.383736 1.948467 0.410620
v -3.405140 1.936551 0.410620
v -3.432111 1.928901 0.410620
v -3.462008 1.926265 0.410620
v -3.491906 1.928901 0.410620
v -3.518877 1.936551 0.410620
v -3.540281 1.948467 0.410620
v -3.554023 1.963481 0.410620
v -3.558758 1.980125 0.410620
v -3.554023 1.996769 0.410620
v -3.540281 2.011784 0.410620
v -3.518876 2.023699 0.410620
v -3.491905 2.031350 0.410620
v -3.722433 1.709893 -0.391219
v -3.697379 1.707684 -0.391219
v -3.674778 1.701273 -0.391219
v -3.656842 1.691288 -0.391219
v -3.645326 1.678706 -0.391219
v -3.641358 1.664758 -0.391219
v -3.645326 1.650811 -0.391219
v -3.656842 1.638229 -0.391219
v -3.674778 1.628244 -0.391219
v -3.697379 1.621833 -0.391219
v -3.722433 1.619624 -0.391219
v -3.747486 1.621833 -0.391219
v -3.770087 1.628244 -0.391219
v -3.788024 1.638229 -0.391219
v -3.799540 1.650811 -0.391219
v -3.803508 1.664758 -0.391219
v -3.799540 1.678706 -0.391219
v -3.788024 1.691288 -0.391219
v -3.770087 1.701273 -0.391219
v -3.747486 1.707684 -0.391219
v -4.915589 1.704699 -0.268045
v -4.894030 1.702727 -0.268045
v -4.874581 1.697006 -0.268045
v -4.859147 1.688094 -0.268045
v -4.849236 1.676865 -0.268045
v -4.845822 1.664417 -0.268045
v -4.849236 1.651969 -0.268045
v -4.859147 1.640740 -0.268045
v -4.874581 1.631828 -0.268045
v -4.894030 1.626106 -0.268045
v -4.915589 1.624135 -0.268045
v -4.937149 1.626106 -0.268045
v -4.956597 1.631828 -0.268045
v -4.972032 1.640740 -0.268045
v -4.981942 1.651969 -0.268045
v -4.985356 1.664417 -0.268045
v -4.981942 1.676865 -0.268045
v -4.972032 1.688094 -0.268045
v -4.956597 1.697006 -0.268045
v -4.937148 1.702727 -0.268045
v -4.786599 2.016793 -0.332711
v -4.767660 2.015061 -0.332711
v -4.750575 2.010035 -0.332711
v -4.737017 2.002207 -0.332711
v -4.728311 1.992342 -0.332711
v -4.725312 1.981407 -0.332711
v -4.728311 1.970472 -0.332711
v -4.737017 1.960608 -0.332711
v -4.750575 1.952780 -0.332711
v -4.767660 1.947753 -0.332711
v -4.786599 1.946021 -0.332711
v -4.805538 1.947753 -0.332711
v -4.822622 1.952780 -0.332711
v -4.836181 1.960608 -0.332711
v -4.844886 1.970472 -0.332711
v -4.847886 1.981407 -0.332711
v -4.844886 1.992342 -0.332711
v -4.836181 2.002207 -0.332711
v -4.822622 2.010035 -0.332711
v -4.805537 2.015061 -0.332711
v -4.401788 1.698652 -0.084046
v -4.372772 1.695999 -0.084046
v -4.346597 1.688298 -0.084046
v -4.325824 1.676304 -0.084046
v -4.312488 1.661191 -0.084046
v -4.206910 1.600257 -1.516090
v -4.307892 1.644439 -0.084046
v -4.202314 1.583504 -1.516090
v -4.312488 1.627686 -0.084046
v -4.206910 1.566751 -1.516090
v -4.325824 1.612573 -0.084046
v -4.346597 1.600579 -0.084046
v -4.372772 1.592878 -0.084046
v -4.401788 1.590225 -0.084046
v -4.430803 1.592878 -0.084046
v -4.456978 1.600579 -0.084046
v -4.477751 1.612573 -0.084046
v -4.491088 1.627686 -0.084046
v -4.495683 1.644439 -0.084046
v -4.491088 1.661191 -0.084046
v -4.477751 1.676305 -0.084046
v -4.456978 1.688298 -0.084046
v -4.430803 1.695999 -0.084046
v -3.462008 2.033986 -0.410620
v -3.432111 2.031350 -0.410620
v -3.405140 2.023699 -0.410620
v -3.383736 2.011784 -0.410620
v -3.369994 1.996769 -0.410620
v -3.365258 1.980125 -0.410620
v -3.369994 1.963481 -0.410620
v -3.383736 1.948467 -0.410620
v -3.405140 1.936551 -0.410620
v -3.432111 1.928901 -0.410620
v -3.462008 1.926265 -0.410620
v -3.491906 1.928901 -0.410620
v -3.518877 1.936551 -0.410620
v -3.540281 1.948467 -0.410620
v -3.554023 1.963481 -0.410620
v -3.558758 1.980125 -0.410620
v -3.554023 1.996769 -0.410620
v -3.540281 2.011784 -0.410620
v -3.518877 2.023699 -0.410620
v -3.491906 2.031350 -0.410620
v -4.322046 2.014103 -1.586509
v -4.474868 1.989898 -1.586509
v -4.474868 1.989898 -2.501045
v -4.322046 2.014103 -2.501045
v -4.612730 1.919654 -1.586509
v -4.612730 1.919654 -2.501045
v -4.722138 1.810246 -1.586509
v -4.722138 1.810246 -2.501045
v -4.792382 1.672383 -1.586509
v -4.792383 1.672383 -2.501045
v -4.816587 1.519562 -1.586509
v -4.816587 1.519562 -2.501045
v -4.792382 1.366740 -1.586509
v -4.792383 1.366740 -2.501045
v -4.722138 1.228878 -1.586509
v -4.722138 1.228878 -2.501045
v -4.612730 1.119470 -1.586509
v -4.612730 1.119470 -2.501045
v -4.474867 1.049225 -1.586509
v -4.474868 1.049225 -2.501045
v -4.322046 1.025021 -1.586509
v -4.322046 1.025021 -2.501045
v -4.169224 1.049225 -1.586509
v -4.169224 1.049225 -2.501045
v -4.031362 1.119470 -1.586509
v -4.031362 1.119470 -2.501045
v -3.921954 1.228878 -1.586509
v -3.921954 1.228878 -2.501045
v -3.851710 1.366741 -1.586509
v -3.851710 1.366741 -2.501045
v -3.827505 1.519562 -1.586509
v -3.827505 1.519562 -2.501045
v -3.851710 1.672384 -1.586509
v -3.851710 1.672384 -2.501045
v -3.921954 1.810246 -1.586509
v -3.921954 1.810246 -2.501045
v -4.031363 1.919654 -1.586509
v -4.031363 1.919654 -2.501045
v -4.169225 1.989898 -1.586509
v -4.169225 1.989898 -2.501045
v -4.322046 2.014103 -1.611130
v -4.474868 1.989898 -1.611130
v -4.474868 1.989898 -2.476424
v -4.322046 2.014103 -2.476424
v -3.827505 1.519562 -2.476424
v -3.909925 1.519562 -2.476424
v -4.792382 1.366740 -2.476424
v -4.713997 1.392209 -2.476424
v -4.612730 1.919654 -1.611130
v -4.612730 1.919654 -2.476424
v -3.909925 1.519562 -1.611130
v -3.827505 1.519562 -1.611130
v -4.722138 1.810246 -1.611130
v -4.722138 1.810246 -2.476424
v -3.851710 1.366741 -1.611130
v -3.930095 1.392210 -1.611130
v -4.792382 1.672383 -1.611130
v -4.792383 1.672383 -2.476424
v -4.713997 1.392209 -1.611130
v -4.792382 1.366740 -1.611130
v -4.816587 1.519562 -1.611130
v -4.816587 1.519562 -2.476424
v -4.734168 1.519562 -1.611130
v -4.079808 1.852975 -2.476424
v -4.031363 1.919654 -2.476424
v -4.722138 1.228878 -1.611130
v -4.722138 1.228878 -2.476424
v -4.169225 1.989898 -2.476424
v -4.194695 1.911513 -2.476424
v -4.612730 1.119470 -1.611130
v -4.612730 1.119470 -2.476424
v -4.449399 1.127611 -2.476424
v -4.474868 1.049225 -2.476424
v -4.474867 1.049225 -1.611130
v -4.322046 1.025021 -2.476424
v -4.322046 1.107440 -2.476424
v -4.322046 1.025021 -1.611130
v -4.194695 1.911513 -1.611130
v -4.169225 1.989898 -1.611130
v -4.169224 1.049225 -1.611130
v -4.169224 1.049225 -2.476424
v -4.031363 1.919654 -1.611130
v -4.031362 1.119470 -1.611130
v -4.031362 1.119470 -2.476424
v -4.322046 1.107440 -1.611130
v -3.921954 1.228878 -1.611130
v -3.921954 1.228878 -2.476424
v -4.449399 1.127611 -1.611130
v -3.851710 1.366741 -2.476424
v -4.322046 1.931683 -2.476424
v -4.449399 1.911512 -2.476424
v -3.851710 1.672384 -1.611130
v -3.851710 1.672384 -2.476424
v -3.988633 1.277323 -2.476424
v -3.921954 1.810246 -1.611130
v -3.921954 1.810246 -2.476424
v -3.930095 1.392210 -2.476424
v -4.713997 1.646914 -2.476424
v -4.734168 1.519562 -2.476424
v -4.322046 1.931683 -1.611130
v -4.449399 1.911512 -1.611130
v -4.446482 1.136586 -1.611130
v -4.564285 1.852975 -1.611130
v -4.564285 1.852975 -2.476424
v -4.015995 1.281313 -2.303765
v -4.655459 1.761801 -1.611130
v -4.655459 1.761801 -2.476424
v -4.692650 1.639978 -2.303770
v -4.713997 1.646914 -1.611130
v -3.996267 1.282870 -1.611130
v -3.988633 1.277323 -1.611130
v -4.079807 1.186149 -1.611130
v -4.085354 1.193783 -1.611130
v -4.705022 1.643998 -1.611130
v -4.655459 1.277323 -1.611130
v -4.655459 1.277323 -2.476424
v -4.647825 1.756254 -1.611130
v -4.564285 1.186149 -1.611130
v -4.564285 1.186149 -2.476424
v -3.951442 1.639979 -2.303770
v -3.930095 1.646915 -2.476424
v -3.988633 1.761801 -2.476424
v -4.000883 1.737011 -2.303765
v -4.637301 1.290516 -2.303770
v -4.194694 1.127611 -1.611130
v -4.194694 1.127611 -2.476424
v -4.551092 1.204307 -2.303770
v -4.079807 1.186149 -2.476424
v -3.996268 1.756254 -1.611130
v -3.988633 1.761801 -1.611130
v -3.930095 1.646915 -1.611130
v -3.939071 1.643999 -1.611130
v -4.558738 1.193783 -1.611130
v -4.647825 1.282870 -1.611130
v -4.201630 1.148958 -2.303770
v -4.093000 1.204307 -2.303770
v -4.560295 1.825613 -2.303765
v -4.637301 1.748608 -2.303770
v -4.322046 1.922246 -1.611130
v -4.446482 1.902537 -1.611130
v -4.429607 1.892202 -2.303765
v -4.322046 1.909238 -2.303770
v -4.558738 1.845340 -1.611130
v -4.292809 1.482430 -2.309621
v -4.354864 1.530225 -2.309843
v -4.724730 1.519562 -1.611130
v -4.709686 1.532417 -2.303765
v -4.705022 1.395125 -1.611130
v -4.686741 1.387549 -2.303765
v -4.289228 1.530224 -2.309843
v -4.454059 1.154867 -2.303765
v -4.277697 1.535894 -2.309621
v -4.322046 1.116877 -1.611130
v -4.309191 1.131922 -2.303765
v -4.349962 1.499280 -2.309843
v -4.197609 1.136586 -1.611130
v -4.342329 1.491645 -2.309844
v -3.939070 1.395126 -1.611130
v -3.949406 1.412001 -2.303765
v -3.919362 1.519562 -1.611130
v -3.932370 1.519562 -2.303770
v -4.311383 1.486744 -2.309843
v -4.301764 1.491646 -2.309843
v -4.104598 1.840725 -2.303765
v -4.359178 1.548799 -2.309621
v -4.201630 1.890166 -2.303770
v -4.349963 1.539844 -2.309843
v -4.323874 1.566787 -2.309621
v -4.322046 1.567077 -2.309615
v -4.367525 1.532417 -2.309621
v -4.361327 1.493282 -2.309621
v -4.348326 1.480281 -2.309621
v -4.309191 1.474083 -2.309621
v -4.274820 1.517734 -2.309620
v -4.274531 1.519562 -2.309615
v -4.305715 1.563911 -2.309621
v -4.307364 1.564751 -2.309615
v -4.446483 1.902537 -2.303542
v -4.322046 1.922246 -2.303542
v -3.996268 1.282870 -2.303542
v -4.294130 1.499279 -2.309843
v -4.647825 1.756254 -2.303542
v -4.558738 1.845340 -2.303542
v -4.705022 1.643998 -2.303542
v -4.724730 1.519562 -2.303542
v -4.647825 1.282870 -2.303542
v -4.705022 1.395125 -2.303542
v -4.558738 1.193783 -2.303542
v -4.446482 1.136586 -2.303542
v -3.996268 1.756254 -2.303542
v -4.294130 1.539844 -2.309843
v -4.197610 1.136586 -2.303542
v -4.322046 1.116877 -2.303542
v -4.085354 1.193783 -2.303542
v -3.919362 1.519562 -2.303542
v -3.939070 1.395126 -2.303542
v -3.939071 1.643999 -2.303542
v -4.342329 1.547478 -2.309843
v -4.197610 1.902538 -2.303542
v -4.085355 1.845341 -2.303542
v -4.332709 1.552379 -2.309843
v -4.322046 1.554068 -2.309843
v -4.360487 1.547490 -2.309615
v -4.367235 1.534245 -2.309615
v -4.356553 1.519562 -2.309843
v -4.360486 1.491634 -2.309615
v -4.354864 1.508899 -2.309844
v -4.349975 1.481121 -2.309615
v -4.332709 1.486744 -2.309843
v -4.307364 1.474373 -2.309615
v -4.322046 1.485055 -2.309843
v -4.294117 1.481122 -2.309615
v -4.287539 1.519562 -2.309844
v -4.289229 1.508899 -2.309843
v -4.276857 1.534244 -2.309615
v -4.311383 1.552380 -2.309843
v -4.301764 1.547478 -2.309843
v -4.674155 1.633971 -1.986640
v -4.348740 1.528237 -1.992485
v -4.295351 1.528232 -1.992484
v -3.969936 1.633967 -1.986640
v -4.344752 1.503063 -1.992484
v -4.621567 1.301945 -1.986640
v -4.539663 1.220040 -1.986640
v -4.338546 1.496854 -1.992485
v -4.313371 1.492868 -1.992484
v -4.207637 1.167453 -1.986640
v -4.104431 1.220039 -1.986640
v -4.305549 1.496854 -1.992485
v -4.621569 1.737176 -1.986640
v -4.344754 1.536058 -1.992485
v -4.322044 1.547630 -1.992485
v -4.322044 1.889792 -1.986640
v -4.207641 1.871672 -1.986640
v -4.313375 1.546257 -1.992485
v -3.951816 1.519564 -1.986640
v -4.293977 1.519564 -1.992485
v -4.426525 1.872747 -1.986638
v -4.029923 1.295242 -1.986638
v -4.306737 1.496359 -1.992494
v -4.546366 1.811685 -1.986638
v -4.690230 1.529337 -1.986638
v -4.669191 1.396493 -1.986638
v -4.445118 1.172419 -1.986638
v -4.018434 1.728069 -1.986638
v -4.295248 1.526951 -1.992494
v -4.312274 1.151377 -1.986638
v -3.968861 1.415086 -1.986639
v -4.345249 1.534870 -1.992495
v -4.113540 1.823174 -1.986638
v -4.320791 1.547332 -1.992494
v -4.348070 1.529337 -1.992494
v -4.343777 1.502227 -1.992495
v -4.339385 1.497833 -1.992494
v -4.312274 1.493538 -1.992494
v -4.294275 1.520819 -1.992494
v -4.314657 1.546360 -1.992494
v -4.322046 2.385717 -1.615949
v -4.322046 2.329256 -1.586509
v -4.322046 2.329256 -2.501045
v -4.322046 2.385717 -2.471605
v -4.572255 2.289627 -1.586509
v -4.589703 2.343324 -1.615949
v -4.589703 2.343324 -2.471605
v -4.572256 2.289627 -2.501045
v -4.797972 2.174618 -1.586509
v -4.831159 2.220296 -1.615949
v -4.831160 2.220296 -2.471605
v -4.797973 2.174618 -2.501045
v -4.977102 1.995488 -1.586509
v -5.022780 2.028675 -1.615949
v -5.022780 2.028675 -2.471605
v -4.977102 1.995488 -2.501045
v -5.092111 1.769771 -1.586509
v -5.145809 1.787218 -1.615949
v -5.145809 1.787218 -2.471605
v -5.092111 1.769771 -2.501045
v -5.131740 1.519562 -1.586509
v -5.188201 1.519562 -1.615949
v -5.188201 1.519562 -2.471605
v -5.131741 1.519562 -2.501045
v -5.092111 1.269352 -1.586509
v -5.145809 1.251905 -1.615949
v -5.145809 1.251905 -2.471605
v -5.092111 1.269352 -2.501045
v -4.977102 1.043636 -1.586509
v -5.022780 1.010449 -1.615949
v -5.022780 1.010449 -2.471605
v -4.977102 1.043636 -2.501045
v -4.797972 0.864505 -1.586509
v -4.831159 0.818828 -1.615949
v -4.831159 0.818828 -2.471605
v -4.797972 0.864505 -2.501045
v -4.572255 0.749497 -1.586509
v -4.589703 0.695799 -1.615949
v -4.589703 0.695799 -2.471605
v -4.572255 0.749497 -2.501045
v -4.322046 0.709868 -1.586509
v -4.322046 0.653407 -1.615949
v -4.322046 0.653407 -2.471605
v -4.322046 0.709868 -2.501045
v -4.071836 0.749497 -1.586509
v -4.054389 0.695799 -1.615949
v -4.054389 0.695799 -2.471605
v -4.071836 0.749497 -2.501045
v -3.846119 0.864506 -1.586509
v -3.812932 0.818828 -1.615949
v -3.812932 0.818828 -2.471605
v -3.846119 0.864506 -2.501045
v -3.666989 1.043636 -1.586509
v -3.621312 1.010449 -1.615949
v -3.621312 1.010449 -2.471605
v -3.666989 1.043636 -2.501045
v -3.551981 1.269353 -1.586509
v -3.498283 1.251906 -1.615949
v -3.498283 1.251906 -2.471605
v -3.551981 1.269353 -2.501045
v -3.512352 1.519563 -1.586509
v -3.455891 1.519563 -1.615949
v -3.455891 1.519563 -2.471605
v -3.512352 1.519563 -2.501045
v -3.551981 1.769772 -1.586509
v -3.498284 1.787219 -1.615949
v -3.498284 1.787219 -2.471605
v -3.551981 1.769772 -2.501045
v -3.666990 1.995489 -1.586509
v -3.621313 2.028676 -1.615949
v -3.621313 2.028676 -2.471605
v -3.666990 1.995489 -2.501045
v -3.846121 2.174619 -1.586509
v -3.812934 2.220297 -1.615949
v -3.812934 2.220297 -2.471605
v -3.846121 2.174619 -2.501045
v -4.071838 2.289627 -1.586509
v -4.054390 2.343325 -1.615949
v -4.054391 2.343325 -2.471605
v -4.071838 2.289627 -2.501045
v -4.218810 1.351025 -1.469225
v -4.218810 1.688175 -1.469225
v -4.425190 1.351025 -1.469225
v -4.425190 1.688175 -1.469225
v -4.289228 1.508899 -1.806375
v -4.322046 1.688175 -1.607124
v -4.376832 1.688175 -1.607272
v -4.287539 1.519562 -1.806375
v -4.218810 1.444556 -1.606422
v -4.218810 1.486019 -1.606096
v -4.289228 1.530224 -1.806375
v -4.425190 1.553075 -1.606094
v -4.294130 1.539844 -1.806375
v -4.425190 1.519562 -1.606003
v -4.218810 1.661654 -1.607244
v -4.301764 1.547478 -1.806375
v -4.218810 1.594567 -1.606422
v -4.425190 1.351025 -1.607651
v -4.425190 1.377597 -1.607241
v -4.311383 1.552380 -1.806375
v -4.376807 1.351025 -1.607271
v -4.322046 1.554068 -1.806375
v -4.218810 1.377470 -1.607244
v -4.322046 1.351025 -1.607123
v -4.425190 1.594500 -1.606420
v -4.218810 1.688175 -1.607653
v -4.267261 1.688175 -1.607272
v -4.425190 1.486048 -1.606094
v -4.218810 1.519562 -1.606005
v -4.332709 1.552379 -1.806375
v -4.425190 1.661526 -1.607241
v -4.425190 1.688175 -1.607653
v -4.342329 1.547478 -1.806375
v -4.267285 1.351025 -1.607271
v -4.349963 1.539844 -1.806375
v -4.354864 1.530225 -1.806375
v -4.356553 1.519562 -1.806375
v -4.354864 1.508899 -1.806375
v -4.218810 1.351025 -1.607652
v -4.349962 1.499280 -1.806375
v -4.342329 1.491645 -1.806375
v -4.332709 1.486744 -1.806375
v -4.322046 1.485055 -1.806375
v -4.311383 1.486744 -1.806375
v -4.301764 1.491646 -1.806375
v -4.294130 1.499279 -1.806375
v -4.322046 2.250468 -2.501045
v -4.547908 2.214694 -2.501045
v -4.096185 2.214695 -2.501045
v -4.751662 2.110877 -2.501045
v -4.913362 1.949178 -2.501045
v -5.017179 1.745424 -2.501045
v -5.052952 1.519562 -2.501045
v -5.017179 1.293699 -2.501045
v -4.913362 1.089946 -2.501045
v -4.751662 0.928246 -2.501045
v -4.547908 0.824429 -2.501045
v -4.322046 0.788656 -2.501045
v -4.096183 0.824429 -2.501045
v -3.892430 0.928247 -2.501045
v -3.730731 1.089947 -2.501045
v -3.626913 1.293700 -2.501045
v -3.591140 1.519562 -2.501045
v -3.626914 1.745425 -2.501045
v -3.730731 1.949178 -2.501045
v -3.892431 2.110878 -2.501045
v -4.518692 2.124776 -2.501045
v -4.696089 2.034388 -2.501045
v -4.836872 1.893605 -2.501045
v -4.927260 1.716208 -2.501045
v -4.958406 1.519562 -2.501045
v -4.927260 1.322916 -2.501045
v -4.836872 1.145519 -2.501045
v -4.696089 1.004736 -2.501045
v -4.518692 0.914347 -2.501045
v -4.322046 0.883202 -2.501045
v -4.125400 0.914348 -2.501045
v -3.948003 1.004736 -2.501045
v -3.807220 1.145519 -2.501045
v -3.716832 1.322916 -2.501045
v -3.685686 1.519562 -2.501045
v -3.716832 1.716208 -2.501045
v -3.807221 1.893605 -2.501045
v -3.948004 2.034388 -2.501045
v -4.322046 2.155922 -2.501045
v -4.125401 2.124776 -2.501045
v -4.168867 1.804034 -1.609835
v -4.442867 1.730524 -1.608446
v -4.124835 1.606960 -1.607970
v -4.149760 1.609200 -1.607603
v -4.198651 1.806690 -1.609642
v -4.102338 1.600525 -1.608267
v -4.456429 1.722698 -1.608431
v -4.473493 1.717656 -1.608521
v -4.225566 1.814349 -1.609548
v -4.084483 1.590521 -1.608496
v -4.467303 1.719490 -1.608467
v -4.091515 1.594466 -1.608387
v -4.492383 1.715886 -1.608731
v -4.226158 1.814678 -1.609549
v -4.247054 1.826251 -1.609690
v -4.073023 1.577925 -1.608658
v -4.511264 1.717573 -1.608983
v -4.260926 1.841243 -1.609909
v -4.265821 1.857859 -1.610180
v -4.069066 1.563976 -1.608688
v -4.528287 1.722550 -1.609252
v -4.072997 1.550037 -1.608583
v -4.261260 1.874473 -1.610477
v -4.541785 1.730332 -1.609513
v -4.247691 1.889457 -1.610770
v -4.084432 1.537474 -1.608353
v -4.550438 1.740156 -1.609739
v -4.102252 1.527517 -1.608021
v -4.226440 1.901346 -1.611031
v -4.553399 1.751060 -1.609909
v -4.124712 1.521139 -1.607620
v -4.199528 1.908987 -1.611130
v -4.213430 1.905043 -1.611130
v -4.550377 1.761977 -1.610006
v -4.149615 1.518965 -1.607191
v -4.142783 1.519562 -1.607306
v -4.169631 1.911623 -1.611130
v -4.191181 1.909723 -1.611130
v -4.195397 1.909351 -1.611130
v -4.156230 1.519562 -1.607076
v -4.174520 1.521210 -1.606767
v -4.541668 1.771839 -1.610020
v -4.196992 1.527651 -1.606400
v -4.223702 1.617364 -1.469225
v -4.223702 1.553632 -1.469225
v -4.218810 1.559176 -1.469225
v -4.218810 1.611821 -1.469225
v -4.528126 1.779680 -1.609950
v -4.244475 1.541639 -1.469225
v -4.244475 1.629358 -1.469225
v -4.270650 1.533938 -1.469225
v -4.299665 1.531285 -1.469225
v -4.214830 1.537659 -1.606122
v -4.511071 1.784730 -1.609819
v -4.514061 1.783848 -1.609829
v -4.270650 1.637058 -1.469225
v -4.299665 1.639712 -1.469225
v -4.328681 1.637058 -1.469225
v -4.328681 1.533938 -1.469225
v -4.354856 1.541639 -1.469225
v -4.375628 1.553632 -1.469225
v -4.375628 1.617364 -1.469225
v -4.393561 1.585498 -1.469225
v -4.388966 1.568745 -1.469225
v -4.388966 1.602251 -1.469225
v -4.354856 1.629358 -1.469225
v -4.492160 1.786484 -1.609697
v -4.218810 1.542034 -1.606066
v -4.218810 1.552017 -1.584671
v -4.218810 1.566899 -1.573376
v -4.218810 1.579911 -1.584671
v -4.218810 1.613742 -1.516090
v -4.214946 1.590690 -1.606451
v -4.218810 1.586440 -1.606358
v -4.218810 1.553266 -1.516090
v -4.197134 1.600646 -1.606805
v -4.174672 1.607024 -1.607202
v -4.455725 1.463259 -1.606745
v -4.434275 1.461345 -1.606429
v -4.425190 1.458682 -1.606310
v -4.425190 1.461065 -1.576258
v -4.425190 1.460256 -1.531327
v -4.425190 1.454230 -1.502479
v -4.425190 1.443575 -1.492539
v -4.139733 1.908987 -1.611130
v -4.425190 1.429334 -1.502479
v -4.112762 1.901336 -1.611130
v -4.091358 1.889421 -1.611130
v -4.425190 1.412902 -1.531327
v -4.425190 1.395887 -1.576258
v -4.077616 1.874406 -1.611130
v -4.073851 1.861174 -1.611130
v -4.433988 1.384573 -1.607264
v -4.072880 1.857762 -1.611130
v -4.425190 1.387201 -1.607124
v -4.075475 1.848643 -1.611130
v -4.077616 1.841118 -1.611130
v -4.455448 1.382550 -1.607551
v -4.079296 1.839282 -1.611130
v -4.091177 1.826135 -1.610823
v -4.476925 1.384478 -1.607791
v -4.112354 1.814259 -1.610438
v -4.104903 1.818435 -1.610561
v -4.496316 1.390170 -1.607959
v -4.139132 1.806642 -1.610109
v -4.511698 1.399053 -1.608114
v -4.498446 1.391400 -1.607970
v -4.521585 1.410271 -1.608178
v -4.525015 1.422727 -1.608133
v -4.521652 1.435202 -1.607983
v -4.511825 1.446475 -1.607743
v -4.431109 1.751283 -1.608674
v -4.496496 1.455442 -1.607436
v -4.477165 1.461225 -1.607092
v -4.434143 1.740374 -1.608529
v -4.434065 1.762183 -1.608865
v -4.456226 1.779795 -1.609311
v -4.473262 1.784784 -1.609522
v -4.442719 1.772008 -1.609085
v -4.124697 1.521142 1.607578
v -4.375631 1.553634 1.469184
v -4.354859 1.541640 1.469184
v -4.149600 1.518969 1.607149
v -4.142808 1.519562 1.607263
v -4.393564 1.585500 1.469184
v -4.388968 1.568747 1.469184
v -4.388968 1.602253 1.469184
v -4.213391 1.905051 1.611089
v -4.226074 1.814650 1.609507
v -4.226416 1.901351 1.610990
v -4.247666 1.889462 1.610729
v -4.247030 1.826255 1.609649
v -4.265796 1.857863 1.610139
v -4.260901 1.841247 1.609868
v -4.261236 1.874477 1.610436
v -4.156177 1.519562 1.607034
v -4.174505 1.521213 1.606725
v -4.434288 1.461352 1.606390
v -4.196977 1.527654 1.606358
v -4.425189 1.458685 1.606270
v -4.498395 1.391369 1.607930
v -4.511711 1.399060 1.608075
v -4.223705 1.553634 1.469184
v -4.218810 1.559181 1.469184
v -4.218810 1.611819 1.469184
v -4.223705 1.617366 1.469184
v -4.244478 1.629360 1.469184
v -4.244478 1.541640 1.469184
v -4.270653 1.637060 1.469184
v -4.299668 1.639714 1.469184
v -4.299668 1.531286 1.469184
v -4.354858 1.629360 1.469184
v -4.375631 1.617366 1.469184
v -4.214815 1.537662 1.606080
v -4.328683 1.533940 1.469184
v -4.328683 1.637060 1.469184
v -4.270653 1.533940 1.469184
v -4.455739 1.463267 1.606706
v -4.477178 1.461232 1.607053
v -4.496509 1.455449 1.607396
v -4.525028 1.422734 1.608094
v -4.218810 1.552017 1.584671
v -4.218810 1.542053 1.606023
v -4.521598 1.410278 1.608139
v -4.521666 1.435209 1.607944
v -4.511838 1.446482 1.607704
v -4.218810 1.566899 1.573376
v -4.218810 1.579911 1.584671
v -4.069051 1.563979 1.608646
v -4.072982 1.550041 1.608541
v -4.084417 1.537478 1.608311
v -4.073009 1.577929 1.608616
v -4.218810 1.586427 1.606315
v -4.102237 1.527520 1.607979
v -4.214931 1.590694 1.606409
v -4.091467 1.594451 1.608345
v -4.084467 1.590524 1.608454
v -4.197119 1.600649 1.606762
v -4.174657 1.607027 1.607159
v -4.467232 1.719521 1.608427
v -4.492393 1.715894 1.608691
v -4.473502 1.717663 1.608481
v -4.511273 1.717580 1.608943
v -4.513990 1.783879 1.609789
v -4.528296 1.722558 1.609212
v -4.528135 1.779687 1.609910
v -4.149745 1.609203 1.607561
v -4.541677 1.771846 1.609981
v -4.541794 1.730339 1.609473
v -4.553408 1.751067 1.609870
v -4.550447 1.740163 1.609699
v -4.550385 1.761984 1.609967
v -4.434001 1.384580 1.607224
v -4.425189 1.387212 1.607084
v -4.496330 1.390177 1.607919
v -4.455462 1.382557 1.607512
v -4.476939 1.384485 1.607751
v -4.425189 1.461065 1.576258
v -4.425189 1.460256 1.531327
v -4.102323 1.600528 1.608225
v -4.124820 1.606964 1.607928
v -4.425189 1.454230 1.502479
v -4.425189 1.443575 1.492539
v -4.425189 1.429334 1.502479
v -4.191105 1.909731 1.611089
v -4.195300 1.909361 1.611089
v -4.425189 1.412902 1.531327
v -4.073806 1.861107 1.611089
v -4.077591 1.874410 1.611089
v -4.091333 1.889425 1.611089
v -4.075437 1.848697 1.611089
v -4.139709 1.908991 1.611089
v -4.112738 1.901340 1.611089
v -4.169606 1.911627 1.611089
v -4.425189 1.395887 1.576258
v -4.077591 1.841123 1.611089
v -4.079241 1.839320 1.611089
v -4.456438 1.722706 1.608392
v -4.511080 1.784737 1.609779
v -4.199503 1.908991 1.611089
v -4.442729 1.772015 1.609045
v -4.442876 1.730532 1.608406
v -4.434151 1.740381 1.608489
v -4.434074 1.762190 1.608825
v -4.456235 1.779803 1.609271
v -4.492169 1.786491 1.609658
v -4.473271 1.784791 1.609483
v -4.431118 1.751290 1.608634
v -4.072856 1.857767 1.611089
v -4.225542 1.814354 1.609507
v -4.112329 1.814263 1.610396
v -4.168842 1.804038 1.609794
v -4.198626 1.806694 1.609600
v -4.139107 1.806646 1.610068
v -4.104757 1.818507 1.610521
v -4.091152 1.826139 1.610781
v -4.218810 1.613742 1.516090
v -4.218810 1.553266 1.516090
vn -0.1564 0.9877 -0.0000
vn -0.0000 -0.0000 -1.0000
vn 0.7071 -0.7071 -0.0000
vn -0.8910 0.4540 -0.0000
vn -0.0000 -0.0000 1.0000
vn 0.8910 0.4540 -0.0000
vn -0.7071 -0.7071 -0.0000
vn 0.4540 -0.8910 -0.0000
vn -0.7071 0.7071 -0.0000
vn 0.9877 0.1564 -0.0000
vn -0.8910 -0.4540 -0.0000
vn 0.1564 -0.9877 -0.0000
vn -0.4540 0.8910 -0.0000
vn 0.1564 0.9877 -0.0000
vn 0.9877 -0.1564 -0.0000
vn -0.9877 -0.1564 -0.0000
vn -0.1564 -0.9877 -0.0000
vn 0.8910 -0.4540 -0.0000
vn -0.9877 0.1564 -0.0000
vn 0.7071 0.7071 -0.0000
vn -0.4540 -0.8910 -0.0000
vn 0.4540 0.8910 -0.0000
vn -0.1562 -0.9863 0.0538
vn 0.8897 0.4533 0.0538
vn -0.9863 -0.1562 0.0538
vn 0.7061 -0.7061 0.0538
vn -0.4533 0.8897 0.0538
vn 0.7061 0.7061 0.0538
vn -0.8897 -0.4533 0.0538
vn 0.8897 -0.4533 0.0538
vn -0.7061 0.7061 0.0538
vn 0.4533 0.8897 0.0538
vn -0.7061 -0.7061 0.0538
vn -0.9859 -0.1562 -0.0605
vn 0.9713 -0.2310 0.0573
vn -0.0154 -0.0079 0.9998
vn 0.5879 -0.8089 -0.0097
vn -0.0123 0.0123 0.9998
vn 0.8883 -0.4552 0.0612
vn 0.0079 -0.0154 -0.9999
vn -0.7057 -0.7058 -0.0620
vn 0.3833 0.9217 0.0595
vn -0.1584 -0.9855 0.0612
vn 0.9859 -0.1562 0.0605
vn -0.4531 -0.8894 -0.0605
vn -0.0154 0.0079 -0.9998
vn 0.0123 -0.0122 -0.9998
vn -0.3092 -0.9510 -0.0097
vn 0.9855 0.1584 0.0612
vn -0.1562 0.9863 0.0538
vn 0.4533 -0.8897 0.0538
vn -0.9863 0.1562 0.0538
vn 0.9863 0.1562 0.0538
vn -0.4533 -0.8897 0.0538
vn 0.1562 0.9863 0.0538
vn 0.1562 -0.9863 0.0538
vn -0.8897 0.4533 0.0538
vn 0.9863 -0.1562 0.0538
vn -0.1565 -0.9877 -0.0000
vn -0.1565 0.9877 -0.0000
vn 0.1565 0.9877 -0.0000
vn 0.8910 0.4539 -0.0000
vn 0.9877 0.1565 -0.0000
vn 0.9877 -0.1565 -0.0000
vn 0.0027 -0.0171 -0.9999
vn 0.0027 -0.0171 0.9998
vn -0.1562 -0.9859 -0.0605
vn 0.5206 0.8519 0.0573
vn -0.0171 -0.0027 -0.9998
vn 0.0171 -0.0027 0.9998
vn -1.0000 0.0002 -0.0097
vn -0.0027 -0.0171 -0.9998
vn -0.0027 0.0171 -0.9999
vn 0.0079 0.0154 0.9998
vn 0.7074 0.7042 0.0612
vn 0.4531 -0.8893 -0.0620
vn -0.7580 0.6496 0.0595
vn 0.0154 -0.0079 -0.9998
vn -0.0171 0.0027 -0.9998
vn -0.9511 0.3088 -0.0097
vn 0.4532 0.8894 0.0605
vn -0.0079 -0.0154 -0.9998
vn 0.0028 0.0173 0.9998
vn -0.0123 -0.0123 0.9998
vn 0.0124 0.0124 0.9998
vn 0.0158 0.0081 0.9998
vn 0.0173 0.0027 0.9998
vn 0.0156 -0.0079 0.9998
vn 0.0126 -0.0126 0.9998
vn 0.0079 -0.0156 0.9998
vn -0.0154 0.0078 0.9998
vn -0.0027 -0.0173 0.9998
vn -0.0081 -0.0158 0.9998
vn -0.0124 -0.0124 0.9998
vn -0.0173 -0.0028 0.9998
vn -0.0175 0.0028 0.9998
vn -0.0156 0.0080 0.9998
vn 0.0123 0.0123 0.9998
vn -0.0080 0.0156 0.9998
vn -0.0028 0.0176 0.9998
vn 0.0023 0.0171 0.9999
vn 0.0126 0.0119 0.9999
vn 0.0171 0.0031 0.9998
vn 0.0152 -0.0082 0.9999
vn 0.0126 -0.0125 0.9998
vn 0.0082 -0.0153 0.9998
vn -0.0032 -0.0170 0.9998
vn -0.0080 -0.0158 0.9998
vn -0.0120 -0.0126 0.9998
vn -0.0172 -0.0024 0.9998
vn -0.0156 0.0075 0.9998
vn -0.0075 0.0156 0.9998
vn -0.0028 0.0175 0.9998
vn 0.0079 -0.0154 0.9999
vn -0.0079 0.0154 0.9999
vn 0.0171 0.0027 0.9998
vn -0.0171 -0.0027 0.9998
vn 0.0027 0.0171 0.9998
vn -0.0027 -0.0171 0.9998
vn 0.0154 -0.0079 0.9998
vn 0.0028 0.0171 0.9999
vn -0.0037 -0.0170 -0.9998
vn 0.0171 0.0026 0.9999
vn -0.0171 -0.0017 -0.9999
vn 0.0078 -0.0155 0.9999
vn -0.0069 0.0157 -0.9999
vn -0.0123 -0.0122 0.9999
vn 0.0130 0.0114 -0.9998
vn 0.0154 0.0079 0.9999
vn -0.0154 0.0079 0.9999
vn 0.0146 -0.0083 -0.9999
vn 0.0122 -0.0122 0.9999
vn -0.0079 -0.0154 0.9999
vn 0.0122 0.0123 0.9999
vn -0.0114 -0.0136 -0.9998
vn -0.0079 0.0154 0.9998
vn 0.0090 -0.0153 -0.9998
vn -0.0171 -0.0028 0.9999
vn 0.0171 0.0036 -0.9998
vn -0.0026 -0.0171 0.9999
vn 0.0016 0.0175 -0.9998
vn -0.0027 0.0171 0.9999
vn 0.0155 -0.0078 0.9999
vn -0.0163 0.0066 -0.9998
vn -0.0171 0.0027 0.9999
vn 0.8089 -0.5879 -0.0097
vn -0.7042 -0.7074 0.0612
vn -0.9859 0.1562 -0.0605
vn 0.4552 -0.8883 0.0612
vn -0.8894 -0.4532 0.0605
vn -0.8893 0.4531 -0.0620
vn 0.9950 -0.0796 0.0595
vn 0.1561 -0.9859 0.0605
vn -0.9862 -0.1539 0.0612
vn -0.4531 0.8894 -0.0605
vn 0.0796 -0.9952 0.0573
vn 0.1562 0.9858 -0.0620
vn 0.2316 -0.9710 0.0595
vn -0.8904 0.4511 0.0612
vn -0.1562 0.9859 -0.0605
vn 0.7058 0.7058 -0.0605
vn -0.9218 -0.3834 0.0573
vn -0.7058 0.7058 0.0605
vn 0.9510 0.3092 -0.0097
vn 0.8894 0.4532 -0.0605
vn -0.4511 0.8904 0.0612
vn 0.8091 0.5876 -0.0097
vn 0.9858 0.1561 -0.0620
vn -0.8520 -0.5202 0.0595
vn -0.5876 -0.8091 -0.0097
vn -0.0002 1.0000 -0.0097
vn 0.8894 -0.4532 -0.0605
vn -0.6492 0.7585 0.0573
vn 0.1539 0.9862 0.0612
vn -0.3088 0.9511 -0.0097
vn 0.7059 -0.7057 -0.0605
vn 0.0730 0.4611 -0.8843
vn 0.0730 0.4611 0.8843
vn 0.2120 0.4160 -0.8843
vn 0.2119 0.4160 0.8843
vn 0.3301 0.3301 -0.8843
vn 0.3301 0.3301 0.8843
vn 0.4160 0.2120 -0.8843
vn 0.4160 0.2119 0.8843
vn 0.4611 0.0730 -0.8843
vn 0.4611 0.0730 0.8843
vn 0.4611 -0.0730 -0.8843
vn 0.4611 -0.0730 0.8843
vn 0.4160 -0.2120 -0.8843
vn 0.4160 -0.2119 0.8843
vn 0.3301 -0.3301 -0.8843
vn 0.3301 -0.3301 0.8843
vn 0.2120 -0.4160 -0.8843
vn 0.2119 -0.4160 0.8843
vn 0.0730 -0.4611 -0.8843
vn 0.0730 -0.4611 0.8843
vn -0.0730 -0.4611 -0.8843
vn -0.0730 -0.4611 0.8843
vn -0.2120 -0.4160 -0.8843
vn -0.2119 -0.4160 0.8843
vn -0.3301 -0.3301 -0.8843
vn -0.3301 -0.3301 0.8843
vn -0.4160 -0.2119 -0.8843
vn -0.4160 -0.2120 0.8843
vn -0.4611 -0.0730 -0.8843
vn -0.4611 -0.0730 0.8843
vn -0.4611 0.0730 -0.8843
vn -0.4611 0.0730 0.8843
vn -0.4160 0.2120 -0.8843
vn -0.4160 0.2119 0.8843
vn -0.3301 0.3301 -0.8843
vn -0.3301 0.3301 0.8843
vn -0.2120 0.4160 -0.8843
vn -0.2119 0.4160 0.8843
vn -0.0730 0.4611 -0.8843
vn -0.0730 0.4611 0.8843
vn -0.0000 -1.0000 -0.0000
vn -0.0000 1.0000 -0.0000
vn 0.9627 0.2641 -0.0597
vn 0.9611 -0.2636 -0.0821
vn 0.9627 0.2641 0.0597
vn 0.9611 -0.2637 0.0821
vn 0.1562 -0.9863 -0.0538
vn -0.8897 0.4533 -0.0538
vn 0.9863 -0.1562 -0.0538
vn -0.7061 -0.7061 -0.0538
vn 0.4533 0.8897 -0.0538
vn -0.7061 0.7061 -0.0538
vn 0.8897 -0.4533 -0.0538
vn -0.8897 -0.4533 -0.0538
vn 0.7061 0.7061 -0.0538
vn -0.4533 0.8897 -0.0538
vn 0.7061 -0.7061 -0.0538
vn -0.9713 -0.2310 -0.0573
vn -0.5879 -0.8089 0.0097
vn -0.0027 0.0171 0.9998
vn -0.0171 0.0027 0.9998
vn 0.0123 0.0123 -0.9998
vn -0.8883 -0.4552 -0.0612
vn -0.0079 -0.0154 0.9998
vn 0.7057 -0.7058 0.0620
vn -0.3833 0.9217 -0.0595
vn 0.1584 -0.9855 -0.0612
vn 0.0123 -0.0123 0.9998
vn -0.0154 0.0079 0.9998
vn 0.4531 -0.8894 0.0605
vn 0.3092 -0.9510 0.0097
vn -0.9855 0.1584 -0.0612
vn 0.1562 0.9863 -0.0538
vn -0.4533 -0.8897 -0.0538
vn 0.9863 0.1562 -0.0538
vn -0.9863 0.1562 -0.0538
vn 0.4533 -0.8897 -0.0538
vn -0.1562 0.9863 -0.0538
vn -0.1562 -0.9863 -0.0538
vn 0.8897 0.4533 -0.0538
vn -0.9863 -0.1562 -0.0538
vn 0.1565 -0.9877 -0.0000
vn -0.8910 0.4539 -0.0000
vn -0.9877 0.1565 -0.0000
vn -0.9877 -0.1565 -0.0000
vn -0.0027 -0.0171 -0.9999
vn 0.1562 -0.9859 0.0605
vn -0.5206 0.8519 -0.0573
vn 1.0000 0.0002 0.0097
vn -0.0079 0.0154 -0.9999
vn -0.7074 0.7042 -0.0612
vn -0.4531 -0.8893 0.0620
vn 0.7579 0.6496 -0.0595
vn 0.9511 0.3088 0.0097
vn -0.4532 0.8894 -0.0605
vn 0.0079 -0.0154 0.9998
vn -0.0028 0.0173 -0.9998
vn 0.0123 -0.0123 -0.9998
vn -0.0124 0.0124 -0.9998
vn -0.0158 0.0081 -0.9998
vn -0.0173 0.0027 -0.9998
vn -0.0156 -0.0079 -0.9998
vn -0.0126 -0.0126 -0.9998
vn -0.0079 -0.0156 -0.9998
vn 0.0154 0.0079 -0.9998
vn 0.0027 -0.0173 -0.9998
vn 0.0081 -0.0158 -0.9998
vn 0.0124 -0.0124 -0.9998
vn 0.0173 -0.0028 -0.9998
vn 0.0175 0.0028 -0.9998
vn 0.0156 0.0080 -0.9998
vn -0.0123 0.0122 -0.9998
vn 0.0080 0.0156 -0.9998
vn 0.0028 0.0175 -0.9998
vn -0.0023 0.0172 -0.9998
vn -0.0126 0.0119 -0.9999
vn -0.0171 0.0031 -0.9998
vn -0.0152 -0.0083 -0.9999
vn -0.0126 -0.0125 -0.9998
vn -0.0082 -0.0153 -0.9998
vn 0.0032 -0.0170 -0.9999
vn 0.0119 -0.0126 -0.9998
vn 0.0172 -0.0023 -0.9998
vn 0.0156 0.0075 -0.9999
vn 0.0075 0.0156 -0.9998
vn 0.0079 0.0154 -0.9998
vn 0.0171 -0.0027 -0.9998
vn -0.0154 -0.0079 -0.9998
vn -0.0028 0.0171 -0.9999
vn 0.0037 -0.0168 0.9999
vn -0.0171 0.0026 -0.9999
vn 0.0171 -0.0016 0.9999
vn -0.0078 -0.0155 -0.9999
vn 0.0069 0.0158 0.9999
vn 0.0123 -0.0122 -0.9999
vn -0.0130 0.0112 0.9999
vn -0.0154 0.0079 -0.9999
vn 0.0154 0.0079 -0.9999
vn -0.0147 -0.0088 0.9999
vn -0.0122 -0.0122 -0.9999
vn 0.0078 -0.0154 -0.9999
vn -0.0122 0.0123 -0.9999
vn 0.0115 -0.0133 0.9998
vn 0.0079 0.0154 -0.9999
vn -0.0090 -0.0151 0.9998
vn 0.0171 -0.0028 -0.9999
vn -0.0171 0.0034 0.9998
vn 0.0026 -0.0171 -0.9999
vn -0.0015 0.0175 0.9998
vn 0.0027 0.0171 -0.9999
vn -0.0155 -0.0078 -0.9999
vn 0.0162 0.0068 0.9998
vn 0.0171 0.0027 -0.9999
vn -0.8089 -0.5879 0.0097
vn 0.7042 -0.7074 -0.0612
vn 0.9859 0.1562 0.0605
vn -0.4552 -0.8883 -0.0612
vn 0.8893 0.4531 0.0620
vn -0.9950 -0.0796 -0.0595
vn -0.1561 -0.9859 -0.0605
vn 0.9862 -0.1539 -0.0612
vn 0.4531 0.8894 0.0605
vn -0.0796 -0.9952 -0.0573
vn -0.1562 0.9858 0.0620
vn -0.2316 -0.9710 -0.0595
vn 0.8904 0.4511 -0.0612
vn 0.1562 0.9859 0.0605
vn 0.9218 -0.3834 -0.0573
vn -0.9510 0.3092 0.0097
vn -0.8894 0.4532 0.0605
vn 0.4511 0.8904 -0.0612
vn -0.8091 0.5876 0.0097
vn -0.9858 0.1561 0.0620
vn 0.8520 -0.5202 -0.0595
vn 0.5876 -0.8091 0.0097
vn 0.0002 1.0000 0.0097
vn 0.6492 0.7585 -0.0573
vn -0.1539 0.9862 -0.0612
vn 0.3088 0.9511 0.0097
vn -0.7059 -0.7058 0.0605
vn -0.2120 0.4160 0.8843
vn -0.4160 0.2120 0.8843
vn -0.4160 -0.2120 -0.8843
vn -0.2120 -0.4160 0.8843
vn 0.2120 -0.4160 0.8843
vn 0.4160 -0.2120 0.8843
vn 0.4160 0.2120 0.8843
vn 0.2120 0.4160 0.8843
vn 0.0873 0.9898 -0.1126
vn 0.2688 0.9476 -0.1729
vn 0.4726 0.8490 -0.2363
vn 0.7036 0.6440 -0.3005
vn 0.9048 0.2574 -0.3392
vn 0.9173 -0.2610 -0.3007
vn 0.7229 -0.6616 -0.1992
vn 0.4841 -0.8695 -0.0981
vn 0.2728 -0.9619 -0.0162
vn 0.0877 -0.9948 0.0515
vn -0.0873 -0.9898 0.1126
vn -0.2688 -0.9476 0.1729
vn -0.4726 -0.8490 0.2363
vn -0.7036 -0.6440 0.3005
vn -0.9048 -0.2574 0.3392
vn -0.9173 0.2610 0.3007
vn -0.7229 0.6616 0.1992
vn -0.4841 0.8695 0.0981
vn -0.2728 0.9619 0.0162
vn -0.0877 0.9948 -0.0515
vn 0.0901 0.9851 -0.1467
vn 0.2814 0.9566 -0.0759
vn 0.5000 0.8659 0.0156
vn 0.7427 0.6554 0.1369
vn 0.9278 0.2545 0.2728
vn 0.9018 -0.2474 0.3544
vn 0.7016 -0.6192 0.3527
vn 0.4751 -0.8229 0.3116
vn 0.2725 -0.9262 0.2606
vn 0.0891 -0.9744 0.2063
vn -0.0901 -0.9851 0.1467
vn -0.2814 -0.9566 0.0759
vn -0.5000 -0.8659 -0.0156
vn -0.7427 -0.6554 -0.1369
vn -0.9278 -0.2545 -0.2728
vn -0.9018 0.2474 -0.3544
vn -0.7016 0.6192 -0.3527
vn -0.4751 0.8229 -0.3116
vn -0.2725 0.9262 -0.2606
vn -0.0891 0.9744 -0.2063
vn 0.0899 0.9836 -0.1566
vn 0.2806 0.9538 -0.1073
vn 0.4996 0.8653 -0.0409
vn 0.7487 0.6607 0.0535
vn 0.9500 0.2606 0.1720
vn 0.9310 -0.2554 0.2607
vn 0.7197 -0.6351 0.2805
vn 0.4826 -0.8358 0.2620
vn 0.2746 -0.9333 0.2316
vn 0.0893 -0.9764 0.1967
vn -0.0899 -0.9836 0.1566
vn -0.2806 -0.9538 0.1073
vn -0.4996 -0.8653 0.0409
vn -0.7487 -0.6607 -0.0535
vn -0.9500 -0.2606 -0.1720
vn -0.9310 0.2554 -0.2607
vn -0.7197 0.6351 -0.2805
vn -0.4826 0.8358 -0.2620
vn -0.2746 0.9333 -0.2316
vn -0.0893 0.9764 -0.1967
vn 0.0910 0.9952 -0.0356
vn 0.2822 0.9592 -0.0200
vn 0.5000 0.8660 -0.0000
vn 0.7495 0.6614 0.0271
vn 0.7472 -0.6594 0.0831
vn 0.4987 -0.8637 0.0735
vn 0.2817 -0.9575 0.0615
vn 0.0910 -0.9946 0.0490
vn -0.0910 -0.9952 0.0356
vn -0.2822 -0.9592 0.0200
vn -0.5000 -0.8660 -0.0000
vn -0.7495 -0.6614 -0.0271
vn -0.9627 -0.2641 -0.0597
vn -0.9611 0.2637 -0.0821
vn -0.7472 0.6594 -0.0831
vn -0.4987 0.8637 -0.0735
vn -0.2817 0.9575 -0.0615
vn -0.0910 0.9946 -0.0490
vn 0.0868 0.9846 -0.1515
vn 0.2642 0.9313 -0.2506
vn 0.4553 0.8179 -0.3517
vn 0.6588 0.6030 -0.4498
vn 0.8266 0.2352 -0.5112
vn 0.8467 -0.2409 -0.4745
vn 0.6927 -0.6340 -0.3437
vn 0.4772 -0.8572 -0.1939
vn 0.2724 -0.9602 -0.0627
vn 0.0877 -0.9949 0.0497
vn -0.0868 -0.9846 0.1515
vn -0.2642 -0.9313 0.2506
vn -0.4553 -0.8179 0.3517
vn -0.6588 -0.6030 0.4498
vn -0.8266 -0.2352 0.5112
vn -0.8467 0.2409 0.4745
vn -0.6927 0.6340 0.3437
vn -0.4772 0.8572 0.1939
vn -0.2723 0.9602 0.0627
vn -0.0877 0.9949 -0.0497
vn 0.0154 0.0079 0.9998
vn 1.0000 -0.0000 -0.0000
vn -1.0000 -0.0000 -0.0000
vn 0.0171 0.0027 -0.9998
vn -0.0123 0.0123 -0.9998
vn -0.0123 -0.0122 -0.9998
vn -0.0079 0.0154 -0.9998
vn 0.0123 0.0122 -0.9998
vn 0.0873 0.9898 0.1126
vn 0.2688 0.9476 0.1729
vn 0.4726 0.8490 0.2363
vn 0.7036 0.6440 0.3005
vn 0.9048 0.2574 0.3392
vn 0.9173 -0.2610 0.3007
vn 0.7229 -0.6616 0.1992
vn 0.4841 -0.8695 0.0981
vn 0.2728 -0.9619 0.0162
vn 0.0877 -0.9948 -0.0515
vn -0.0873 -0.9898 -0.1126
vn -0.2688 -0.9476 -0.1729
vn -0.4726 -0.8490 -0.2363
vn -0.7036 -0.6440 -0.3005
vn -0.9048 -0.2574 -0.3392
vn -0.9173 0.2610 -0.3007
vn -0.7229 0.6616 -0.1992
vn -0.4841 0.8695 -0.0981
vn -0.2728 0.9619 -0.0162
vn -0.0877 0.9948 0.0515
vn 0.0901 0.9851 0.1467
vn 0.2814 0.9566 0.0759
vn 0.5000 0.8659 -0.0156
vn 0.7427 0.6554 -0.1369
vn 0.9278 0.2545 -0.2728
vn 0.9018 -0.2474 -0.3544
vn 0.7016 -0.6192 -0.3527
vn 0.4751 -0.8229 -0.3116
vn 0.2725 -0.9262 -0.2606
vn 0.0891 -0.9744 -0.2063
vn -0.0901 -0.9851 -0.1467
vn -0.2814 -0.9566 -0.0759
vn -0.5000 -0.8659 0.0156
vn -0.7427 -0.6554 0.1369
vn -0.9278 -0.2545 0.2728
vn -0.9018 0.2474 0.3544
vn -0.7016 0.6192 0.3527
vn -0.4751 0.8229 0.3116
vn -0.2725 0.9262 0.2606
vn -0.0891 0.9744 0.2063
vn 0.0899 0.9836 0.1566
vn 0.2806 0.9538 0.1073
vn 0.4996 0.8653 0.0409
vn 0.7487 0.6607 -0.0535
vn 0.9500 0.2606 -0.1720
vn 0.9310 -0.2554 -0.2607
vn 0.7197 -0.6351 -0.2805
vn 0.4826 -0.8358 -0.2620
vn 0.2746 -0.9333 -0.2316
vn 0.0893 -0.9764 -0.1967
vn -0.0899 -0.9836 -0.1566
vn -0.2806 -0.9538 -0.1073
vn -0.4996 -0.8653 -0.0409
vn -0.7487 -0.6607 0.0535
vn -0.9500 -0.2606 0.1720
vn -0.9310 0.2554 0.2607
vn -0.7197 0.6351 0.2805
vn -0.4825 0.8358 0.2620
vn -0.2746 0.9333 0.2316
vn -0.0893 0.9764 0.1967
vn 0.0910 0.9952 0.0356
vn 0.2822 0.9592 0.0200
vn 0.7495 0.6614 -0.0271
vn 0.7472 -0.6594 -0.0831
vn 0.4987 -0.8637 -0.0735
vn 0.2817 -0.9575 -0.0615
vn 0.0910 -0.9946 -0.0490
vn -0.0910 -0.9952 -0.0356
vn -0.2822 -0.9592 -0.0200
vn -0.7495 -0.6614 0.0271
vn -0.9627 -0.2641 0.0597
vn -0.9611 0.2637 0.0821
vn -0.7472 0.6594 0.0831
vn -0.4987 0.8637 0.0735
vn -0.2817 0.9575 0.0615
vn -0.0910 0.9946 0.0490
vn 0.0868 0.9846 0.1515
vn 0.2642 0.9313 0.2506
vn 0.4553 0.8179 0.3517
vn 0.6588 0.6030 0.4498
vn 0.8266 0.2352 0.5112
vn 0.8467 -0.2409 0.4745
vn 0.6927 -0.6340 0.3437
vn 0.4772 -0.8572 0.1939
vn 0.2723 -0.9602 0.0627
vn 0.0877 -0.9949 -0.0497
vn -0.0868 -0.9846 -0.1515
vn -0.2642 -0.9313 -0.2506
vn -0.4553 -0.8179 -0.3517
vn -0.6588 -0.6030 -0.4498
vn -0.8266 -0.2352 -0.5112
vn -0.8467 0.2409 -0.4745
vn -0.6927 0.6340 -0.3437
vn -0.4772 0.8571 -0.1939
vn -0.2723 0.9602 -0.0627
vn -0.0877 0.9949 0.0497
vt -0.000000 0.500000
vt 1.000000 0.500000
vt 0.950000 0.500000
vt 0.950000 1.000000
vt -0.000000 1.000000
vt 1.000000 1.000000
vt 0.900000 0.500000
vt 0.900000 1.000000
vt 0.850000 0.500000
vt 0.850000 1.000000
vt 0.800000 0.500000
vt 0.800000 1.000000
vt 0.750000 0.500000
vt 0.750000 1.000000
vt 0.700000 0.500000
vt 0.700000 1.000000
vt 0.650000 0.500000
vt 0.650000 1.000000
vt 0.600000 0.500000
vt 0.600000 1.000000
vt 0.550000 0.500000
vt 0.550000 1.000000
vt 0.500000 0.500000
vt 0.500000 1.000000
vt 0.450000 0.500000
vt 0.450000 1.000000
vt 0.400000 0.500000
vt 0.400000 1.000000
vt 0.350000 0.500000
vt 0.350000 1.000000
vt 0.300000 0.500000
vt 0.300000 1.000000
vt 0.250000 0.500000
vt 0.250000 1.000000
vt 0.200000 0.500000
vt 0.200000 1.000000
vt 0.150000 0.500000
vt 0.150000 1.000000
vt 0.100000 0.500000
vt 0.100000 1.000000
vt 0.050000 0.500000
vt 0.050000 1.000000
vt -0.000000 0.500000
vt 1.000000 0.500000
vt 0.950000 0.500000
vt 0.950000 1.000000
vt -0.000000 1.000000
vt 1.000000 1.000000
vt 0.250000 1.000000
vt 0.250000 1.000000
vt 0.700000 1.000000
vt 0.700000 1.000000
vt 0.900000 0.500000
vt 0.900000 1.000000
vt 0.250000 0.500000
vt 0.250000 0.500000
vt 0.850000 0.500000
vt 0.850000 1.000000
vt 0.300000 0.500000
vt 0.300000 0.500000
vt 0.800000 0.500000
vt 0.800000 1.000000
vt 0.700000 0.500000
vt 0.700000 0.500000
vt 0.750000 0.500000
vt 0.750000 1.000000
vt 0.750000 0.500000
vt 0.100000 1.000000
vt 0.100000 1.000000
vt 0.650000 0.500000
vt 0.650000 1.000000
vt 0.050000 1.000000
vt 0.050000 1.000000
vt 0.600000 0.500000
vt 0.600000 1.000000
vt 0.550000 1.000000
vt 0.550000 1.000000
vt 0.550000 0.500000
vt 0.500000 1.000000
vt 0.500000 1.000000
vt 0.500000 0.500000
vt 0.050000 0.500000
vt 0.050000 0.500000
vt 0.450000 0.500000
vt 0.450000 1.000000
vt 0.100000 0.500000
vt 0.100000 0.500000
vt 0.400000 0.500000
vt 0.400000 1.000000
vt 0.500000 0.500000
vt 0.350000 0.500000
vt 0.350000 1.000000
vt 0.550000 0.500000
vt 0.300000 1.000000
vt 1.000000 1.000000
vt -0.000000 1.000000
vt 0.950000 1.000000
vt 0.200000 0.500000
vt 0.200000 1.000000
vt 0.350000 1.000000
vt 0.150000 0.500000
vt 0.150000 1.000000
vt 0.300000 1.000000
vt 0.800000 1.000000
vt 0.750000 1.000000
vt -0.000000 0.500000
vt 1.000000 0.500000
vt 0.950000 0.500000
vt 0.100000 0.500000
vt 0.550000 0.500000
vt 0.900000 1.000000
vt 0.355608 1.000000
vt 0.850000 0.500000
vt 0.850000 1.000000
vt 0.800000 1.000000
vt 0.800000 0.500000
vt 0.350000 0.500000
vt 0.350000 0.500000
vt 0.400000 0.500000
vt 0.400000 0.500000
vt 0.800000 0.500000
vt 0.650000 0.500000
vt 0.650000 1.000000
vt 0.850000 0.500000
vt 0.600000 0.500000
vt 0.600000 1.000000
vt 0.200000 1.000000
vt 0.200000 1.000000
vt 0.150000 1.000000
vt 0.155608 1.000000
vt 0.650000 1.000000
vt 0.450000 0.500000
vt 0.450000 1.000000
vt 0.600000 1.000000
vt 0.400000 1.000000
vt 0.150000 0.500000
vt 0.150000 0.500000
vt 0.200000 0.500000
vt 0.200000 0.500000
vt 0.600000 0.500000
vt 0.650000 0.500000
vt 0.450000 1.000000
vt 0.400000 1.000000
vt 0.894391 1.000000
vt 0.850000 1.000000
vt -0.000000 0.500000
vt 1.000000 0.500000
vt 0.955609 1.000000
vt 1.000000 1.000000
vt -0.000000 1.000000
vt 0.394079 1.000000
vt 0.800000 1.000000
vt 0.750000 0.500000
vt 0.755609 1.000000
vt 0.700000 0.500000
vt 0.694391 1.000000
vt 0.200000 1.000000
vt 0.555608 1.000000
vt 0.194075 1.000000
vt 0.500000 0.500000
vt 0.494391 1.000000
vt 0.650000 1.000000
vt 0.450000 0.500000
vt 0.600000 1.000000
vt 0.300000 0.500000
vt 0.294391 1.000000
vt 0.250000 0.500000
vt 0.250000 1.000000
vt 0.450000 1.000000
vt 0.400000 1.000000
vt 0.094391 1.000000
vt 0.855921 1.000000
vt 0.050000 0.500000
vt 0.050000 1.000000
vt 0.850000 1.000000
vt 0.994076 1.000000
vt 1.000000 1.000000
vt -0.000000 1.000000
vt 0.794077 1.000000
vt 0.655922 1.000000
vt 0.594078 1.000000
vt 0.455923 1.000000
vt 0.255922 1.000000
vt 0.250000 1.000000
vt 0.055923 1.000000
vt 0.050000 1.000000
vt 0.950000 1.000000
vt 1.000000 1.000000
vt -0.000000 1.000000
vt 0.350000 1.000000
vt 0.350000 1.000000
vt 0.850000 1.000000
vt 0.900000 1.000000
vt 0.800000 1.000000
vt 0.750000 1.000000
vt 0.650000 1.000000
vt 0.700000 1.000000
vt 0.600000 1.000000
vt 0.550000 1.000000
vt 0.150000 1.000000
vt 0.150000 1.000000
vt 0.450000 1.000000
vt 0.500000 1.000000
vt 0.400000 1.000000
vt 0.250000 1.000000
vt 0.300000 1.000000
vt 0.200000 1.000000
vt 0.900000 1.000000
vt 0.050000 1.000000
vt 0.100000 1.000000
vt 0.950000 1.000000
vt 1.000000 1.000000
vt -0.000000 1.000000
vt 0.850000 1.000000
vt 0.800000 1.000000
vt 0.750000 1.000000
vt 0.650000 1.000000
vt 0.700000 1.000000
vt 0.600000 1.000000
vt 0.550000 1.000000
vt 0.450000 1.000000
vt 0.500000 1.000000
vt 0.400000 1.000000
vt 0.250000 1.000000
vt 0.300000 1.000000
vt 0.200000 1.000000
vt 0.050000 1.000000
vt 0.100000 1.000000
vt 0.800000 1.000000
vt 0.800000 1.000000
vt 0.200000 1.000000
vt 0.200000 1.000000
vt 0.650000 1.000000
vt 0.650000 1.000000
vt 0.600000 1.000000
vt 0.600000 1.000000
vt 0.450000 1.000000
vt 0.450000 1.000000
vt 0.400000 1.000000
vt 0.400000 1.000000
vt 0.850000 1.000000
vt 0.850000 1.000000
vt 1.000000 1.000000
vt -0.000000 1.000000
vt 1.000000 1.000000
vt -0.000000 1.000000
vt 0.050000 1.000000
vt 0.050000 1.000000
vt 0.250000 1.000000
vt 0.250000 1.000000
vt 0.955609 1.000000
vt 0.355608 1.000000
vt 0.394079 1.000000
vt 0.894391 1.000000
vt 0.755609 1.000000
vt 0.694391 1.000000
vt 0.555608 1.000000
vt 0.155608 1.000000
vt 0.194075 1.000000
vt 0.494391 1.000000
vt 0.294391 1.000000
vt 0.855921 1.000000
vt 0.094391 1.000000
vt 0.994076 1.000000
vt 0.794077 1.000000
vt 0.655922 1.000000
vt 0.594078 1.000000
vt 0.455923 1.000000
vt 0.255922 1.000000
vt 0.055923 1.000000
vt 1.000000 0.516096
vt -0.000000 0.516096
vt -0.000000 0.500000
vt 1.000000 0.500000
vt 1.000000 1.000000
vt -0.000000 1.000000
vt 1.000000 0.983904
vt -0.000000 0.983904
vt 0.950000 0.500000
vt 0.950000 0.516096
vt 0.950000 0.983904
vt 0.950000 1.000000
vt 0.900000 0.500000
vt 0.900000 0.516096
vt 0.900000 0.983904
vt 0.900000 1.000000
vt 0.850000 0.500000
vt 0.850000 0.516096
vt 0.850000 0.983904
vt 0.850000 1.000000
vt 0.800000 0.500000
vt 0.800000 0.516096
vt 0.800000 0.983904
vt 0.800000 1.000000
vt 0.750000 0.500000
vt 0.750000 0.516096
vt 0.750000 0.983904
vt 0.750000 1.000000
vt 0.700000 0.500000
vt 0.700000 0.516096
vt 0.700000 0.983904
vt 0.700000 1.000000
vt 0.650000 0.500000
vt 0.650000 0.516096
vt 0.650000 0.983904
vt 0.650000 1.000000
vt 0.600000 0.500000
vt 0.600000 0.516096
vt 0.600000 0.983904
vt 0.600000 1.000000
vt 0.550000 0.500000
vt 0.550000 0.516096
vt 0.550000 0.983904
vt 0.550000 1.000000
vt 0.500000 0.500000
vt 0.500000 0.516096
vt 0.500000 0.983904
vt 0.500000 1.000000
vt 0.450000 0.500000
vt 0.450000 0.516096
vt 0.450000 0.983904
vt 0.450000 1.000000
vt 0.400000 0.500000
vt 0.400000 0.516096
vt 0.400000 0.983904
vt 0.400000 1.000000
vt 0.350000 0.500000
vt 0.350000 0.516096
vt 0.350000 0.983904
vt 0.350000 1.000000
vt 0.300000 0.500000
vt 0.300000 0.516096
vt 0.300000 0.983904
vt 0.300000 1.000000
vt 0.250000 0.500000
vt 0.250000 0.516096
vt 0.250000 0.983904
vt 0.250000 1.000000
vt 0.200000 0.500000
vt 0.200000 0.516096
vt 0.200000 0.983904
vt 0.200000 1.000000
vt 0.150000 0.500000
vt 0.150000 0.516096
vt 0.150000 0.983904
vt 0.150000 1.000000
vt 0.100000 0.500000
vt 0.100000 0.516096
vt 0.100000 0.983904
vt 0.100000 1.000000
vt 0.050000 0.500000
vt 0.050000 0.516096
vt 0.050000 0.983904
vt 0.050000 1.000000
vt 0.125000 0.500000
vt 0.375000 0.250000
vt 0.875000 0.500000
vt 0.625000 0.250000
vt 0.375000 0.500000
vt 0.625000 0.500000
vt 0.300000 0.642937
vt 0.492065 0.914698
vt -0.000000 0.500000
vt 0.749945 0.602253
vt 1.000000 0.500000
vt 0.683579 0.602363
vt 0.950000 0.500000
vt 0.250000 0.642938
vt 0.499972 0.916745
vt 0.300000 0.500000
vt 0.475099 0.148509
vt 0.200000 0.642937
vt 0.507878 0.914698
vt 0.150000 0.642938
vt 0.515011 0.908761
vt 0.750000 0.500000
vt 0.499972 0.601422
vt 0.100000 0.500000
vt 0.605335 0.147658
vt 0.100000 0.642938
vt 0.520672 0.899513
vt 0.150000 0.500000
vt 0.555589 0.148267
vt 0.588707 0.500000
vt 0.375000 0.602645
vt 0.600000 0.500000
vt 0.394703 0.602340
vt 0.050000 0.642938
vt 0.524306 0.887861
vt 0.550000 0.500000
vt 0.316391 0.602362
vt 1.000000 0.642938
vt -0.000000 0.642938
vt 0.525559 0.874945
vt 0.400000 0.500000
vt 0.394609 0.147658
vt 0.500000 0.500000
vt 0.250056 0.602252
vt 0.850000 0.500000
vt 0.555539 0.601731
vt 0.875000 0.602646
vt 0.088735 0.500000
vt 0.625000 0.147354
vt 0.816309 0.602363
vt 0.050000 0.500000
vt 0.200000 0.500000
vt 0.524844 0.148509
vt 0.700000 0.500000
vt 0.475121 0.601490
vt 0.250000 0.500000
vt 0.499972 0.148577
vt 0.650000 0.500000
vt 0.444404 0.601732
vt 0.950000 0.642937
vt 0.524306 0.862027
vt 0.900000 0.500000
vt 0.605240 0.602340
vt 0.911323 0.500000
vt 0.625000 0.602646
vt 0.900000 0.642938
vt 0.520672 0.850374
vt 0.450000 0.500000
vt 0.183721 0.602363
vt 0.850000 0.642938
vt 0.515011 0.841127
vt 0.800000 0.642938
vt 0.507879 0.835190
vt 0.750000 0.642937
vt 0.499972 0.833145
vt 0.700000 0.642938
vt 0.492065 0.835190
vt 0.411235 0.500000
vt 0.125000 0.602645
vt 0.375000 0.147355
vt 0.650000 0.642937
vt 0.484932 0.841128
vt 0.600000 0.642938
vt 0.479271 0.850375
vt 0.550000 0.642937
vt 0.475637 0.862027
vt 0.500000 0.642938
vt 0.474385 0.874944
vt 0.450000 0.642938
vt 0.475637 0.887861
vt 0.400000 0.642938
vt 0.479271 0.899514
vt 0.350000 0.642938
vt 0.484932 0.908761
vt 1.000000 1.000000
vt -0.000000 1.000000
vt 0.950000 1.000000
vt 0.050000 1.000000
vt 0.900000 1.000000
vt 0.850000 1.000000
vt 0.800000 1.000000
vt 0.750000 1.000000
vt 0.700000 1.000000
vt 0.650000 1.000000
vt 0.600000 1.000000
vt 0.550000 1.000000
vt 0.500000 1.000000
vt 0.450000 1.000000
vt 0.400000 1.000000
vt 0.350000 1.000000
vt 0.300000 1.000000
vt 0.250000 1.000000
vt 0.200000 1.000000
vt 0.150000 1.000000
vt 0.100000 1.000000
vt 0.950000 1.000000
vt 0.900000 1.000000
vt 0.850000 1.000000
vt 0.800000 1.000000
vt 0.750000 1.000000
vt 0.700000 1.000000
vt 0.650000 1.000000
vt 0.600000 1.000000
vt 0.550000 1.000000
vt 0.500000 1.000000
vt 0.450000 1.000000
vt 0.400000 1.000000
vt 0.350000 1.000000
vt 0.300000 1.000000
vt 0.250000 1.000000
vt 0.200000 1.000000
vt 0.150000 1.000000
vt 0.100000 1.000000
vt 1.000000 1.000000
vt -0.000000 1.000000
vt 0.050000 1.000000
vt 0.750000 0.490000
vt 1.000000 0.500000
vt -0.000000 0.500000
vt 0.824164 0.478254
vt 0.950000 0.500000
vt 0.891068 0.444164
vt 0.900000 0.500000
vt 0.944164 0.391068
vt 0.850000 0.500000
vt 0.978254 0.324164
vt 0.800000 0.500000
vt 0.990000 0.250000
vt 0.750000 0.500000
vt 0.978254 0.175836
vt 0.700000 0.500000
vt 0.944164 0.108932
vt 0.650000 0.500000
vt 0.891068 0.055836
vt 0.600000 0.500000
vt 0.824164 0.021746
vt 0.550000 0.500000
vt 0.750000 0.010000
vt 0.500000 0.500000
vt 0.675836 0.021746
vt 0.450000 0.500000
vt 0.608931 0.055836
vt 0.400000 0.500000
vt 0.555836 0.108932
vt 0.350000 0.500000
vt 0.521746 0.175836
vt 0.300000 0.500000
vt 0.510000 0.250000
vt 0.250000 0.500000
vt 0.521747 0.324164
vt 0.200000 0.500000
vt 0.555836 0.391069
vt 0.150000 0.500000
vt 0.608932 0.444164
vt 0.100000 0.500000
vt 0.675836 0.478254
vt 0.050000 0.500000
vt 0.750000 0.490000
vt 1.000000 0.500000
vt -0.000000 0.500000
vt 0.824164 0.478254
vt 0.950000 0.500000
vt 0.891068 0.444164
vt 0.900000 0.500000
vt 0.944164 0.391068
vt 0.850000 0.500000
vt 0.978254 0.324164
vt 0.800000 0.500000
vt 0.990000 0.250000
vt 0.750000 0.500000
vt 0.978254 0.175836
vt 0.700000 0.500000
vt 0.944164 0.108932
vt 0.650000 0.500000
vt 0.891068 0.055836
vt 0.600000 0.500000
vt 0.824164 0.021746
vt 0.550000 0.500000
vt 0.750000 0.010000
vt 0.500000 0.500000
vt 0.675836 0.021746
vt 0.450000 0.500000
vt 0.608931 0.055836
vt 0.400000 0.500000
vt 0.555836 0.108932
vt 0.350000 0.500000
vt 0.521746 0.175836
vt 0.300000 0.500000
vt 0.510000 0.250000
vt 0.250000 0.500000
vt 0.521747 0.324164
vt 0.200000 0.500000
vt 0.555836 0.391069
vt 0.150000 0.500000
vt 0.608932 0.444164
vt 0.100000 0.500000
vt 0.675836 0.478254
vt 0.050000 0.500000
vt 0.750000 0.490000
vt 1.000000 0.500000
vt -0.000000 0.500000
vt 0.824164 0.478254
vt 0.950000 0.500000
vt 0.891068 0.444164
vt 0.900000 0.500000
vt 0.944164 0.391068
vt 0.850000 0.500000
vt 0.978254 0.324164
vt 0.800000 0.500000
vt 0.990000 0.250000
vt 0.750000 0.500000
vt 0.978254 0.175836
vt 0.700000 0.500000
vt 0.944164 0.108932
vt 0.650000 0.500000
vt 0.891068 0.055836
vt 0.600000 0.500000
vt 0.824164 0.021746
vt 0.550000 0.500000
vt 0.750000 0.010000
vt 0.500000 0.500000
vt 0.675836 0.021746
vt 0.450000 0.500000
vt 0.608931 0.055836
vt 0.400000 0.500000
vt 0.555836 0.108932
vt 0.350000 0.500000
vt 0.521746 0.175836
vt 0.300000 0.500000
vt 0.510000 0.250000
vt 0.250000 0.500000
vt 0.521747 0.324164
vt 0.200000 0.500000
vt 0.555836 0.391069
vt 0.150000 0.500000
vt 0.608932 0.444164
vt 0.100000 0.500000
vt 0.675836 0.478254
vt 0.050000 0.500000
vt 0.750000 0.490000
vt 1.000000 0.500000
vt -0.000000 0.500000
vt 0.824164 0.478254
vt 0.950000 0.500000
vt 0.891068 0.444164
vt 0.900000 0.500000
vt 0.944164 0.391068
vt 0.850000 0.500000
vt 0.978254 0.324164
vt 0.800000 0.500000
vt 0.800000 1.000000
vt 0.478254 0.324164
vt 0.750000 0.500000
vt 0.990000 0.250000
vt 0.750000 1.000000
vt 0.490000 0.250000
vt 0.978254 0.175836
vt 0.700000 0.500000
vt 0.700000 1.000000
vt 0.478254 0.175836
vt 0.944164 0.108932
vt 0.650000 0.500000
vt 0.891068 0.055836
vt 0.600000 0.500000
vt 0.824164 0.021746
vt 0.550000 0.500000
vt 0.750000 0.010000
vt 0.500000 0.500000
vt 0.675836 0.021746
vt 0.450000 0.500000
vt 0.608931 0.055836
vt 0.400000 0.500000
vt 0.555836 0.108932
vt 0.350000 0.500000
vt 0.521746 0.175836
vt 0.300000 0.500000
vt 0.510000 0.250000
vt 0.250000 0.500000
vt 0.521747 0.324164
vt 0.200000 0.500000
vt 0.555836 0.391069
vt 0.150000 0.500000
vt 0.608932 0.444164
vt 0.100000 0.500000
vt 0.675836 0.478254
vt 0.050000 0.500000
vt 0.750000 0.490000
vt 1.000000 0.500000
vt -0.000000 0.500000
vt 0.824164 0.478254
vt 0.950000 0.500000
vt 0.891068 0.444164
vt 0.900000 0.500000
vt 0.944164 0.391068
vt 0.850000 0.500000
vt 0.978254 0.324164
vt 0.800000 0.500000
vt 0.990000 0.250000
vt 0.750000 0.500000
vt 0.978254 0.175836
vt 0.700000 0.500000
vt 0.944164 0.108932
vt 0.650000 0.500000
vt 0.891068 0.055836
vt 0.600000 0.500000
vt 0.824164 0.021746
vt 0.550000 0.500000
vt 0.750000 0.010000
vt 0.500000 0.500000
vt 0.675836 0.021746
vt 0.450000 0.500000
vt 0.608931 0.055836
vt 0.400000 0.500000
vt 0.555836 0.108932
vt 0.350000 0.500000
vt 0.521746 0.175836
vt 0.300000 0.500000
vt 0.510000 0.250000
vt 0.250000 0.500000
vt 0.521747 0.324164
vt 0.200000 0.500000
vt 0.555836 0.391069
vt 0.150000 0.500000
vt 0.608932 0.444164
vt 0.100000 0.500000
vt 0.675836 0.478254
vt 0.050000 0.500000
vt 0.750000 0.490000
vt 1.000000 0.500000
vt -0.000000 0.500000
vt 0.824164 0.478254
vt 0.950000 0.500000
vt 0.891068 0.444164
vt 0.900000 0.500000
vt 0.944164 0.391068
vt 0.850000 0.500000
vt 0.978254 0.324164
vt 0.800000 0.500000
vt 0.990000 0.250000
vt 0.750000 0.500000
vt 0.978254 0.175836
vt 0.700000 0.500000
vt 0.944164 0.108932
vt 0.650000 0.500000
vt 0.891068 0.055836
vt 0.600000 0.500000
vt 0.824164 0.021746
vt 0.550000 0.500000
vt 0.750000 0.010000
vt 0.500000 0.500000
vt 0.675836 0.021746
vt 0.450000 0.500000
vt 0.608931 0.055836
vt 0.400000 0.500000
vt 0.555836 0.108932
vt 0.350000 0.500000
vt 0.521746 0.175836
vt 0.300000 0.500000
vt 0.510000 0.250000
vt 0.250000 0.500000
vt 0.521747 0.324164
vt 0.200000 0.500000
vt 0.555836 0.391069
vt 0.150000 0.500000
vt 0.608932 0.444164
vt 0.100000 0.500000
vt 0.675836 0.478254
vt 0.050000 0.500000
vt 0.750000 0.490000
vt 1.000000 0.500000
vt -0.000000 0.500000
vt 0.824164 0.478254
vt 0.950000 0.500000
vt 0.891068 0.444164
vt 0.900000 0.500000
vt 0.944164 0.391068
vt 0.850000 0.500000
vt 0.978254 0.324164
vt 0.800000 0.500000
vt 0.990000 0.250000
vt 0.750000 0.500000
vt 0.978254 0.175836
vt 0.700000 0.500000
vt 0.944164 0.108932
vt 0.650000 0.500000
vt 0.891068 0.055836
vt 0.600000 0.500000
vt 0.824164 0.021746
vt 0.550000 0.500000
vt 0.750000 0.010000
vt 0.500000 0.500000
vt 0.675836 0.021746
vt 0.450000 0.500000
vt 0.608931 0.055836
vt 0.400000 0.500000
vt 0.555836 0.108932
vt 0.350000 0.500000
vt 0.521746 0.175836
vt 0.300000 0.500000
vt 0.510000 0.250000
vt 0.250000 0.500000
vt 0.521747 0.324164
vt 0.200000 0.500000
vt 0.555836 0.391069
vt 0.150000 0.500000
vt 0.608932 0.444164
vt 0.100000 0.500000
vt 0.675836 0.478254
vt 0.050000 0.500000
vt 0.750000 0.490000
vt 1.000000 0.500000
vt -0.000000 0.500000
vt 0.824164 0.478254
vt 0.950000 0.500000
vt 0.891068 0.444164
vt 0.900000 0.500000
vt 0.944164 0.391068
vt 0.850000 0.500000
vt 0.978254 0.324164
vt 0.800000 0.500000
vt 0.990000 0.250000
vt 0.750000 0.500000
vt 0.978254 0.175836
vt 0.700000 0.500000
vt 0.944164 0.108932
vt 0.650000 0.500000
vt 0.891068 0.055836
vt 0.600000 0.500000
vt 0.824164 0.021746
vt 0.550000 0.500000
vt 0.750000 0.010000
vt 0.500000 0.500000
vt 0.675836 0.021746
vt 0.450000 0.500000
vt 0.608931 0.055836
vt 0.400000 0.500000
vt 0.555836 0.108932
vt 0.350000 0.500000
vt 0.521746 0.175836
vt 0.300000 0.500000
vt 0.510000 0.250000
vt 0.250000 0.500000
vt 0.521747 0.324164
vt 0.200000 0.500000
vt 0.555836 0.391069
vt 0.150000 0.500000
vt 0.608932 0.444164
vt 0.100000 0.500000
vt 0.675836 0.478254
vt 0.050000 0.500000
vt 0.750000 0.490000
vt 1.000000 0.500000
vt -0.000000 0.500000
vt 0.824164 0.478254
vt 0.950000 0.500000
vt 0.891068 0.444164
vt 0.900000 0.500000
vt 0.944164 0.391068
vt 0.850000 0.500000
vt 0.978254 0.324164
vt 0.800000 0.500000
vt 0.800000 1.000000
vt 0.478254 0.324164
vt 0.750000 0.500000
vt 0.990000 0.250000
vt 0.750000 1.000000
vt 0.490000 0.250000
vt 0.978254 0.175836
vt 0.700000 0.500000
vt 0.700000 1.000000
vt 0.478254 0.175836
vt 0.944164 0.108932
vt 0.650000 0.500000
vt 0.891068 0.055836
vt 0.600000 0.500000
vt 0.824164 0.021746
vt 0.550000 0.500000
vt 0.750000 0.010000
vt 0.500000 0.500000
vt 0.675836 0.021746
vt 0.450000 0.500000
vt 0.608931 0.055836
vt 0.400000 0.500000
vt 0.555836 0.108932
vt 0.350000 0.500000
vt 0.521746 0.175836
vt 0.300000 0.500000
vt 0.510000 0.250000
vt 0.250000 0.500000
vt 0.521747 0.324164
vt 0.200000 0.500000
vt 0.555836 0.391069
vt 0.150000 0.500000
vt 0.608932 0.444164
vt 0.100000 0.500000
vt 0.675836 0.478254
vt 0.050000 0.500000
vt 0.750000 0.490000
vt 1.000000 0.500000
vt -0.000000 0.500000
vt 0.824164 0.478254
vt 0.950000 0.500000
vt 0.891068 0.444164
vt 0.900000 0.500000
vt 0.944164 0.391068
vt 0.850000 0.500000
vt 0.978254 0.324164
vt 0.800000 0.500000
vt 0.990000 0.250000
vt 0.750000 0.500000
vt 0.978254 0.175836
vt 0.700000 0.500000
vt 0.944164 0.108932
vt 0.650000 0.500000
vt 0.891068 0.055836
vt 0.600000 0.500000
vt 0.824164 0.021746
vt 0.550000 0.500000
vt 0.750000 0.010000
vt 0.500000 0.500000
vt 0.675836 0.021746
vt 0.450000 0.500000
vt 0.608931 0.055836
vt 0.400000 0.500000
vt 0.555836 0.108932
vt 0.350000 0.500000
vt 0.521746 0.175836
vt 0.300000 0.500000
vt 0.510000 0.250000
vt 0.250000 0.500000
vt 0.521747 0.324164
vt 0.200000 0.500000
vt 0.555836 0.391069
vt 0.150000 0.500000
vt 0.608932 0.444164
vt 0.100000 0.500000
vt 0.675836 0.478254
vt 0.050000 0.500000
vt -0.000000 0.500000
vt 1.000000 0.500000
vt 0.950000 0.500000
vt 0.950000 1.000000
vt -0.000000 1.000000
vt 1.000000 1.000000
vt 0.900000 0.500000
vt 0.900000 1.000000
vt 0.850000 0.500000
vt 0.850000 1.000000
vt 0.800000 0.500000
vt 0.800000 1.000000
vt 0.750000 0.500000
vt 0.750000 1.000000
vt 0.700000 0.500000
vt 0.700000 1.000000
vt 0.650000 0.500000
vt 0.650000 1.000000
vt 0.600000 0.500000
vt 0.600000 1.000000
vt 0.550000 0.500000
vt 0.550000 1.000000
vt 0.500000 0.500000
vt 0.500000 1.000000
vt 0.450000 0.500000
vt 0.450000 1.000000
vt 0.400000 0.500000
vt 0.400000 1.000000
vt 0.350000 0.500000
vt 0.350000 1.000000
vt 0.300000 0.500000
vt 0.300000 1.000000
vt 0.250000 0.500000
vt 0.250000 1.000000
vt 0.200000 0.500000
vt 0.200000 1.000000
vt 0.150000 0.500000
vt 0.150000 1.000000
vt 0.100000 0.500000
vt 0.100000 1.000000
vt 0.050000 0.500000
vt 0.050000 1.000000
vt -0.000000 0.500000
vt 1.000000 0.500000
vt 0.950000 0.500000
vt 0.950000 1.000000
vt -0.000000 1.000000
vt 1.000000 1.000000
vt 0.250000 1.000000
vt 0.250000 1.000000
vt 0.700000 1.000000
vt 0.700000 1.000000
vt 0.900000 0.500000
vt 0.900000 1.000000
vt 0.250000 0.500000
vt 0.250000 0.500000
vt 0.850000 0.500000
vt 0.850000 1.000000
vt 0.300000 0.500000
vt 0.300000 0.500000
vt 0.800000 0.500000
vt 0.800000 1.000000
vt 0.700000 0.500000
vt 0.700000 0.500000
vt 0.750000 0.500000
vt 0.750000 1.000000
vt 0.750000 0.500000
vt 0.100000 1.000000
vt 0.100000 1.000000
vt 0.650000 0.500000
vt 0.650000 1.000000
vt 0.050000 1.000000
vt 0.050000 1.000000
vt 0.600000 0.500000
vt 0.600000 1.000000
vt 0.550000 1.000000
vt 0.550000 1.000000
vt 0.550000 0.500000
vt 0.500000 1.000000
vt 0.500000 1.000000
vt 0.500000 0.500000
vt 0.050000 0.500000
vt 0.050000 0.500000
vt 0.450000 0.500000
vt 0.450000 1.000000
vt 0.100000 0.500000
vt 0.400000 0.500000
vt 0.400000 1.000000
vt 0.500000 0.500000
vt 0.350000 0.500000
vt 0.350000 1.000000
vt 0.550000 0.500000
vt 0.300000 1.000000
vt 1.000000 1.000000
vt -0.000000 1.000000
vt 0.950000 1.000000
vt 0.200000 0.500000
vt 0.200000 1.000000
vt 0.350000 1.000000
vt 0.150000 0.500000
vt 0.150000 1.000000
vt 0.300000 1.000000
vt 0.800000 1.000000
vt 0.750000 1.000000
vt 1.000000 0.500000
vt -0.000000 0.500000
vt 0.950000 0.500000
vt 0.550000 0.500000
vt 0.900000 0.500000
vt 0.900000 1.000000
vt 0.355608 1.000000
vt 0.850000 0.500000
vt 0.850000 1.000000
vt 0.800000 1.000000
vt 0.800000 0.500000
vt 0.350000 0.500000
vt 0.350000 0.500000
vt 0.400000 0.500000
vt 0.400000 0.500000
vt 0.800000 0.500000
vt 0.650000 0.500000
vt 0.650000 1.000000
vt 0.850000 0.500000
vt 0.600000 0.500000
vt 0.600000 1.000000
vt 0.200000 1.000000
vt 0.200000 1.000000
vt 0.150000 1.000000
vt 0.155608 1.000000
vt 0.650000 1.000000
vt 0.450000 0.500000
vt 0.450000 1.000000
vt 0.600000 1.000000
vt 0.400000 1.000000
vt 0.150000 0.500000
vt 0.150000 0.500000
vt 0.200000 0.500000
vt 0.200000 0.500000
vt 0.600000 0.500000
vt 0.650000 0.500000
vt 0.450000 1.000000
vt 0.400000 1.000000
vt 0.894391 1.000000
vt 0.850000 1.000000
vt 1.000000 0.500000
vt -0.000000 0.500000
vt 0.950000 0.500000
vt 0.955609 1.000000
vt 1.000000 1.000000
vt -0.000000 1.000000
vt 0.900000 0.500000
vt 0.394079 1.000000
vt 0.800000 1.000000
vt 0.750000 0.500000
vt 0.755609 1.000000
vt 0.700000 0.500000
vt 0.694391 1.000000
vt 0.200000 1.000000
vt 0.555608 1.000000
vt 0.194075 1.000000
vt 0.500000 0.500000
vt 0.494391 1.000000
vt 0.650000 1.000000
vt 0.450000 0.500000
vt 0.600000 1.000000
vt 0.300000 0.500000
vt 0.294391 1.000000
vt 0.250000 0.500000
vt 0.250000 1.000000
vt 0.450000 1.000000
vt 0.400000 1.000000
vt 0.094391 1.000000
vt 0.855921 1.000000
vt 0.050000 1.000000
vt 0.850000 1.000000
vt 0.994076 1.000000
vt 1.000000 1.000000
vt -0.000000 1.000000
vt 0.794077 1.000000
vt 0.655922 1.000000
vt 0.594078 1.000000
vt 0.455923 1.000000
vt 0.255922 1.000000
vt 0.250000 1.000000
vt 0.055923 1.000000
vt 0.050000 1.000000
vt 0.950000 1.000000
vt 1.000000 1.000000
vt -0.000000 1.000000
vt 0.350000 1.000000
vt 0.350000 1.000000
vt 0.850000 1.000000
vt 0.900000 1.000000
vt 0.800000 1.000000
vt 0.750000 1.000000
vt 0.650000 1.000000
vt 0.700000 1.000000
vt 0.600000 1.000000
vt 0.550000 1.000000
vt 0.150000 1.000000
vt 0.150000 1.000000
vt 0.450000 1.000000
vt 0.500000 1.000000
vt 0.400000 1.000000
vt 0.250000 1.000000
vt 0.300000 1.000000
vt 0.200000 1.000000
vt 0.900000 1.000000
vt 0.050000 1.000000
vt 0.100000 1.000000
vt 0.950000 1.000000
vt 1.000000 1.000000
vt -0.000000 1.000000
vt 0.850000 1.000000
vt 0.800000 1.000000
vt 0.750000 1.000000
vt 0.650000 1.000000
vt 0.700000 1.000000
vt 0.600000 1.000000
vt 0.550000 1.000000
vt 0.450000 1.000000
vt 0.500000 1.000000
vt 0.400000 1.000000
vt 0.250000 1.000000
vt 0.300000 1.000000
vt 0.200000 1.000000
vt 0.050000 1.000000
vt 0.100000 1.000000
vt 0.800000 1.000000
vt 0.800000 1.000000
vt 0.200000 1.000000
vt 0.200000 1.000000
vt 0.650000 1.000000
vt 0.650000 1.000000
vt 0.600000 1.000000
vt 0.600000 1.000000
vt 0.450000 1.000000
vt 0.450000 1.000000
vt 0.400000 1.000000
vt 0.400000 1.000000
vt 0.850000 1.000000
vt 0.850000 1.000000
vt 1.000000 1.000000
vt -0.000000 1.000000
vt 1.000000 1.000000
vt -0.000000 1.000000
vt 0.050000 1.000000
vt 0.050000 1.000000
vt 0.250000 1.000000
vt 0.250000 1.000000
vt 0.955609 1.000000
vt 0.355608 1.000000
vt 0.394079 1.000000
vt 0.894391 1.000000
vt 0.755609 1.000000
vt 0.694391 1.000000
vt 0.555608 1.000000
vt 0.155608 1.000000
vt 0.194075 1.000000
vt 0.494391 1.000000
vt 0.294391 1.000000
vt 0.855921 1.000000
vt 0.094391 1.000000
vt 0.994076 1.000000
vt 0.794077 1.000000
vt 0.655922 1.000000
vt 0.594078 1.000000
vt 0.455923 1.000000
vt 0.255922 1.000000
vt 0.055923 1.000000
vt 1.000000 0.516096
vt -0.000000 0.516096
vt -0.000000 0.500000
vt 1.000000 0.500000
vt 1.000000 1.000000
vt -0.000000 1.000000
vt 1.000000 0.983904
vt -0.000000 0.983904
vt 0.950000 0.500000
vt 0.950000 0.516096
vt 0.950000 0.983904
vt 0.950000 1.000000
vt 0.900000 0.500000
vt 0.900000 0.516096
vt 0.900000 0.983904
vt 0.900000 1.000000
vt 0.850000 0.500000
vt 0.850000 0.516096
vt 0.850000 0.983904
vt 0.850000 1.000000
vt 0.800000 0.500000
vt 0.800000 0.516096
vt 0.800000 0.983904
vt 0.800000 1.000000
vt 0.750000 0.500000
vt 0.750000 0.516096
vt 0.750000 0.983904
vt 0.750000 1.000000
vt 0.700000 0.500000
vt 0.700000 0.516096
vt 0.700000 0.983904
vt 0.700000 1.000000
vt 0.650000 0.500000
vt 0.650000 0.516096
vt 0.650000 0.983904
vt 0.650000 1.000000
vt 0.600000 0.500000
vt 0.600000 0.516096
vt 0.600000 0.983904
vt 0.600000 1.000000
vt 0.550000 0.500000
vt 0.550000 0.516096
vt 0.550000 0.983904
vt 0.550000 1.000000
vt 0.500000 0.500000
vt 0.500000 0.516096
vt 0.500000 0.983904
vt 0.500000 1.000000
vt 0.450000 0.500000
vt 0.450000 0.516096
vt 0.450000 0.983904
vt 0.450000 1.000000
vt 0.400000 0.500000
vt 0.400000 0.516096
vt 0.400000 0.983904
vt 0.400000 1.000000
vt 0.350000 0.500000
vt 0.350000 0.516096
vt 0.350000 0.983904
vt 0.350000 1.000000
vt 0.300000 0.500000
vt 0.300000 0.516096
vt 0.300000 0.983904
vt 0.300000 1.000000
vt 0.250000 0.500000
vt 0.250000 0.516096
vt 0.250000 0.983904
vt 0.250000 1.000000
vt 0.200000 0.500000
vt 0.200000 0.516096
vt 0.200000 0.983904
vt 0.200000 1.000000
vt 0.150000 0.500000
vt 0.150000 0.516096
vt 0.150000 0.983904
vt 0.150000 1.000000
vt 0.100000 0.500000
vt 0.100000 0.516096
vt 0.100000 0.983904
vt 0.100000 1.000000
vt 0.050000 0.500000
vt 0.050000 0.516096
vt 0.050000 0.983904
vt 0.050000 1.000000
vt 0.125000 0.500000
vt 0.375000 0.250000
vt 0.875000 0.500000
vt 0.625000 0.250000
vt 0.375000 0.500000
vt 0.625000 0.500000
vt 0.300000 0.642937
vt 0.492065 0.914698
vt 1.000000 0.500000
vt 0.749945 0.602253
vt -0.000000 0.500000
vt 0.683579 0.602363
vt 0.950000 0.500000
vt 0.250000 0.642938
vt 0.499972 0.916745
vt 0.350000 0.500000
vt 0.444354 0.148267
vt 0.300000 0.500000
vt 0.475099 0.148509
vt 0.200000 0.642937
vt 0.507878 0.914698
vt 0.800000 0.500000
vt 0.524822 0.601490
vt 0.150000 0.642938
vt 0.515011 0.908761
vt 0.750000 0.500000
vt 0.499972 0.601422
vt 0.100000 0.500000
vt 0.605335 0.147658
vt 0.100000 0.642938
vt 0.520672 0.899513
vt 0.150000 0.500000
vt 0.555589 0.148267
vt 0.588707 0.500000
vt 0.375000 0.602645
vt 0.600000 0.500000
vt 0.394703 0.602340
vt 0.050000 0.642938
vt 0.524306 0.887861
vt 0.550000 0.500000
vt 0.316391 0.602362
vt 1.000000 0.642938
vt -0.000000 0.642938
vt 0.525559 0.874945
vt 0.400000 0.500000
vt 0.394609 0.147658
vt 0.500000 0.500000
vt 0.250056 0.602252
vt 0.850000 0.500000
vt 0.555539 0.601731
vt 0.875000 0.602646
vt 0.088735 0.500000
vt 0.625000 0.147354
vt 0.816309 0.602363
vt 0.050000 0.500000
vt 0.700000 0.500000
vt 0.475121 0.601490
vt 0.250000 0.500000
vt 0.499972 0.148577
vt 0.950000 0.642937
vt 0.524306 0.862027
vt 0.900000 0.500000
vt 0.605240 0.602340
vt 0.911323 0.500000
vt 0.625000 0.602646
vt 0.900000 0.642938
vt 0.520672 0.850374
vt 0.450000 0.500000
vt 0.183721 0.602363
vt 0.850000 0.642938
vt 0.515011 0.841127
vt 0.800000 0.642938
vt 0.507879 0.835190
vt 0.750000 0.642937
vt 0.499972 0.833145
vt 0.700000 0.642938
vt 0.492065 0.835190
vt 0.411235 0.500000
vt 0.125000 0.602645
vt 0.375000 0.147355
vt 0.650000 0.642937
vt 0.484932 0.841128
vt 0.600000 0.642938
vt 0.479271 0.850375
vt 0.550000 0.642937
vt 0.475637 0.862027
vt 0.500000 0.642938
vt 0.474385 0.874944
vt 0.450000 0.642938
vt 0.475637 0.887861
vt 0.400000 0.642938
vt 0.479271 0.899514
vt 0.350000 0.642938
vt 0.484932 0.908761
vt 1.000000 1.000000
vt -0.000000 1.000000
vt 0.950000 1.000000
vt 0.050000 1.000000
vt 0.900000 1.000000
vt 0.850000 1.000000
vt 0.800000 1.000000
vt 0.750000 1.000000
vt 0.700000 1.000000
vt 0.650000 1.000000
vt 0.600000 1.000000
vt 0.550000 1.000000
vt 0.500000 1.000000
vt 0.450000 1.000000
vt 0.400000 1.000000
vt 0.350000 1.000000
vt 0.300000 1.000000
vt 0.250000 1.000000
vt 0.200000 1.000000
vt 0.150000 1.000000
vt 0.100000 1.000000
vt 0.950000 1.000000
vt 0.900000 1.000000
vt 0.850000 1.000000
vt 0.800000 1.000000
vt 0.750000 1.000000
vt 0.700000 1.000000
vt 0.650000 1.000000
vt 0.600000 1.000000
vt 0.550000 1.000000
vt 0.500000 1.000000
vt 0.450000 1.000000
vt 0.400000 1.000000
vt 0.350000 1.000000
vt 0.300000 1.000000
vt 0.250000 1.000000
vt 0.200000 1.000000
vt 0.150000 1.000000
vt 0.100000 1.000000
vt 1.000000 1.000000
vt -0.000000 1.000000
vt 0.050000 1.000000
vt 0.500000 0.991281
vt 0.079803 0.500000
vt 0.650000 0.994132
vt 0.915651 0.500000
vt 0.950000 0.983106
vt 0.184572 0.500000
vt 1.000000 0.982960
vt -0.000000 0.982960
vt 0.174798 0.500000
vt 0.450000 0.991201
vt 0.065927 0.500000
vt 0.900000 0.983224
vt 0.194236 0.500000
vt 0.600000 0.994126
vt 0.906079 0.500000
vt 0.550000 0.994161
vt 0.895592 0.500000
vt 0.400000 0.991163
vt 0.050387 0.500000
vt 0.850000 0.983315
vt 0.203956 0.500000
vt 0.568152 0.994140
vt 0.900000 0.500000
vt 0.869710 0.983271
vt 0.200000 0.500000
vt 0.500000 0.994242
vt 0.884792 0.500000
vt 0.398619 0.991163
vt 0.050000 0.500000
vt 0.350000 0.991221
vt 0.038397 0.500000
vt 0.800000 0.983379
vt 0.213734 0.500000
vt 0.450000 0.994340
vt 0.876892 0.500000
vt 0.300000 0.991311
vt 0.030263 0.500000
vt 0.250000 0.991422
vt 0.026608 0.500000
vt 0.750000 0.983391
vt 0.222736 0.500000
vt 0.400000 0.994444
vt 0.872113 0.500000
vt 0.700000 0.983349
vt 0.230936 0.500000
vt 0.200000 0.991544
vt 0.027249 0.500000
vt 0.350000 0.994545
vt 0.870213 0.500000
vt 0.150000 0.991664
vt 0.031568 0.500000
vt 0.650000 0.983258
vt 0.238236 0.500000
vt 0.300000 0.994633
vt 0.870836 0.500000
vt 0.600000 0.983126
vt 0.244357 0.500000
vt 0.100000 0.991771
vt 0.038917 0.500000
vt 0.250000 0.994699
vt 0.873626 0.500000
vt 0.550000 0.982967
vt 0.248759 0.500000
vt 0.050000 0.991811
vt 0.048492 0.500000
vt 0.075773 0.991811
vt 0.043643 0.500000
vt 0.200000 0.994736
vt 0.878268 0.500000
vt 0.500000 0.982796
vt 0.250534 0.500000
vt 0.513715 0.982842
vt 0.250000 0.500000
vt 1.000000 0.991811
vt -0.000000 0.991811
vt 0.059105 0.500000
vt 0.036041 0.991811
vt 0.051529 0.500000
vt 0.043091 0.991811
vt 0.050000 0.500000
vt 0.486716 0.982751
vt 0.250000 0.500000
vt 0.450000 0.982628
vt 0.248289 0.500000
vt 0.150000 0.994742
vt 0.884555 0.500000
vt 0.400000 0.982483
vt 0.240114 0.500000
vt 0.850000 0.983637
vt 0.572493 0.255926
vt 0.650000 0.983637
vt 0.525235 0.255926
vt 0.668340 0.983637
vt 0.529346 0.250000
vt 0.831660 0.983637
vt 0.568383 0.250000
vt 0.100000 0.994715
vt 0.892416 0.500000
vt 0.600000 0.983637
vt 0.516342 0.281089
vt 0.900000 0.983637
vt 0.581387 0.281089
vt 0.550000 0.983637
vt 0.510632 0.312797
vt 0.500000 0.983637
vt 0.508664 0.347945
vt 0.350000 0.982372
vt 0.223912 0.500000
vt 0.050000 0.994664
vt 0.901363 0.500000
vt 0.058758 0.994668
vt 0.900000 0.500000
vt 0.950000 0.983637
vt 0.587097 0.312797
vt 1.000000 0.983637
vt -0.000000 0.983637
vt 0.589064 0.347945
vt 0.050000 0.983637
vt 0.587097 0.383093
vt 0.450000 0.983637
vt 0.510632 0.383093
vt 0.400000 0.983637
vt 0.516342 0.414800
vt 0.350000 0.983637
vt 0.525235 0.439964
vt 0.150000 0.983637
vt 0.572493 0.439964
vt 0.250000 0.983637
vt 0.548864 0.461686
vt 0.300000 0.983637
vt 0.536442 0.456119
vt 0.200000 0.983637
vt 0.561287 0.456119
vt 0.100000 0.983637
vt 0.581387 0.414800
vt 1.000000 0.994617
vt -0.000000 0.994617
vt 0.909067 0.500000
vt 0.332634 0.982350
vt 0.216503 0.500000
vt 0.516635 0.148531
vt 0.300000 0.973855
vt 0.524037 0.164396
vt 0.250000 0.969370
vt 0.535073 0.172771
vt 0.200000 0.973855
vt 0.544721 0.164396
vt 0.844613 1.000000
vt 0.447837 0.383861
vt 0.569807 0.215249
vt 0.150000 0.982503
vt 0.157226 0.500000
vt 0.166920 0.982466
vt 0.159800 0.500000
vt 0.549563 0.148314
vt 0.655387 1.000000
vt 0.447837 0.116139
vt 0.524964 0.215249
vt 0.100000 0.982643
vt 0.158919 0.500000
vt 0.050000 0.982801
vt 0.165699 0.500000
vt 1.000000 0.955495
vt -0.000000 0.955495
vt 0.687617 0.500000
vt 0.950000 0.955388
vt 0.675359 0.500000
vt 0.926539 0.955347
vt 0.666968 0.500000
vt 0.454828 0.601649
vt 0.900000 0.945122
vt 0.456595 0.579366
vt 0.850000 0.929834
vt 0.455996 0.546049
vt 0.800000 0.920019
vt 0.451527 0.524658
vt 0.750000 0.916637
vt 0.443626 0.517287
vt 0.950000 0.991811
vt 0.069937 0.500000
vt 0.700000 0.920019
vt 0.433067 0.524658
vt 0.900000 0.991811
vt 0.080105 0.500000
vt 0.850000 0.991811
vt 0.089041 0.500000
vt 0.650000 0.929834
vt 0.420882 0.546049
vt 0.600000 0.945122
vt 0.408265 0.579366
vt 0.800000 0.991811
vt 0.096193 0.500000
vt 0.760249 0.991811
vt 0.100000 0.500000
vt 0.550000 0.955672
vt 0.611692 0.500000
vt 0.750000 0.991811
vt 0.101055 0.500000
vt 0.572742 0.955624
vt 0.607164 0.500000
vt 0.401825 0.602253
vt 0.722603 0.991811
vt 0.102376 0.500000
vt 0.700000 0.991811
vt 0.103494 0.500000
vt 0.500000 0.955770
vt 0.624929 0.500000
vt 0.693885 0.991811
vt 0.103400 0.500000
vt 0.650000 0.991685
vt 0.103197 0.500000
vt 0.450000 0.955851
vt 0.637438 0.500000
vt 0.600000 0.991527
vt 0.098422 0.500000
vt 0.617576 0.991578
vt 0.100000 0.500000
vt 0.400000 0.955909
vt 0.648581 0.500000
vt 0.550000 0.991393
vt 0.090679 0.500000
vt 0.350000 0.955961
vt 0.660676 0.500000
vt 0.393087 0.955912
vt 0.650000 0.500000
vt 0.300000 0.955983
vt 0.671366 0.500000
vt 0.250000 0.955968
vt 0.680229 0.500000
vt 0.200000 0.955917
vt 0.687216 0.500000
vt 0.150000 0.955835
vt 0.692106 0.500000
vt 0.750000 0.994220
vt 0.928605 0.500000
vt 0.100000 0.955731
vt 0.694424 0.500000
vt 0.050000 0.955614
vt 0.693356 0.500000
vt 0.700000 0.994164
vt 0.923711 0.500000
vt 0.800000 0.994294
vt 0.929770 0.500000
vt 0.900000 0.994467
vt 0.922729 0.500000
vt 0.950000 0.994549
vt 0.916332 0.500000
vt 0.850000 0.994379
vt 0.927532 0.500000
vt 0.751244 0.500000
vt 0.550000 0.982950
vt 0.525237 0.310033
vt 0.350000 0.983623
vt 0.516343 0.335196
vt 0.400000 0.983623
vt 0.749469 0.500000
vt 0.500000 0.982780
vt 0.750000 0.500000
vt 0.513633 0.982825
vt 0.548866 0.288310
vt 0.250000 0.983623
vt 0.536443 0.293877
vt 0.300000 0.983623
vt 0.561288 0.293877
vt 0.200000 0.983623
vt 0.956378 0.500000
vt 0.075746 0.991794
vt 0.950000 0.500000
vt 0.398758 0.991146
vt 0.961110 0.500000
vt 0.100000 0.991754
vt 0.968459 0.500000
vt 0.150000 0.991647
vt 0.961636 0.500000
vt 0.350000 0.991204
vt 0.973423 0.500000
vt 0.250000 0.991405
vt 0.969768 0.500000
vt 0.300000 0.991294
vt 0.972780 0.500000
vt 0.200000 0.991527
vt 0.750000 0.500000
vt 0.486795 0.982735
vt 0.751716 0.500000
vt 0.450000 0.982612
vt 0.324570 0.500000
vt 0.950000 0.955374
vt 0.759896 0.500000
vt 0.400000 0.982466
vt 0.332962 0.500000
vt 0.454831 0.148349
vt 0.926504 0.955334
vt 0.350000 0.500000
vt 0.393296 0.955899
vt 0.339277 0.500000
vt 0.350000 0.955948
vt 0.525237 0.494071
vt 0.650000 0.983623
vt 0.529350 0.500000
vt 0.668351 0.983623
vt 0.568381 0.500000
vt 0.831649 0.983623
vt 0.572495 0.494070
vt 0.850000 0.983623
vt 0.581388 0.468907
vt 0.900000 0.983623
vt 0.516343 0.468907
vt 0.600000 0.983623
vt 0.587098 0.437200
vt 0.950000 0.983623
vt 0.589065 0.402052
vt 1.000000 0.983623
vt -0.000000 0.983623
vt 0.508666 0.402052
vt 0.500000 0.983623
vt 0.581388 0.335196
vt 0.100000 0.983623
vt 0.572495 0.310033
vt 0.150000 0.983623
vt 0.776112 0.500000
vt 0.350000 0.982356
vt 0.510633 0.366904
vt 0.450000 0.983623
vt 0.587098 0.366904
vt 0.050000 0.983623
vt 0.510633 0.437200
vt 0.550000 0.983623
vt 0.312333 0.500000
vt 1.000000 0.955482
vt -0.000000 0.955482
vt 0.306605 0.500000
vt 0.050000 0.955600
vt 0.305542 0.500000
vt 0.100000 0.955717
vt 0.319735 0.500000
vt 0.250000 0.955955
vt 0.524037 0.585634
vt 0.300000 0.973855
vt 0.783556 0.500000
vt 0.516649 0.601468
vt 0.332570 0.982333
vt 0.328593 0.500000
vt 0.300000 0.955970
vt 0.312751 0.500000
vt 0.200000 0.955904
vt 0.307861 0.500000
vt 0.150000 0.955822
vt 0.535073 0.577259
vt 0.250000 0.969370
vt 0.544721 0.585635
vt 0.200000 0.973855
vt 0.777274 0.500000
vt 0.750000 0.983374
vt 0.769072 0.500000
vt 0.700000 0.983333
vt 0.761770 0.500000
vt 0.650000 0.983241
vt 0.786279 0.500000
vt 0.800000 0.983363
vt 0.840256 0.500000
vt 0.549553 0.601684
vt 0.166985 0.982449
vt 0.755647 0.500000
vt 0.600000 0.983110
vt 0.842838 0.500000
vt 0.150000 0.982486
vt 0.800000 0.500000
vt 0.869620 0.983255
vt 0.796061 0.500000
vt 0.850000 0.983298
vt 0.841132 0.500000
vt 0.100000 0.982627
vt 0.834342 0.500000
vt 0.050000 0.982784
vt 0.100000 0.500000
vt 0.568385 0.994125
vt 0.115255 0.500000
vt 0.500000 0.994227
vt 0.104463 0.500000
vt 0.550000 0.994146
vt 0.123148 0.500000
vt 0.450000 0.994324
vt 0.100000 0.500000
vt 0.058524 0.994652
vt 0.127923 0.500000
vt 0.400000 0.994429
vt 0.107624 0.500000
vt 0.100000 0.994699
vt 0.825234 0.500000
vt 1.000000 0.982944
vt -0.000000 0.982944
vt 0.115480 0.500000
vt 0.150000 0.994726
vt 0.129820 0.500000
vt 0.350000 0.994530
vt 0.126405 0.500000
vt 0.250000 0.994683
vt 0.129195 0.500000
vt 0.300000 0.994617
vt 0.121764 0.500000
vt 0.200000 0.994721
vt 0.388217 0.500000
vt 0.550000 0.955658
vt 0.392739 0.500000
vt 0.401833 0.147746
vt 0.572778 0.955611
vt 0.351375 0.500000
vt 0.400000 0.955895
vt 0.375002 0.500000
vt 0.500000 0.955757
vt 0.362507 0.500000
vt 0.450000 0.955838
vt 0.456595 0.170603
vt 0.900000 0.945122
vt 0.455996 0.203921
vt 0.850000 0.929834
vt 0.805783 0.500000
vt 0.900000 0.983207
vt 0.815452 0.500000
vt 0.950000 0.983089
vt 0.451527 0.225312
vt 0.800000 0.920019
vt 0.443626 0.232682
vt 0.750000 0.916637
vt 0.433067 0.225312
vt 0.700000 0.920019
vt 0.948479 0.500000
vt 0.035955 0.991794
vt 0.950000 0.500000
vt 0.042970 0.991794
vt 0.420882 0.203921
vt 0.650000 0.929834
vt 0.900000 0.500000
vt 0.760035 0.991794
vt 0.903828 0.500000
vt 0.800000 0.991794
vt 0.910981 0.500000
vt 0.850000 0.991794
vt 0.897654 0.500000
vt 0.722753 0.991794
vt 0.930087 0.500000
vt 0.950000 0.991794
vt 0.919917 0.500000
vt 0.900000 0.991794
vt 0.940920 0.500000
vt 1.000000 0.991794
vt -0.000000 0.991794
vt 0.408265 0.170603
vt 0.600000 0.945122
vt 0.896528 0.500000
vt 0.700000 0.991794
vt 0.896621 0.500000
vt 0.693997 0.991794
vt 0.093967 0.500000
vt 0.600000 0.994111
vt 0.098673 0.500000
vt 0.050000 0.994648
vt 0.951534 0.500000
vt 0.050000 0.991794
vt 0.072518 0.500000
vt 0.850000 0.994364
vt 0.084401 0.500000
vt 0.650000 0.994116
vt 0.076345 0.500000
vt 0.700000 0.994149
vt 0.070285 0.500000
vt 0.800000 0.994279
vt 0.077317 0.500000
vt 0.900000 0.994452
vt 0.090971 0.500000
vt 1.000000 0.994601
vt -0.000000 0.994601
vt 0.083709 0.500000
vt 0.950000 0.994533
vt 0.071452 0.500000
vt 0.750000 0.994205
vt 0.898967 0.500000
vt 0.750000 0.991794
vt 0.949652 0.500000
vt 0.400000 0.991146
vt 0.901603 0.500000
vt 0.600000 0.991510
vt 0.920226 0.500000
vt 0.500000 0.991264
vt 0.934106 0.500000
vt 0.450000 0.991184
vt 0.909347 0.500000
vt 0.550000 0.991376
vt 0.900000 0.500000
vt 0.617860 0.991562
vt 0.896829 0.500000
vt 0.650000 0.991668
vt 0.569807 0.534781
vt 0.844613 1.000000
vt 0.447837 0.383861
vt 0.524964 0.534781
vt 0.655387 1.000000
vt 0.447837 0.116139
s 0
usemtl tyre
f 2720/3422/1052 2797/3502/1052 2798/3503/1052 2723/3428/1052
f 2728/3433/1053 2467/3157/1053 2464/3153/1053 2724/3429/1053
f 2732/3437/1053 2469/3159/1053 2467/3157/1053 2728/3433/1053
f 2736/3441/1053 2471/3161/1053 2469/3159/1053 2732/3437/1053
f 2740/3445/1053 2473/3163/1053 2471/3161/1053 2736/3441/1053
f 2744/3449/1053 2475/3165/1053 2473/3163/1053 2740/3445/1053
f 2748/3453/1053 2477/3167/1053 2475/3165/1053 2744/3449/1053
f 2752/3457/1053 2479/3169/1053 2477/3167/1053 2748/3453/1053
f 2756/3461/1053 2481/3171/1053 2479/3169/1053 2752/3457/1053
f 2760/3465/1053 2483/3173/1053 2481/3171/1053 2756/3461/1053
f 2764/3469/1053 2485/3175/1053 2483/3173/1053 2760/3465/1053
f 2768/3473/1053 2487/3177/1053 2485/3175/1053 2764/3469/1053
f 2772/3477/1053 2489/3179/1053 2487/3177/1053 2768/3473/1053
f 2776/3481/1053 2491/3181/1053 2489/3179/1053 2772/3477/1053
f 2780/3485/1053 2493/3183/1053 2491/3181/1053 2776/3481/1053
f 2784/3489/1053 2495/3185/1053 2493/3183/1053 2780/3485/1053
f 2788/3493/1053 2497/3187/1053 2495/3185/1053 2784/3489/1053
f 2792/3497/1053 2499/3189/1053 2497/3187/1053 2788/3493/1053
f 2796/3501/1053 2501/3191/1053 2499/3189/1053 2792/3497/1053
f 2721/3423/1053 2463/3151/1053 2501/3191/1053 2796/3501/1053
f 2749/3454/1054 2750/3455/1054 2754/3459/1054 2753/3458/1054
f 2785/3490/1055 2786/3491/1055 2790/3495/1055 2789/3494/1055
f 2867/3621/1056 2468/3158/1056 2470/3160/1056 2868/3622/1056
f 2876/3630/1056 2486/3176/1056 2488/3178/1056 2877/3631/1056
f 2733/3438/1057 2734/3439/1057 2738/3443/1057 2737/3442/1057
f 2769/3474/1058 2770/3475/1058 2774/3479/1058 2773/3478/1058
f 2872/3626/1056 2478/3168/1056 2480/3170/1056 2873/3627/1056
f 2881/3635/1056 2496/3186/1056 2498/3188/1056 2882/3636/1056
f 2753/3458/1059 2754/3459/1059 2758/3463/1059 2757/3462/1059
f 2789/3494/1060 2790/3495/1060 2794/3499/1060 2793/3498/1060
f 2868/3622/1056 2470/3160/1056 2472/3162/1056 2869/3623/1056
f 2877/3631/1056 2488/3178/1056 2490/3180/1056 2878/3632/1056
f 2737/3442/1061 2738/3443/1061 2742/3447/1061 2741/3446/1061
f 2773/3478/1062 2774/3479/1062 2778/3483/1062 2777/3482/1062
f 2873/3627/1056 2480/3170/1056 2482/3172/1056 2874/3628/1056
f 2882/3636/1056 2498/3188/1056 2500/3190/1056 2883/3637/1056
f 2757/3462/1063 2758/3463/1063 2762/3467/1063 2761/3466/1063
f 2793/3498/1064 2794/3499/1064 2798/3503/1064 2797/3502/1064
f 2869/3623/1056 2472/3162/1056 2474/3164/1056 2870/3624/1056
f 2878/3632/1056 2490/3180/1056 2492/3182/1056 2879/3633/1056
f 2720/3421/1065 2723/3427/1065 2726/3431/1065 2725/3430/1065
f 2741/3446/1066 2742/3447/1066 2746/3451/1066 2745/3450/1066
f 2777/3482/1067 2778/3483/1067 2782/3487/1067 2781/3486/1067
f 2885/3640/1056 2502/3192/1056 2466/3155/1056 2884/3639/1056
f 2874/3628/1056 2482/3172/1056 2484/3174/1056 2875/3629/1056
f 2883/3637/1056 2500/3190/1056 2502/3192/1056 2885/3640/1056
f 2761/3466/1068 2762/3467/1068 2766/3471/1068 2765/3470/1068
f 2870/3624/1056 2474/3164/1056 2476/3166/1056 2871/3625/1056
f 2879/3633/1056 2492/3182/1056 2494/3184/1056 2880/3634/1056
f 2745/3450/1069 2746/3451/1069 2750/3455/1069 2749/3454/1069
f 2781/3486/1070 2782/3487/1070 2786/3491/1070 2785/3490/1070
f 2866/3620/1056 2465/3154/1056 2468/3158/1056 2867/3621/1056
f 2875/3629/1056 2484/3174/1056 2486/3176/1056 2876/3630/1056
f 2884/3638/1056 2466/3156/1056 2465/3154/1056 2866/3620/1056
f 2729/3434/1071 2730/3435/1071 2734/3439/1071 2733/3438/1071
f 2765/3470/1072 2766/3471/1072 2770/3475/1072 2769/3474/1072
f 2725/3430/1073 2726/3431/1073 2730/3435/1073 2729/3434/1073
f 2871/3625/1056 2476/3166/1056 2478/3168/1056 2872/3626/1056
f 2880/3634/1056 2494/3184/1056 2496/3186/1056 2881/3635/1056
f 2463/3152/1068 2464/3153/1068 2504/3195/1068 2503/3194/1068
f 2489/3179/1057 2491/3181/1057 2517/3209/1057 2549/3241/1057
f 2471/3161/1067 2473/3163/1067 2523/3215/1067 2519/3211/1067
f 2500/3190/1054 2498/3188/1054 2559/3252/1054 2527/3219/1054
f 2482/3172/1064 2480/3170/1064 2533/3225/1064 2535/3227/1064
f 2497/3187/1054 2499/3189/1054 2544/3236/1054 2558/3251/1054
f 2479/3169/1064 2481/3171/1064 2536/3228/1064 2532/3224/1064
f 2490/3180/1071 2488/3178/1071 2547/3239/1071 2550/3242/1071
f 2472/3162/1062 2470/3160/1062 2516/3208/1062 2520/3212/1062
f 2487/3177/1071 2489/3179/1071 2549/3241/1071 2546/3238/1071
f 2469/3159/1062 2471/3161/1062 2519/3211/1062 2515/3207/1062
f 2498/3188/1069 2496/3186/1069 2556/3249/1069 2559/3252/1069
f 2480/3170/1060 2478/3168/1060 2529/3221/1060 2533/3225/1060
f 2495/3185/1069 2497/3187/1069 2558/3251/1069 2555/3248/1069
f 2477/3167/1060 2479/3169/1060 2532/3224/1060 2528/3220/1060
f 2488/3178/1073 2486/3176/1073 2543/3235/1073 2547/3239/1073
f 2470/3160/1058 2468/3158/1058 2512/3204/1058 2516/3208/1058
f 2485/3175/1073 2487/3177/1073 2546/3238/1073 2542/3234/1073
f 2467/3157/1058 2469/3159/1058 2515/3207/1058 2511/3203/1058
f 2496/3186/1066 2494/3184/1066 2507/3199/1066 2556/3249/1066
f 2478/3168/1055 2476/3166/1055 2509/3201/1055 2529/3221/1055
f 2493/3183/1066 2495/3185/1066 2555/3248/1066 2514/3206/1066
f 2475/3165/1055 2477/3167/1055 2528/3220/1055 2522/3214/1055
f 2466/3155/1063 2502/3192/1063 2530/3222/1063 2506/3197/1063
f 2486/3176/1065 2484/3174/1065 2537/3229/1065 2543/3235/1065
f 2468/3158/1072 2465/3154/1072 2505/3196/1072 2512/3204/1072
f 2501/3191/1063 2463/3151/1063 2503/3193/1063 2541/3233/1063
f 2483/3173/1065 2485/3175/1065 2542/3234/1065 2539/3231/1065
f 2464/3153/1072 2467/3157/1072 2511/3203/1072 2504/3195/1072
f 2494/3184/1061 2492/3182/1061 2552/3244/1061 2507/3199/1061
f 2476/3166/1070 2474/3164/1070 2524/3216/1070 2509/3201/1070
f 2491/3181/1061 2493/3183/1061 2514/3206/1061 2517/3209/1061
f 2473/3163/1070 2475/3165/1070 2522/3214/1070 2523/3215/1070
f 2502/3192/1059 2500/3190/1059 2527/3219/1059 2530/3222/1059
f 2484/3174/1052 2482/3172/1052 2535/3227/1052 2537/3229/1052
f 2499/3189/1059 2501/3191/1059 2541/3233/1059 2544/3236/1059
f 2481/3171/1052 2483/3173/1052 2539/3231/1052 2536/3228/1052
f 2465/3154/1068 2466/3156/1068 2506/3198/1068 2505/3196/1068
f 2492/3182/1057 2490/3180/1057 2550/3242/1057 2552/3244/1057
f 2474/3164/1067 2472/3162/1067 2520/3212/1067 2524/3216/1067
f 2636/3333/1086 2699/3400/1086 2718/3419/1086
f 2548/3240/1053 2588/3282/1053 2617/3313/1053 2614/3310/1053
f 2672/3371/1118 2688/3387/1118 2635/3332/1118
f 2706/3407/1177 2687/3386/1177 2716/3417/1177
f 2707/3408/1182 2682/3381/1182 2708/3409/1182
f 2696/3397/1188 2719/3420/1188 2697/3398/1188
f 2698/3399/1190 2718/3419/1190 2699/3400/1190
f 2631/3327/1209 2713/3414/1209 2694/3393/1209
f 2633/3330/1224 2684/3383/1224 2715/3416/1224
f 2721/3424/1228 2720/3421/1228 2725/3430/1228 2724/3429/1228
f 2727/3432/1229 2726/3431/1229 2723/3427/1229 2722/3425/1229
f 2724/3429/1230 2725/3430/1230 2729/3434/1230 2728/3433/1230
f 2727/3432/1231 2731/3436/1231 2730/3435/1231 2726/3431/1231
f 2728/3433/1232 2729/3434/1232 2733/3438/1232 2732/3437/1232
f 2731/3436/1233 2735/3440/1233 2734/3439/1233 2730/3435/1233
f 2732/3437/1234 2733/3438/1234 2737/3442/1234 2736/3441/1234
f 2735/3440/1235 2739/3444/1235 2738/3443/1235 2734/3439/1235
f 2736/3441/1236 2737/3442/1236 2741/3446/1236 2740/3445/1236
f 2743/3448/1237 2742/3447/1237 2738/3443/1237 2739/3444/1237
f 2740/3445/1238 2741/3446/1238 2745/3450/1238 2744/3449/1238
f 2743/3448/1239 2747/3452/1239 2746/3451/1239 2742/3447/1239
f 2744/3449/1240 2745/3450/1240 2749/3454/1240 2748/3453/1240
f 2747/3452/1241 2751/3456/1241 2750/3455/1241 2746/3451/1241
f 2748/3453/1242 2749/3454/1242 2753/3458/1242 2752/3457/1242
f 2751/3456/1243 2755/3460/1243 2754/3459/1243 2750/3455/1243
f 2752/3457/1244 2753/3458/1244 2757/3462/1244 2756/3461/1244
f 2759/3464/1245 2758/3463/1245 2754/3459/1245 2755/3460/1245
f 2756/3461/1246 2757/3462/1246 2761/3466/1246 2760/3465/1246
f 2759/3464/1247 2763/3468/1247 2762/3467/1247 2758/3463/1247
f 2760/3465/1248 2761/3466/1248 2765/3470/1248 2764/3469/1248
f 2763/3468/1249 2767/3472/1249 2766/3471/1249 2762/3467/1249
f 2764/3469/1250 2765/3470/1250 2769/3474/1250 2768/3473/1250
f 2771/3476/1251 2770/3475/1251 2766/3471/1251 2767/3472/1251
f 2768/3473/1252 2769/3474/1252 2773/3478/1252 2772/3477/1252
f 2771/3476/1253 2775/3480/1253 2774/3479/1253 2770/3475/1253
f 2772/3477/1254 2773/3478/1254 2777/3482/1254 2776/3481/1254
f 2779/3484/1255 2778/3483/1255 2774/3479/1255 2775/3480/1255
f 2776/3481/1256 2777/3482/1256 2781/3486/1256 2780/3485/1256
f 2779/3484/1257 2783/3488/1257 2782/3487/1257 2778/3483/1257
f 2780/3485/1258 2781/3486/1258 2785/3490/1258 2784/3489/1258
f 2783/3488/1259 2787/3492/1259 2786/3491/1259 2782/3487/1259
f 2784/3489/1260 2785/3490/1260 2789/3494/1260 2788/3493/1260
f 2787/3492/1261 2791/3496/1261 2790/3495/1261 2786/3491/1261
f 2788/3493/1262 2789/3494/1262 2793/3498/1262 2792/3497/1262
f 2791/3496/1263 2795/3500/1263 2794/3499/1263 2790/3495/1263
f 2792/3497/1264 2793/3498/1264 2797/3502/1264 2796/3501/1264
f 2795/3500/1265 2799/3504/1265 2798/3503/1265 2794/3499/1265
f 2721/3423/1266 2796/3501/1266 2797/3502/1266 2720/3422/1266
f 2722/3426/1267 2723/3428/1267 2798/3503/1267 2799/3504/1267
f 2724/3429/1053 2464/3153/1053 2463/3152/1053 2721/3424/1053
f 2838/3583/1268 2800/3505/1268 2802/3509/1268 2815/3535/1268 2818/3541/1268 2821/3548/1268 2833/3573/1268
f 2783/3488/1056 2862/3616/1056 2863/3617/1056 2787/3492/1056
f 2747/3452/1056 2853/3607/1056 2854/3608/1056 2751/3456/1056
f 2722/3425/1056 2846/3599/1056 2847/3601/1056 2727/3432/1056
f 2763/3468/1056 2857/3611/1056 2858/3612/1056 2767/3472/1056
f 2727/3432/1056 2847/3601/1056 2849/3603/1056 2731/3436/1056
f 2779/3484/1056 2861/3615/1056 2862/3616/1056 2783/3488/1056
f 2743/3448/1056 2852/3606/1056 2853/3607/1056 2747/3452/1056
f 2795/3500/1056 2865/3619/1056 2848/3602/1056 2799/3504/1056
f 2759/3464/1056 2856/3610/1056 2857/3611/1056 2763/3468/1056
f 2799/3504/1056 2848/3602/1056 2846/3600/1056 2722/3426/1056
f 2775/3480/1056 2860/3614/1056 2861/3615/1056 2779/3484/1056
f 2739/3444/1056 2851/3605/1056 2852/3606/1056 2743/3448/1056
f 2791/3496/1056 2864/3618/1056 2865/3619/1056 2795/3500/1056
f 2755/3460/1056 2855/3609/1056 2856/3610/1056 2759/3464/1056
f 2771/3476/1056 2859/3613/1056 2860/3614/1056 2775/3480/1056
f 2735/3440/1056 2850/3604/1056 2851/3605/1056 2739/3444/1056
f 2787/3492/1056 2863/3617/1056 2864/3618/1056 2791/3496/1056
f 2751/3456/1056 2854/3608/1056 2855/3609/1056 2755/3460/1056
f 2767/3472/1056 2858/3612/1056 2859/3613/1056 2771/3476/1056
f 2731/3436/1056 2849/3603/1056 2850/3604/1056 2735/3440/1056
f 2886/3641/1053 2887/3644/1053 2888/3646/1053 2889/3648/1053 2890/3650/1053 2891/3652/1053 2892/3654/1053 2893/3656/1053 2894/3658/1053 2895/3660/1053 2896/3662/1053 2897/3664/1053 2898/3666/1053 2899/3668/1053 2900/3670/1053 2901/3672/1053 2902/3674/1053 2903/3676/1053 2904/3678/1053 2905/3680/1053
f 2906/3682/1053 2907/3685/1053 2908/3687/1053 2909/3689/1053 2910/3691/1053 2911/3693/1053 2912/3695/1053 2913/3697/1053 2914/3699/1053 2915/3701/1053 2916/3703/1053 2917/3705/1053 2918/3707/1053 2919/3709/1053 2920/3711/1053 2921/3713/1053 2922/3715/1053 2923/3717/1053 2924/3719/1053 2925/3721/1053
f 2926/3723/1053 2927/3726/1053 2928/3728/1053 2929/3730/1053 2930/3732/1053 2931/3734/1053 2932/3736/1053 2933/3738/1053 2934/3740/1053 2935/3742/1053 2936/3744/1053 2937/3746/1053 2938/3748/1053 2939/3750/1053 2940/3752/1053 2941/3754/1053 2942/3756/1053 2943/3758/1053 2944/3760/1053 2945/3762/1053
f 2950/3774/1270 2951/3775/1270 2953/3779/1270 2952/3777/1270
f 2952/3777/1271 2953/3779/1271 2955/3783/1271 2954/3782/1271
f 2946/3764/1053 2947/3767/1053 2948/3769/1053 2949/3771/1053 2950/3773/1053 2952/3778/1053 2954/3781/1053 2956/3785/1053 2957/3787/1053 2958/3789/1053 2959/3791/1053 2960/3793/1053 2961/3795/1053 2962/3797/1053 2963/3799/1053 2964/3801/1053 2965/3803/1053 2966/3805/1053 2967/3807/1053 2968/3809/1053
f 2969/3811/1053 2970/3814/1053 2971/3816/1053 2972/3818/1053 2973/3820/1053 2974/3822/1053 2975/3824/1053 2976/3826/1053 2977/3828/1053 2978/3830/1053 2979/3832/1053 2980/3834/1053 2981/3836/1053 2982/3838/1053 2983/3840/1053 2984/3842/1053 2985/3844/1053 2986/3846/1053 2987/3848/1053 2988/3850/1053
f 2989/3852/1056 3008/3891/1056 3007/3889/1056 3006/3887/1056 3005/3885/1056 3004/3883/1056 3003/3881/1056 3002/3879/1056 3001/3877/1056 3000/3875/1056 2999/3873/1056 2998/3871/1056 2997/3869/1056 2996/3867/1056 2995/3865/1056 2994/3863/1056 2993/3861/1056 2992/3859/1056 2991/3857/1056 2990/3855/1056
f 3009/3893/1056 3028/3932/1056 3027/3930/1056 3026/3928/1056 3025/3926/1056 3024/3924/1056 3023/3922/1056 3022/3920/1056 3021/3918/1056 3020/3916/1056 3019/3914/1056 3018/3912/1056 3017/3910/1056 3016/3908/1056 3015/3906/1056 3014/3904/1056 3013/3902/1056 3012/3900/1056 3011/3898/1056 3010/3896/1056
f 3029/3934/1056 3048/3973/1056 3047/3971/1056 3046/3969/1056 3045/3967/1056 3044/3965/1056 3043/3963/1056 3042/3961/1056 3041/3959/1056 3040/3957/1056 3039/3955/1056 3038/3953/1056 3037/3951/1056 3036/3949/1056 3035/3947/1056 3034/3945/1056 3033/3943/1056 3032/3941/1056 3031/3939/1056 3030/3937/1056
f 3053/3985/1272 3055/3988/1272 3056/3990/1272 3054/3986/1272
f 3055/3988/1273 3057/3993/1273 3058/3994/1273 3056/3990/1273
f 3049/3975/1056 3071/4020/1056 3070/4018/1056 3069/4016/1056 3068/4014/1056 3067/4012/1056 3066/4010/1056 3065/4008/1056 3064/4006/1056 3063/4004/1056 3062/4002/1056 3061/4000/1056 3060/3998/1056 3059/3996/1056 3057/3992/1056 3055/3989/1056 3053/3984/1056 3052/3982/1056 3051/3980/1056 3050/3978/1056
f 3072/4022/1056 3091/4061/1056 3090/4059/1056 3089/4057/1056 3088/4055/1056 3087/4053/1056 3086/4051/1056 3085/4049/1056 3084/4047/1056 3083/4045/1056 3082/4043/1056 3081/4041/1056 3080/4039/1056 3079/4037/1056 3078/4035/1056 3077/4033/1056 3076/4031/1056 3075/4029/1056 3074/4027/1056 3073/4025/1056
f 3349/4334/1065 3426/4414/1065 3427/4415/1065 3352/4340/1065
f 3357/4345/1056 3096/4069/1056 3093/4065/1056 3353/4341/1056
f 3361/4349/1056 3098/4071/1056 3096/4069/1056 3357/4345/1056
f 3365/4353/1056 3100/4073/1056 3098/4071/1056 3361/4349/1056
f 3369/4357/1056 3102/4075/1056 3100/4073/1056 3365/4353/1056
f 3373/4361/1056 3104/4077/1056 3102/4075/1056 3369/4357/1056
f 3377/4365/1056 3106/4079/1056 3104/4077/1056 3373/4361/1056
f 3381/4369/1056 3108/4081/1056 3106/4079/1056 3377/4365/1056
f 3385/4373/1056 3110/4083/1056 3108/4081/1056 3381/4369/1056
f 3389/4377/1056 3112/4085/1056 3110/4083/1056 3385/4373/1056
f 3393/4381/1056 3114/4087/1056 3112/4085/1056 3389/4377/1056
f 3397/4385/1056 3116/4089/1056 3114/4087/1056 3393/4381/1056
f 3401/4389/1056 3118/4091/1056 3116/4089/1056 3397/4385/1056
f 3405/4393/1056 3120/4093/1056 3118/4091/1056 3401/4389/1056
f 3409/4397/1056 3122/4095/1056 3120/4093/1056 3405/4393/1056
f 3413/4401/1056 3124/4097/1056 3122/4095/1056 3409/4397/1056
f 3417/4405/1056 3126/4099/1056 3124/4097/1056 3413/4401/1056
f 3421/4409/1056 3128/4101/1056 3126/4099/1056 3417/4405/1056
f 3425/4413/1056 3130/4103/1056 3128/4101/1056 3421/4409/1056
f 3350/4335/1056 3092/4063/1056 3130/4103/1056 3425/4413/1056
f 3378/4366/1058 3379/4367/1058 3383/4371/1058 3382/4370/1058
f 3414/4402/1057 3415/4403/1057 3419/4407/1057 3418/4406/1057
f 3496/4533/1053 3097/4070/1053 3099/4072/1053 3497/4534/1053
f 3505/4542/1053 3115/4088/1053 3117/4090/1053 3506/4543/1053
f 3362/4350/1055 3363/4351/1055 3367/4355/1055 3366/4354/1055
f 3398/4386/1054 3399/4387/1054 3403/4391/1054 3402/4390/1054
f 3501/4538/1053 3107/4080/1053 3109/4082/1053 3502/4539/1053
f 3510/4547/1053 3125/4098/1053 3127/4100/1053 3511/4548/1053
f 3382/4370/1072 3383/4371/1072 3387/4375/1072 3386/4374/1072
f 3418/4406/1071 3419/4407/1071 3423/4411/1071 3422/4410/1071
f 3497/4534/1053 3099/4072/1053 3101/4074/1053 3498/4535/1053
f 3506/4543/1053 3117/4090/1053 3119/4092/1053 3507/4544/1053
f 3366/4354/1070 3367/4355/1070 3371/4359/1070 3370/4358/1070
f 3402/4390/1069 3403/4391/1069 3407/4395/1069 3406/4394/1069
f 3502/4539/1053 3109/4082/1053 3111/4084/1053 3503/4540/1053
f 3511/4548/1053 3127/4100/1053 3129/4102/1053 3512/4549/1053
f 3386/4374/1068 3387/4375/1068 3391/4379/1068 3390/4378/1068
f 3422/4410/1073 3423/4411/1073 3427/4415/1073 3426/4414/1073
f 3498/4535/1053 3101/4074/1053 3103/4076/1053 3499/4536/1053
f 3507/4544/1053 3119/4092/1053 3121/4094/1053 3508/4545/1053
f 3349/4333/1052 3352/4339/1052 3355/4343/1052 3354/4342/1052
f 3370/4358/1067 3371/4359/1067 3375/4363/1067 3374/4362/1067
f 3406/4394/1066 3407/4395/1066 3411/4399/1066 3410/4398/1066
f 3514/4552/1053 3131/4104/1053 3095/4067/1053 3513/4551/1053
f 3503/4540/1053 3111/4084/1053 3113/4086/1053 3504/4541/1053
f 3512/4549/1053 3129/4102/1053 3131/4104/1053 3514/4552/1053
f 3390/4378/1063 3391/4379/1063 3395/4383/1063 3394/4382/1063
f 3499/4536/1053 3103/4076/1053 3105/4078/1053 3500/4537/1053
f 3508/4545/1053 3121/4094/1053 3123/4096/1053 3509/4546/1053
f 3374/4362/1062 3375/4363/1062 3379/4367/1062 3378/4366/1062
f 3410/4398/1061 3411/4399/1061 3415/4403/1061 3414/4402/1061
f 3495/4532/1053 3094/4066/1053 3097/4070/1053 3496/4533/1053
f 3504/4541/1053 3113/4086/1053 3115/4088/1053 3505/4542/1053
f 3513/4550/1053 3095/4068/1053 3094/4066/1053 3495/4532/1053
f 3358/4346/1060 3359/4347/1060 3363/4351/1060 3362/4350/1060
f 3394/4382/1059 3395/4383/1059 3399/4387/1059 3398/4386/1059
f 3354/4342/1064 3355/4343/1064 3359/4347/1064 3358/4346/1064
f 3500/4537/1053 3105/4078/1053 3107/4080/1053 3501/4538/1053
f 3509/4546/1053 3123/4096/1053 3125/4098/1053 3510/4547/1053
f 3092/4064/1063 3093/4065/1063 3133/4107/1063 3132/4106/1063
f 3118/4091/1055 3120/4093/1055 3146/4121/1055 3177/4152/1055
f 3100/4073/1066 3102/4075/1066 3152/4127/1066 3148/4123/1066
f 3129/4102/1058 3127/4100/1058 3187/4163/1058 3156/4131/1058
f 3111/4084/1073 3109/4082/1073 3162/4137/1073 3164/4139/1073
f 3126/4099/1058 3128/4101/1058 3173/4148/1058 3186/4162/1058
f 3108/4081/1073 3110/4083/1073 3165/4140/1073 3161/4136/1073
f 3119/4092/1060 3117/4090/1060 3175/4150/1060 3178/4153/1060
f 3101/4074/1069 3099/4072/1069 3145/4120/1069 3149/4124/1069
f 3116/4089/1060 3118/4091/1060 3177/4152/1060 3174/4149/1060
f 3098/4071/1069 3100/4073/1069 3148/4123/1069 3144/4119/1069
f 3127/4100/1062 3125/4098/1062 3184/4160/1062 3187/4163/1062
f 3109/4082/1071 3107/4080/1071 3158/4133/1071 3162/4137/1071
f 3124/4097/1062 3126/4099/1062 3186/4162/1062 3183/4159/1062
f 3106/4079/1071 3108/4081/1071 3161/4136/1071 3157/4132/1071
f 3117/4090/1064 3115/4088/1064 3172/4147/1064 3175/4150/1064
f 3099/4072/1054 3097/4070/1054 3141/4116/1054 3145/4120/1054
f 3114/4087/1064 3116/4089/1064 3174/4149/1064 3171/4146/1064
f 3096/4069/1054 3098/4071/1054 3144/4119/1054 3140/4115/1054
f 3125/4098/1067 3123/4096/1067 3136/4111/1067 3184/4160/1067
f 3107/4080/1057 3105/4078/1057 3138/4113/1057 3158/4133/1057
f 3122/4095/1067 3124/4097/1067 3183/4159/1067 3143/4118/1067
f 3104/4077/1057 3106/4079/1057 3157/4132/1057 3151/4126/1057
f 3095/4067/1068 3131/4104/1068 3159/4134/1068 3135/4109/1068
f 3115/4088/1052 3113/4086/1052 3166/4141/1052 3172/4147/1052
f 3097/4070/1059 3094/4066/1059 3134/4108/1059 3141/4116/1059
f 3130/4103/1068 3092/4063/1068 3132/4105/1068 3170/4145/1068
f 3112/4085/1052 3114/4087/1052 3171/4146/1052 3168/4143/1052
f 3093/4065/1059 3096/4069/1059 3140/4115/1059 3133/4107/1059
f 3123/4096/1070 3121/4094/1070 3180/4155/1070 3136/4111/1070
f 3105/4078/1061 3103/4076/1061 3153/4128/1061 3138/4113/1061
f 3120/4093/1070 3122/4095/1070 3143/4118/1070 3146/4121/1070
f 3102/4075/1061 3104/4077/1061 3151/4126/1061 3152/4127/1061
f 3131/4104/1072 3129/4102/1072 3156/4131/1072 3159/4134/1072
f 3113/4086/1065 3111/4084/1065 3164/4139/1065 3166/4141/1065
f 3128/4101/1072 3130/4103/1072 3170/4145/1072 3173/4148/1072
f 3110/4083/1065 3112/4085/1065 3168/4143/1065 3165/4140/1065
f 3094/4066/1063 3095/4068/1063 3135/4110/1063 3134/4108/1063
f 3121/4094/1055 3119/4092/1055 3178/4153/1055 3180/4155/1055
f 3103/4076/1066 3101/4074/1066 3149/4124/1066 3153/4128/1066
f 3265/4245/1285 3328/4312/1285 3347/4331/1285
f 3176/4151/1056 3216/4193/1056 3247/4226/1056 3244/4223/1056
f 3301/4283/1314 3317/4299/1314 3264/4244/1314
f 3335/4319/1361 3316/4298/1361 3345/4329/1361
f 3336/4320/1366 3311/4293/1366 3337/4321/1366
f 3325/4309/1372 3348/4332/1372 3326/4310/1372
f 3327/4311/1374 3347/4331/1374 3328/4312/1374
f 3260/4239/1392 3342/4326/1392 3323/4305/1392
f 3262/4242/1404 3313/4295/1404 3344/4328/1404
f 3350/4336/1267 3349/4333/1267 3354/4342/1267 3353/4341/1267
f 3356/4344/1266 3355/4343/1266 3352/4339/1266 3351/4337/1266
f 3353/4341/1408 3354/4342/1408 3358/4346/1408 3357/4345/1408
f 3356/4344/1264 3360/4348/1264 3359/4347/1264 3355/4343/1264
f 3357/4345/1263 3358/4346/1263 3362/4350/1263 3361/4349/1263
f 3360/4348/1262 3364/4352/1262 3363/4351/1262 3359/4347/1262
f 3361/4349/1409 3362/4350/1409 3366/4354/1409 3365/4353/1409
f 3364/4352/1260 3368/4356/1260 3367/4355/1260 3363/4351/1260
f 3365/4353/1259 3366/4354/1259 3370/4358/1259 3369/4357/1259
f 3372/4360/1258 3371/4359/1258 3367/4355/1258 3368/4356/1258
f 3369/4357/1257 3370/4358/1257 3374/4362/1257 3373/4361/1257
f 3372/4360/1256 3376/4364/1256 3375/4363/1256 3371/4359/1256
f 3373/4361/1255 3374/4362/1255 3378/4366/1255 3377/4365/1255
f 3376/4364/1410 3380/4368/1410 3379/4367/1410 3375/4363/1410
f 3377/4365/1253 3378/4366/1253 3382/4370/1253 3381/4369/1253
f 3380/4368/1252 3384/4372/1252 3383/4371/1252 3379/4367/1252
f 3381/4369/1411 3382/4370/1411 3386/4374/1411 3385/4373/1411
f 3388/4376/1250 3387/4375/1250 3383/4371/1250 3384/4372/1250
f 3385/4373/1249 3386/4374/1249 3390/4378/1249 3389/4377/1249
f 3388/4376/1248 3392/4380/1248 3391/4379/1248 3387/4375/1248
f 3389/4377/1247 3390/4378/1247 3394/4382/1247 3393/4381/1247
f 3392/4380/1246 3396/4384/1246 3395/4383/1246 3391/4379/1246
f 3393/4381/1412 3394/4382/1412 3398/4386/1412 3397/4385/1412
f 3400/4388/1244 3399/4387/1244 3395/4383/1244 3396/4384/1244
f 3397/4385/1243 3398/4386/1243 3402/4390/1243 3401/4389/1243
f 3400/4388/1242 3404/4392/1242 3403/4391/1242 3399/4387/1242
f 3401/4389/1413 3402/4390/1413 3406/4394/1413 3405/4393/1413
f 3408/4396/1240 3407/4395/1240 3403/4391/1240 3404/4392/1240
f 3405/4393/1239 3406/4394/1239 3410/4398/1239 3409/4397/1239
f 3408/4396/1238 3412/4400/1238 3411/4399/1238 3407/4395/1238
f 3409/4397/1237 3410/4398/1237 3414/4402/1237 3413/4401/1237
f 3412/4400/1236 3416/4404/1236 3415/4403/1236 3411/4399/1236
f 3413/4401/1414 3414/4402/1414 3418/4406/1414 3417/4405/1414
f 3416/4404/1234 3420/4408/1234 3419/4407/1234 3415/4403/1234
f 3417/4405/1233 3418/4406/1233 3422/4410/1233 3421/4409/1233
f 3420/4408/1232 3424/4412/1232 3423/4411/1232 3419/4407/1232
f 3421/4409/1415 3422/4410/1415 3426/4414/1415 3425/4413/1415
f 3424/4412/1230 3428/4416/1230 3427/4415/1230 3423/4411/1230
f 3350/4335/1229 3425/4413/1229 3426/4414/1229 3349/4334/1229
f 3351/4338/1228 3352/4340/1228 3427/4415/1228 3428/4416/1228
f 3353/4341/1056 3093/4065/1056 3092/4064/1056 3350/4336/1056
f 3467/4495/1268 3429/4417/1268 3431/4421/1268 3446/4451/1268 3449/4457/1268 3452/4464/1268 3462/4485/1268
f 3412/4400/1053 3491/4528/1053 3492/4529/1053 3416/4404/1053
f 3376/4364/1053 3482/4519/1053 3483/4520/1053 3380/4368/1053
f 3351/4337/1053 3475/4511/1053 3476/4513/1053 3356/4344/1053
f 3392/4380/1053 3486/4523/1053 3487/4524/1053 3396/4384/1053
f 3356/4344/1053 3476/4513/1053 3478/4515/1053 3360/4348/1053
f 3408/4396/1053 3490/4527/1053 3491/4528/1053 3412/4400/1053
f 3372/4360/1053 3481/4518/1053 3482/4519/1053 3376/4364/1053
f 3424/4412/1053 3494/4531/1053 3477/4514/1053 3428/4416/1053
f 3388/4376/1053 3485/4522/1053 3486/4523/1053 3392/4380/1053
f 3428/4416/1053 3477/4514/1053 3475/4512/1053 3351/4338/1053
f 3404/4392/1053 3489/4526/1053 3490/4527/1053 3408/4396/1053
f 3368/4356/1053 3480/4517/1053 3481/4518/1053 3372/4360/1053
f 3420/4408/1053 3493/4530/1053 3494/4531/1053 3424/4412/1053
f 3384/4372/1053 3484/4521/1053 3485/4522/1053 3388/4376/1053
f 3400/4388/1053 3488/4525/1053 3489/4526/1053 3404/4392/1053
f 3364/4352/1053 3479/4516/1053 3480/4517/1053 3368/4356/1053
f 3416/4404/1053 3492/4529/1053 3493/4530/1053 3420/4408/1053
f 3380/4368/1053 3483/4520/1053 3484/4521/1053 3384/4372/1053
f 3396/4384/1053 3487/4524/1053 3488/4525/1053 3400/4388/1053
f 3360/4348/1053 3478/4515/1053 3479/4516/1053 3364/4352/1053
f 2989/3853/1416 2990/3856/1416 3517/4557/1416 3518/4559/1416
f 2990/3856/1417 2991/3858/1417 3520/4564/1417 3517/4557/1417
f 2991/3858/1418 2992/3860/1418 3524/4572/1418 3526/4576/1418 3520/4564/1418
f 2992/3860/1419 2993/3862/1419 3530/4584/1419 3524/4572/1419
f 3530/4584/1420 2993/3862/1420 2994/3864/1420 3534/4592/1420
f 2995/3866/1421 3536/4596/1421 3534/4592/1421 2994/3864/1421
f 2996/3868/1422 3540/4604/1422 3536/4596/1422 2995/3866/1422
f 2997/3870/1423 3542/4608/1423 3540/4604/1423 2996/3868/1423
f 2998/3872/1424 3545/4614/1424 3542/4608/1424 2997/3870/1424
f 2999/3874/1425 3549/4622/1425 3550/4624/1425 3545/4614/1425 2998/3872/1425
f 3000/3876/1426 3555/4635/1426 3554/4633/1426 3549/4622/1426 2999/3874/1426
f 3001/3878/1427 3557/4639/1427 3555/4635/1427 3000/3876/1427
f 3002/3880/1428 3567/4659/1428 3557/4639/1428 3001/3878/1428
f 3567/4659/1429 3002/3880/1429 3003/3882/1429 3583/4694/1429 3582/4691/1429
f 3583/4694/1430 3003/3882/1430 3004/3884/1430 3584/4696/1430
f 3584/4696/1431 3004/3884/1431 3005/3886/1431 3585/4698/1431
f 3588/4705/1432 3585/4698/1432 3005/3886/1432 3006/3888/1432 3587/4703/1432
f 3006/3888/1433 3007/3890/1433 3590/4711/1433 3587/4703/1433
f 3007/3890/1434 3008/3892/1434 3591/4713/1434 3590/4711/1434
f 3008/3892/1435 2989/3854/1435 3518/4560/1435 3591/4713/1435
f 3010/3897/1436 3593/4718/1436 3592/4715/1436 3009/3894/1436
f 3593/4718/1437 3010/3897/1437 3011/3899/1437 3595/4723/1437 3594/4720/1437
f 3011/3899/1438 3012/3901/1438 3596/4725/1438 3595/4723/1438
f 3012/3901/1439 3013/3903/1439 3597/4727/1439 3596/4725/1439
f 3597/4727/1440 3013/3903/1440 3014/3905/1440 3598/4729/1440
f 3598/4729/1441 3014/3905/1441 3015/3907/1441 3600/4733/1441
f 3015/3907/1442 3016/3909/1442 3603/4739/1442 3600/4733/1442
f 3016/3909/1443 3017/3911/1443 3604/4741/1443 3603/4739/1443
f 3609/4751/1444 3604/4741/1444 3017/3911/1444 3018/3913/1444 3607/4747/1444
f 3607/4747/1445 3018/3913/1445 3019/3915/1445 3612/4758/1445
f 3612/4758/1446 3019/3915/1446 3020/3917/1446 3615/4764/1446
f 3615/4764/1447 3020/3917/1447 3021/3919/1447 3618/4770/1447
f 3621/4776/1448 3618/4770/1448 3021/3919/1448 3022/3921/1448 3620/4774/1448
f 3620/4774/1449 3022/3921/1449 3023/3923/1449 3622/4778/1449
f 3622/4778/1450 3023/3923/1450 3024/3925/1450 3623/4780/1450
f 3623/4780/1451 3024/3925/1451 3025/3927/1451 3624/4782/1451
f 3624/4782/1452 3025/3927/1452 3026/3929/1452 3625/4784/1452
f 3027/3931/1453 3627/4788/1453 3625/4784/1453 3026/3929/1453
f 3028/3933/1454 3628/4790/1454 3627/4788/1454 3027/3931/1454
f 3009/3895/1455 3592/4716/1455 3628/4790/1455 3028/3933/1455
f 3030/3938/1456 3632/4798/1456 3581/4688/1456 3029/3935/1456
f 3031/3940/1457 3631/4796/1457 3632/4798/1457 3030/3938/1457
f 3032/3942/1458 3633/4800/1458 3631/4796/1458 3031/3940/1458
f 3033/3944/1459 3630/4794/1459 3633/4800/1459 3032/3942/1459
f 3034/3946/1460 3626/4786/1460 3630/4794/1460 3033/3944/1460
f 3035/3948/1461 3629/4792/1461 3626/4786/1461 3034/3946/1461
f 3629/4792/1462 3035/3948/1462 3036/3950/1462 3516/4555/1462
f 3516/4555/1463 3036/3950/1463 3037/3952/1463 3521/4566/1463
f 3521/4566/1464 3037/3952/1464 3038/3954/1464 3522/4568/1464 3525/4574/1464
f 3522/4568/1465 3038/3954/1465 3039/3956/1465 3527/4578/1465
f 3527/4578/1466 3039/3956/1466 3040/3958/1466 3531/4586/1466
f 3531/4586/1467 3040/3958/1467 3041/3960/1467 3535/4594/1467
f 3535/4594/1468 3041/3960/1468 3042/3962/1468 3538/4600/1468
f 3538/4600/1469 3042/3962/1469 3043/3964/1469 3541/4606/1469
f 3541/4606/1470 3043/3964/1470 3044/3966/1470 3544/4612/1470
f 3544/4612/1471 3044/3966/1471 3045/3968/1471 3548/4620/1471
f 3548/4620/1472 3045/3968/1472 3046/3970/1472 3556/4637/1472
f 3556/4637/1473 3046/3970/1473 3047/3972/1473 3562/4649/1473
f 3048/3974/1474 3568/4661/1474 3569/4663/1474 3562/4649/1474 3047/3972/1474
f 3029/3936/1475 3581/4689/1475 3568/4661/1475 3048/3974/1475
f 3050/3979/1476 3570/4665/1476 3571/4667/1476 3049/3976/1476
f 3051/3981/1477 3564/4653/1477 3570/4665/1477 3050/3979/1477
f 3052/3983/1478 3558/4641/1478 3564/4653/1478 3051/3981/1478
f 3053/3985/1479 3054/3986/1479 3586/4700/1479 3561/4647/1479 3558/4641/1479 3052/3983/1479
f 3058/3994/1480 3057/3993/1480 3059/3997/1480 3559/4643/1480 3560/4645/1480 3589/4708/1480
f 3559/4643/1481 3059/3997/1481 3060/3999/1481 3563/4651/1481
f 3563/4651/1482 3060/3999/1482 3061/4001/1482 3565/4655/1482
f 3565/4655/1483 3061/4001/1483 3062/4003/1483 3566/4657/1483
f 3566/4657/1484 3062/4003/1484 3063/4005/1484 3573/4672/1484
f 3573/4672/1485 3063/4005/1485 3064/4007/1485 3574/4674/1485
f 3574/4674/1486 3064/4007/1486 3065/4009/1486 3575/4676/1486
f 3575/4676/1487 3065/4009/1487 3066/4011/1487 3578/4682/1487
f 3578/4682/1488 3066/4011/1488 3067/4013/1488 3577/4680/1488
f 3577/4680/1489 3067/4013/1489 3068/4015/1489 3579/4684/1489
f 3579/4684/1490 3068/4015/1490 3069/4017/1490 3576/4678/1490
f 3576/4678/1491 3069/4017/1491 3070/4019/1491 3580/4686/1491
f 3054/3987/1053 3056/3991/1053 3058/3995/1053 3589/4709/1053 3586/4701/1053
f 3071/4021/1492 3572/4670/1492 3580/4686/1492 3070/4019/1492
f 3049/3977/1493 3571/4668/1493 3572/4670/1493 3071/4021/1493
f 3072/4023/1494 3073/4026/1494 3599/4731/1494 3551/4626/1494
f 3073/4026/1495 3074/4028/1495 3601/4735/1495 3599/4731/1495
f 3601/4735/1496 3074/4028/1496 3075/4030/1496 3602/4737/1496
f 3075/4030/1497 3076/4032/1497 3605/4743/1497 3602/4737/1497
f 3605/4743/1498 3076/4032/1498 3077/4034/1498 3608/4749/1498 3606/4745/1498
f 3608/4749/1499 3077/4034/1499 3078/4036/1499 3611/4756/1499 3610/4754/1499
f 3611/4756/1500 3078/4036/1500 3079/4038/1500 3614/4762/1500 3613/4760/1500
f 3080/4040/1501 3616/4766/1501 3617/4768/1501 3614/4762/1501 3079/4038/1501
f 3081/4042/1502 3619/4772/1502 3616/4766/1502 3080/4040/1502
f 3082/4044/1503 3515/4553/1503 3619/4772/1503 3081/4042/1503
f 3083/4046/1504 3519/4562/1504 3515/4553/1504 3082/4044/1504
f 3084/4048/1505 3523/4570/1505 3519/4562/1505 3083/4046/1505
f 3085/4050/1506 3529/4582/1506 3528/4580/1506 3523/4570/1506 3084/4048/1506
f 3086/4052/1507 3532/4588/1507 3529/4582/1507 3085/4050/1507
f 3086/4052/1508 3087/4054/1508 3533/4590/1508 3532/4588/1508
f 3533/4590/1509 3087/4054/1509 3088/4056/1509 3537/4598/1509
f 3088/4056/1510 3089/4058/1510 3539/4602/1510 3537/4598/1510
f 3089/4058/1511 3090/4060/1511 3543/4610/1511 3539/4602/1511
f 3547/4618/1512 3543/4610/1512 3090/4060/1512 3091/4062/1512 3546/4616/1512
f 3553/4631/1513 3546/4616/1513 3091/4062/1513 3072/4024/1513 3551/4627/1513 3552/4629/1513
f 3445/4449/1515 3443/4445/1515 3454/4469/1515 3430/4420/1515 3561/4648/1515 3586/4702/1515 3589/4710/1515 3560/4646/1515 3429/4418/1515 3467/4496/1515 3451/4462/1515 3437/4433/1515 3438/4435/1515 3457/4475/1515 3582/4693/1515 3583/4695/1515 3584/4697/1515 3585/4699/1515 3588/4707/1515
f 2808/3521/1516 2827/3561/1516 2825/3557/1516 2814/3533/1516 2812/3529/1516 2823/3553/1516 2801/3508/1516 2800/3506/1516 2838/3584/1516 2820/3546/1516 3708/4957/1516 3729/5000/1516 3721/4983/1516 3718/4977/1516 3717/4975/1516 3716/4973/1516 3713/4967/1516 3712/4965/1516 3654/4843/1516
f 2887/3645/1522 2886/3642/1522 3701/4942/1522 3715/4972/1522
f 2888/3647/1523 2887/3645/1523 3715/4972/1523 3714/4970/1523
f 2889/3649/1524 2888/3647/1524 3714/4970/1524 3690/4920/1524 3691/4922/1524
f 2890/3651/1525 2889/3649/1525 3691/4922/1525 3686/4911/1525
f 3683/4905/1526 2891/3653/1526 2890/3651/1526 3686/4911/1526
f 2892/3655/1527 2891/3653/1527 3683/4905/1527 3684/4907/1527
f 3685/4909/1528 2893/3657/1528 2892/3655/1528 3684/4907/1528
f 3688/4916/1529 2894/3659/1529 2893/3657/1529 3685/4909/1529
f 3634/4803/1530 2895/3661/1530 2894/3659/1530 3688/4916/1530
f 3637/4809/1531 2896/3663/1531 2895/3661/1531 3634/4803/1531 3638/4811/1531
f 3650/4835/1532 3651/4837/1532 2897/3665/1532 2896/3663/1532 3637/4809/1532
f 3653/4841/1533 2898/3667/1533 2897/3665/1533 3651/4837/1533
f 3668/4873/1534 2899/3669/1534 2898/3667/1534 3653/4841/1534
f 3677/4893/1535 3676/4890/1535 2900/3671/1535 2899/3669/1535 3668/4873/1535
f 3681/4901/1536 2901/3673/1536 2900/3671/1536 3676/4890/1536
f 3682/4903/1537 2902/3675/1537 2901/3673/1537 3681/4901/1537
f 2903/3677/1538 2902/3675/1538 3682/4903/1538 3687/4914/1538 3689/4918/1538
f 2904/3679/1539 2903/3677/1539 3689/4918/1539 3692/4924/1539
f 2905/3681/1540 2904/3679/1540 3692/4924/1540 3693/4926/1540
f 2886/3643/1541 2905/3681/1541 3693/4926/1541 3701/4943/1541
f 2907/3686/1542 2906/3683/1542 3672/4881/1542 3652/4839/1542
f 2908/3688/1543 2907/3686/1543 3652/4839/1543 3654/4844/1543 3712/4966/1543
f 2909/3690/1544 2908/3688/1544 3712/4966/1544 3713/4968/1544
f 3716/4974/1545 2910/3692/1545 2909/3690/1545 3713/4968/1545
f 2911/3694/1546 2910/3692/1546 3716/4974/1546 3717/4976/1546
f 3718/4978/1547 2912/3696/1547 2911/3694/1547 3717/4976/1547
f 2913/3698/1548 2912/3696/1548 3718/4978/1548 3721/4984/1548
f 2914/3700/1549 2913/3698/1549 3721/4984/1549 3729/5001/1549
f 3707/4955/1550 2915/3702/1550 2914/3700/1550 3729/5001/1550 3708/4958/1550
f 3710/4962/1551 2916/3704/1551 2915/3702/1551 3707/4955/1551
f 3711/4964/1552 2917/3706/1552 2916/3704/1552 3710/4962/1552
f 3709/4960/1553 2918/3708/1553 2917/3706/1553 3711/4964/1553
f 3656/4848/1554 2919/3710/1554 2918/3708/1554 3709/4960/1554 3655/4846/1554
f 3678/4895/1555 2920/3712/1555 2919/3710/1555 3656/4848/1555
f 2921/3714/1556 2920/3712/1556 3678/4895/1556 3675/4888/1556
f 3679/4897/1557 2922/3716/1557 2921/3714/1557 3675/4888/1557
f 3680/4899/1558 2923/3718/1558 2922/3716/1558 3679/4897/1558
f 3674/4886/1559 2924/3720/1559 2923/3718/1559 3680/4899/1559
f 3673/4884/1560 2925/3722/1560 2924/3720/1560 3674/4886/1560
f 3672/4882/1561 2906/3684/1561 2925/3722/1561 3673/4884/1561
f 2927/3727/1562 2926/3724/1562 3740/5023/1562 3741/5026/1562
f 2928/3729/1563 2927/3727/1563 3741/5026/1563 3739/5021/1563
f 2929/3731/1564 2928/3729/1564 3739/5021/1564 3735/5013/1564
f 2930/3733/1565 2929/3731/1565 3735/5013/1565 3738/5019/1565
f 2931/3735/1566 2930/3733/1566 3738/5019/1566 3742/5028/1566
f 2932/3737/1567 2931/3735/1567 3742/5028/1567 3737/5017/1567
f 3736/5015/1568 2933/3739/1568 2932/3737/1568 3737/5017/1568
f 3732/5007/1569 2934/3741/1569 2933/3739/1569 3736/5015/1569
f 3696/4932/1570 2935/3743/1570 2934/3741/1570 3732/5007/1570 3694/4928/1570
f 3695/4930/1571 2936/3745/1571 2935/3743/1571 3696/4932/1571
f 3697/4934/1572 2937/3747/1572 2936/3745/1572 3695/4930/1572
f 3699/4938/1573 2938/3749/1573 2937/3747/1573 3697/4934/1573
f 3703/4947/1574 2939/3751/1574 2938/3749/1574 3699/4938/1574
f 3705/4951/1575 2940/3753/1575 2939/3751/1575 3703/4947/1575
f 2941/3755/1576 2940/3753/1576 3705/4951/1576 3704/4949/1576
f 2942/3757/1577 2941/3755/1577 3704/4949/1577 3706/4953/1577
f 2943/3759/1578 2942/3757/1578 3706/4953/1578 3702/4945/1578
f 2944/3761/1579 2943/3759/1579 3702/4945/1579 3700/4940/1579
f 3698/4936/1580 3733/5009/1580 2945/3763/1580 2944/3761/1580 3700/4940/1580
f 3740/5024/1581 2926/3725/1581 2945/3763/1581 3733/5009/1581
f 2947/3768/1582 2946/3765/1582 3664/4864/1582 3663/4862/1582
f 2948/3770/1583 2947/3768/1583 3663/4862/1583 3661/4858/1583
f 2949/3772/1478 2948/3770/1478 3661/4858/1478 3660/4856/1478
f 2951/3775/1584 2950/3774/1584 2949/3772/1584 3660/4856/1584 3659/4854/1584 3751/5046/1584
f 3657/4850/1585 2956/3786/1585 2954/3782/1585 2955/3783/1585 3752/5049/1585 3658/4852/1585
f 3662/4860/1586 2957/3788/1586 2956/3786/1586 3657/4850/1586
f 3671/4879/1587 2958/3790/1587 2957/3788/1587 3662/4860/1587
f 3665/4867/1588 2959/3792/1588 2958/3790/1588 3671/4879/1588
f 3669/4875/1589 2960/3794/1589 2959/3792/1589 3665/4867/1589
f 3636/4807/1590 2961/3796/1590 2960/3794/1590 3669/4875/1590
f 3635/4805/1486 2962/3798/1486 2961/3796/1486 3636/4807/1486
f 3640/4815/1591 2963/3800/1591 2962/3798/1591 3635/4805/1591
f 2964/3802/1592 2963/3800/1592 3640/4815/1592 3639/4813/1592
f 2965/3804/1593 2964/3802/1593 3639/4813/1593 3641/4817/1593
f 3667/4871/1594 2966/3806/1594 2965/3804/1594 3641/4817/1594
f 2967/3808/1595 2966/3806/1595 3667/4871/1595 3666/4869/1595
f 2955/3784/1056 2953/3780/1056 2951/3776/1056 3751/5047/1056 3752/5050/1056
f 2968/3810/1596 2967/3808/1596 3666/4869/1596 3670/4877/1596
f 2946/3766/1597 2968/3810/1597 3670/4877/1597 3664/4865/1597
f 2970/3815/1598 2969/3812/1598 3728/4998/1598 3726/4994/1598
f 2971/3817/1599 2970/3815/1599 3726/4994/1599 3727/4996/1599
f 2972/3819/1600 2971/3817/1600 3727/4996/1600 3724/4990/1600
f 2973/3821/1601 2972/3819/1601 3724/4990/1601 3723/4988/1601
f 2973/3821/1602 3723/4988/1602 3722/4986/1602 3743/5030/1602 2974/3823/1602
f 2975/3825/1603 2974/3823/1603 3743/5030/1603 3725/4992/1603 3730/5003/1603
f 3731/5005/1604 3750/5044/1604 2976/3827/1604 2975/3825/1604 3730/5003/1604
f 3745/5034/1605 2977/3829/1605 2976/3827/1605 3750/5044/1605 3749/5042/1605
f 3748/5040/1606 2978/3831/1606 2977/3829/1606 3745/5034/1606
f 3746/5036/1607 2979/3833/1607 2978/3831/1607 3748/5040/1607
f 3747/5038/1608 2980/3835/1608 2979/3833/1608 3746/5036/1608
f 3744/5032/1609 2981/3837/1609 2980/3835/1609 3747/5038/1609
f 3643/4821/1610 3646/4827/1610 2982/3839/1610 2981/3837/1610 3744/5032/1610
f 3648/4831/1611 2983/3841/1611 2982/3839/1611 3646/4827/1611
f 2984/3843/1612 2983/3841/1612 3648/4831/1612 3647/4829/1612
f 2985/3845/1613 2984/3843/1613 3647/4829/1613 3649/4833/1613
f 2986/3847/1614 2985/3845/1614 3649/4833/1614 3645/4825/1614
f 2987/3849/1615 2986/3847/1615 3645/4825/1615 3644/4823/1615
f 2988/3851/1616 2987/3849/1616 3644/4823/1616 3642/4819/1616 3734/5011/1616
f 2969/3813/1617 2988/3851/1617 3734/5011/1617 3720/4982/1617 3719/4980/1617 3728/4999/1617
usemtl rims
f 2509/3201/1056 2510/3202/1056 2579/3273/1056 2529/3221/1056
f 2514/3206/1053 2555/3248/1053 2594/3288/1053 2513/3205/1053
f 2522/3214/1053 2528/3220/1053 2578/3272/1053 2521/3213/1053
f 2506/3197/1056 2530/3222/1056 2531/3223/1056 2553/3246/1056
f 2537/3229/1056 2538/3230/1056 2589/3283/1056 2543/3235/1056
f 2512/3204/1056 2505/3196/1056 2554/3247/1056 2567/3261/1056
f 2541/3233/1053 2503/3193/1053 2563/3256/1053 2540/3232/1053
f 2539/3231/1053 2542/3234/1053 2588/3282/1053 2548/3240/1053
f 2507/3199/1056 2552/3244/1056 2560/3253/1056 2508/3200/1056
f 2509/3201/1056 2524/3216/1056 2562/3255/1056 2510/3202/1056
f 2514/3206/1053 2513/3205/1053 2518/3210/1053 2517/3209/1053
f 2522/3214/1053 2521/3213/1053 2525/3217/1053 2523/3215/1053
f 2527/3219/1056 2526/3218/1056 2531/3223/1056 2530/3222/1056
f 2535/3227/1056 2534/3226/1056 2538/3230/1056 2537/3229/1056
f 2541/3233/1053 2540/3232/1053 2545/3237/1053 2544/3236/1053
f 2536/3228/1053 2539/3231/1053 2548/3240/1053 2551/3243/1053
f 2505/3196/1056 2506/3198/1056 2553/3245/1056 2554/3247/1056
f 2550/3242/1056 2557/3250/1056 2560/3253/1056 2552/3244/1056
f 2524/3216/1056 2520/3212/1056 2561/3254/1056 2562/3255/1056
f 2554/3247/1074 2553/3245/1074 2641/3338/1074 2640/3337/1074
f 2560/3253/1075 2557/3250/1075 2642/3340/1075 2658/3356/1075
f 2562/3255/1076 2561/3254/1076 2646/3344/1076 2647/3345/1076
f 2574/3268/1053 2518/3210/1053 2619/3315/1053 2573/3267/1053
f 2572/3266/1053 2525/3217/1053 2607/3303/1053 2577/3271/1053
f 2526/3218/1077 2585/3279/1077 2652/3350/1077 2662/3360/1077
f 2534/3226/1078 2582/3276/1078 2650/3348/1078 2651/3349/1078
f 2545/3237/1053 2565/3259/1053 2592/3286/1053 2593/3287/1053
f 2551/3243/1053 2566/3260/1053 2596/3290/1053 2581/3275/1053
f 2591/3285/1079 2656/3354/1079 2642/3340/1079 2557/3250/1079
f 2561/3254/1080 2570/3264/1080 2644/3342/1080 2646/3344/1080
f 2574/3268/1053 2573/3267/1053 2576/3270/1053 2575/3269/1053
f 2569/3263/1053 2572/3266/1053 2577/3271/1053 2580/3274/1053
f 2585/3279/1081 2584/3278/1081 2659/3357/1081 2652/3350/1081
f 2582/3276/1082 2579/3273/1082 2648/3346/1082 2650/3348/1082
f 2593/3287/1053 2592/3286/1053 2595/3289/1053 2594/3288/1053
f 2581/3275/1053 2596/3290/1053 2597/3291/1053 2578/3272/1053
f 2591/3285/1083 2589/3283/1083 2654/3352/1083 2656/3354/1083
f 2570/3264/1084 2567/3261/1084 2645/3343/1084 2644/3342/1084
f 2507/3199/1056 2508/3200/1056 2584/3278/1056 2556/3249/1056
f 2542/3234/1053 2546/3238/1053 2575/3269/1053 2588/3282/1053
f 2516/3208/1056 2512/3204/1056 2567/3261/1056 2570/3264/1056
f 2547/3239/1056 2543/3235/1056 2589/3283/1056 2591/3285/1056
f 2532/3224/1053 2581/3275/1053 2578/3272/1053 2528/3220/1053
f 2555/3248/1053 2558/3251/1053 2593/3287/1053 2594/3288/1053
f 2533/3225/1056 2529/3221/1056 2579/3273/1056 2582/3276/1056
f 2559/3252/1056 2556/3249/1056 2584/3278/1056 2585/3279/1056
f 2515/3207/1053 2519/3211/1053 2572/3266/1053 2569/3263/1053
f 2546/3238/1053 2549/3241/1053 2574/3268/1053 2575/3269/1053
f 2520/3212/1056 2516/3208/1056 2570/3264/1056 2561/3254/1056
f 2550/3242/1056 2547/3239/1056 2591/3285/1056 2557/3250/1056
f 2532/3224/1053 2536/3228/1053 2551/3243/1053 2581/3275/1053
f 2544/3236/1053 2545/3237/1053 2593/3287/1053 2558/3251/1053
f 2535/3227/1056 2533/3225/1056 2582/3276/1056 2534/3226/1056
f 2527/3219/1056 2559/3252/1056 2585/3279/1056 2526/3218/1056
f 2519/3211/1053 2523/3215/1053 2525/3217/1053 2572/3266/1053
f 2517/3209/1053 2518/3210/1053 2574/3268/1053 2549/3241/1053
f 2503/3194/1053 2504/3195/1053 2564/3258/1053 2563/3257/1053
f 2637/3334/1085 2699/3400/1085 2636/3333/1085
f 2642/3340/1087 2643/3341/1087 2676/3375/1087 2658/3356/1087
f 2568/3262/1088 2701/3402/1088 2702/3403/1088 2605/3301/1088
f 2652/3350/1089 2653/3351/1089 2679/3378/1089 2662/3360/1089
f 2586/3280/1090 2583/3277/1090 2683/3382/1090 2707/3408/1090
f 2596/3290/1091 2566/3260/1091 2818/3540/1091 2815/3534/1091 2816/3536/1091
f 2605/3301/1092 2702/3403/1092 2674/3373/1092
f 2674/3373/1093 2702/3403/1093 2691/3390/1093
f 2603/3298/1094 2604/3299/1094 2695/3395/1094 2700/3401/1094
f 2622/3318/1095 2698/3399/1095 2683/3382/1095 2583/3277/1095
f 2672/3371/1096 2674/3373/1096 2691/3390/1096 2688/3387/1096
f 2595/3289/1097 2592/3286/1097 2814/3532/1097 2825/3556/1097
f 2828/3562/1098 2597/3291/1098 2596/3290/1098 2816/3536/1098
f 2610/3306/1099 2633/3330/1099 2715/3416/1099 2705/3406/1099
f 2620/3316/1100 2710/3411/1100 2698/3399/1100 2622/3318/1100
f 2548/3240/1053 2614/3310/1053 2566/3260/1053 2551/3243/1053
f 2540/3232/1053 2627/3323/1053 2565/3259/1053 2545/3237/1053
f 2538/3230/1101 2534/3226/1101 2651/3349/1101 2655/3353/1101
f 2531/3223/1102 2526/3218/1102 2662/3360/1102 2661/3359/1102
f 2525/3217/1053 2521/3213/1053 2609/3305/1053 2607/3303/1053
f 2518/3210/1053 2513/3205/1053 2621/3317/1053 2619/3315/1053
f 2562/3255/1103 2647/3345/1103 2649/3347/1103 2510/3202/1103
f 2508/3200/1104 2560/3253/1104 2658/3356/1104 2657/3355/1104
f 2563/3256/1053 2602/3296/1053 2627/3323/1053 2540/3232/1053
f 2567/3261/1105 2554/3247/1105 2640/3337/1105 2645/3343/1105
f 2589/3283/1106 2538/3230/1106 2655/3353/1106 2654/3352/1106
f 2553/3246/1107 2531/3223/1107 2661/3359/1107 2641/3339/1107
f 2521/3213/1053 2578/3272/1053 2597/3291/1053 2609/3305/1053
f 2513/3205/1053 2594/3288/1053 2595/3289/1053 2621/3317/1053
f 2579/3273/1108 2510/3202/1108 2649/3347/1108 2648/3346/1108
f 2584/3278/1109 2508/3200/1109 2657/3355/1109 2659/3357/1109
f 2575/3269/1053 2576/3270/1053 2617/3313/1053 2588/3282/1053
f 2663/3361/1110 2664/3362/1110 2819/3542/1110 2829/3564/1110
f 2660/3358/1072 2663/3361/1072 2829/3564/1072 2832/3570/1072
f 2629/3325/1058 2660/3358/1058 2832/3570/1058 2834/3574/1058
f 2835/3576/1062 2606/3302/1062 2629/3325/1062 2834/3574/1062
f 2836/3578/1067 2667/3366/1067 2606/3302/1067 2835/3576/1067
f 2837/3580/1070 2669/3368/1070 2667/3366/1070 2836/3578/1070
f 2839/3585/1055 2616/3312/1055 2669/3368/1055 2837/3580/1055
f 2840/3587/1060 2618/3314/1060 2616/3312/1060 2839/3585/1060
f 2841/3589/1064 2671/3370/1064 2618/3314/1064 2840/3587/1064
f 2842/3591/1111 2673/3372/1111 2671/3370/1111 2841/3589/1111
f 2843/3593/1112 2623/3319/1112 2673/3372/1112 2842/3591/1112
f 2844/3595/1073 2624/3320/1073 2623/3319/1073 2843/3593/1073
f 2845/3597/1071 2643/3341/1071 2624/3320/1071 2844/3595/1071
f 2804/3511/1113 2676/3375/1113 2643/3341/1113 2845/3597/1113
f 2807/3518/1114 2675/3374/1114 2676/3375/1114 2804/3511/1114
f 2809/3522/1115 2611/3307/1115 2675/3374/1115 2807/3518/1115
f 2810/3524/1069 2653/3351/1069 2611/3307/1069 2809/3522/1069
f 2679/3378/1054 2653/3351/1054 2810/3524/1054 2813/3530/1054
f 2678/3377/1059 2679/3378/1059 2813/3530/1059 2817/3538/1059
f 2664/3363/1063 2678/3377/1063 2817/3538/1063 2819/3543/1063
f 2818/3540/1116 2566/3260/1116 2614/3310/1116 2821/3547/1116
f 2651/3349/1117 2671/3370/1117 2673/3372/1117 2655/3353/1117
f 2635/3332/1119 2688/3387/1119 2717/3418/1119
f 2619/3315/1120 2621/3317/1120 2827/3560/1120 2808/3520/1120
f 2647/3345/1121 2667/3366/1121 2669/3368/1121 2649/3347/1121
f 2615/3311/1122 2635/3332/1122 2717/3418/1122 2709/3410/1122
f 2614/3310/1123 2617/3313/1123 2833/3572/1123 2821/3547/1123
f 2627/3323/1124 2602/3296/1124 2805/3513/1124 2824/3555/1124
f 2640/3337/1125 2663/3361/1125 2660/3358/1125 2645/3343/1125
f 2568/3262/1126 2599/3293/1126 2690/3389/1126 2701/3402/1126
f 2634/3331/1127 2716/3417/1127 2670/3369/1127
f 2670/3369/1128 2716/3417/1128 2687/3386/1128
f 2826/3558/1129 2609/3305/1129 2597/3291/1129 2828/3562/1129
f 2595/3289/1130 2825/3556/1130 2827/3560/1130 2621/3317/1130
f 2603/3298/1131 2700/3401/1131 2713/3414/1131 2630/3326/1131
f 2599/3293/1132 2598/3292/1132 2689/3388/1132 2690/3389/1132
f 2833/3572/1133 2617/3313/1133 2576/3270/1133 2820/3545/1133 2838/3582/1133
f 2603/3298/1134 2640/3337/1134 2641/3338/1134 2604/3299/1134
f 2568/3262/1135 2605/3301/1135 2643/3341/1135 2642/3340/1135
f 2600/3294/1136 2601/3295/1136 2644/3342/1136 2645/3343/1136
f 2601/3295/1137 2571/3265/1137 2646/3344/1137 2644/3342/1137
f 2608/3304/1138 2647/3345/1138 2646/3344/1138 2571/3265/1138
f 2610/3306/1139 2587/3281/1139 2648/3346/1139 2649/3347/1139
f 2587/3281/1140 2590/3284/1140 2650/3348/1140 2648/3346/1140
f 2612/3308/1141 2651/3349/1141 2650/3348/1141 2590/3284/1141
f 2586/3280/1142 2613/3309/1142 2653/3351/1142 2652/3350/1142
f 2615/3311/1143 2598/3292/1143 2654/3352/1143 2655/3353/1143
f 2598/3292/1144 2599/3293/1144 2656/3354/1144 2654/3352/1144
f 2568/3262/1145 2642/3340/1145 2656/3354/1145 2599/3293/1145
f 2620/3316/1146 2622/3318/1146 2657/3355/1146 2658/3356/1146
f 2622/3318/1147 2583/3277/1147 2659/3357/1147 2657/3355/1147
f 2586/3280/1148 2652/3350/1148 2659/3357/1148 2583/3277/1148
f 2600/3294/1149 2645/3343/1149 2660/3358/1149 2626/3322/1149
f 2625/3321/1150 2628/3324/1150 2661/3359/1150 2662/3360/1150
f 2604/3300/1151 2641/3339/1151 2661/3359/1151 2628/3324/1151
f 2630/3326/1152 2631/3327/1152 2664/3362/1152 2663/3361/1152
f 2626/3322/1153 2660/3358/1153 2629/3325/1153 2665/3364/1153
f 2665/3364/1137 2629/3325/1137 2606/3302/1137 2666/3365/1137
f 2666/3365/1154 2606/3302/1154 2667/3366/1154 2632/3329/1154
f 2633/3330/1155 2669/3368/1155 2616/3312/1155 2668/3367/1155
f 2668/3367/1156 2616/3312/1156 2618/3314/1156 2670/3369/1156
f 2670/3369/1157 2618/3314/1157 2671/3370/1157 2634/3331/1157
f 2635/3332/1158 2673/3372/1158 2623/3319/1158 2672/3371/1158
f 2672/3371/1159 2623/3319/1159 2624/3320/1159 2674/3373/1159
f 2605/3301/1160 2674/3373/1160 2624/3320/1160 2643/3341/1160
f 2636/3333/1161 2676/3375/1161 2675/3374/1161 2637/3334/1161
f 2637/3334/1147 2675/3374/1147 2611/3307/1147 2677/3376/1147
f 2677/3376/1162 2611/3307/1162 2653/3351/1162 2613/3309/1162
f 2638/3335/1163 2679/3378/1163 2678/3377/1163 2639/3336/1163
f 2639/3336/1164 2678/3377/1164 2664/3363/1164 2631/3328/1164
f 2612/3308/1165 2634/3331/1165 2671/3370/1165 2651/3349/1165
f 2625/3321/1166 2662/3360/1166 2679/3378/1166 2638/3335/1166
f 2608/3304/1167 2632/3329/1167 2667/3366/1167 2647/3345/1167
f 2620/3316/1168 2658/3356/1168 2676/3375/1168 2636/3333/1168
f 2603/3298/1169 2630/3326/1169 2663/3361/1169 2640/3337/1169
f 2615/3311/1170 2655/3353/1170 2673/3372/1170 2635/3332/1170
f 2610/3306/1171 2649/3347/1171 2669/3368/1171 2633/3330/1171
f 2700/3401/1173 2694/3393/1173 2713/3414/1173
f 2704/3405/1175 2681/3380/1175 2714/3415/1175
f 2701/3402/1179 2691/3390/1179 2702/3403/1179
f 2692/3391/1186 2711/3412/1186 2693/3392/1186
f 2689/3388/1192 2717/3418/1192 2688/3387/1192
f 2685/3384/1195 2715/3416/1195 2684/3383/1195
f 2600/3294/1197 2626/3322/1197 2711/3412/1197 2703/3404/1197
f 2600/3294/1198 2703/3404/1198 2692/3391/1198 2601/3295/1198
f 2677/3376/1199 2682/3381/1199 2699/3400/1199 2637/3334/1199
f 2625/3321/1200 2712/3413/1200 2696/3397/1200 2628/3324/1200
f 2601/3295/1201 2692/3391/1201 2680/3379/1201 2571/3265/1201
f 2613/3309/1202 2708/3409/1202 2677/3376/1202
f 2677/3376/1203 2708/3409/1203 2682/3381/1203
f 2628/3324/1204 2696/3397/1204 2695/3396/1204 2604/3300/1204
f 2608/3304/1205 2571/3265/1205 2680/3379/1205 2704/3405/1205
f 2639/3336/1206 2697/3398/1206 2638/3335/1206
f 2638/3335/1207 2697/3398/1207 2719/3420/1207
f 2630/3326/1208 2713/3414/1208 2631/3327/1208
f 2610/3306/1210 2705/3406/1210 2685/3384/1210 2587/3281/1210
f 2639/3336/1211 2631/3328/1211 2694/3394/1211 2697/3398/1211
f 2665/3364/1212 2693/3392/1212 2626/3322/1212
f 2626/3322/1213 2693/3392/1213 2711/3412/1213
f 2590/3284/1214 2587/3281/1214 2685/3384/1214 2686/3385/1214
f 2612/3308/1215 2706/3407/1215 2716/3417/1215 2634/3331/1215
f 2665/3364/1216 2666/3365/1216 2681/3380/1216 2693/3392/1216
f 2612/3308/1217 2590/3284/1217 2686/3385/1217 2706/3407/1217
f 2625/3321/1218 2638/3335/1218 2719/3420/1218 2712/3413/1218
f 2632/3329/1219 2714/3415/1219 2666/3365/1219
f 2666/3365/1220 2714/3415/1220 2681/3380/1220
f 2586/3280/1221 2707/3408/1221 2708/3409/1221 2613/3309/1221
f 2608/3304/1222 2704/3405/1222 2714/3415/1222 2632/3329/1222
f 2668/3367/1223 2684/3383/1223 2633/3330/1223
f 2615/3311/1225 2709/3410/1225 2689/3388/1225 2598/3292/1225
f 2620/3316/1226 2636/3333/1226 2718/3419/1226 2710/3411/1226
f 2668/3367/1227 2670/3369/1227 2687/3386/1227 2684/3383/1227
f 2804/3512/1056 2845/3598/1056 2844/3596/1056 2843/3594/1056 2842/3592/1056 2841/3590/1056 2840/3588/1056 2839/3586/1056 2837/3581/1056 2836/3579/1056 2835/3577/1056 2834/3575/1056 2832/3571/1056 2829/3565/1056 2819/3544/1056 2817/3539/1056 2813/3531/1056 2810/3525/1056 2809/3523/1056 2807/3519/1056
f 2831/3569/1269 2803/3510/1269 2801/3507/1269 2823/3551/1269 2824/3554/1269 2805/3514/1269 2806/3516/1269
f 3138/4113/1053 3139/4114/1053 3207/4184/1053 3158/4133/1053
f 3143/4118/1056 3183/4159/1056 3222/4199/1056 3142/4117/1056
f 3151/4126/1056 3157/4132/1056 3206/4183/1056 3150/4125/1056
f 3135/4109/1053 3159/4134/1053 3160/4135/1053 3181/4157/1053
f 3166/4141/1053 3167/4142/1053 3217/4194/1053 3172/4147/1053
f 3141/4116/1053 3134/4108/1053 3182/4158/1053 3195/4172/1053
f 3170/4145/1056 3132/4105/1056 3191/4168/1056 3169/4144/1056
f 3168/4143/1056 3171/4146/1056 3216/4193/1056 3176/4151/1056
f 3133/4107/1056 3140/4115/1056 3194/4171/1056 3192/4169/1056
f 3136/4111/1053 3180/4155/1053 3188/4164/1053 3137/4112/1053
f 3138/4113/1053 3153/4128/1053 3190/4166/1053 3139/4114/1053
f 3143/4118/1056 3142/4117/1056 3147/4122/1056 3146/4121/1056
f 3151/4126/1056 3150/4125/1056 3154/4129/1056 3152/4127/1056
f 3156/4131/1053 3155/4130/1053 3160/4135/1053 3159/4134/1053
f 3164/4139/1053 3163/4138/1053 3167/4142/1053 3166/4141/1053
f 3165/4140/1056 3168/4143/1056 3176/4151/1056 3179/4154/1056
f 3134/4108/1053 3135/4110/1053 3181/4156/1053 3182/4158/1053
f 3178/4153/1053 3185/4161/1053 3188/4164/1053 3180/4155/1053
f 3153/4128/1053 3149/4124/1053 3189/4165/1053 3190/4166/1053
f 3182/4158/1274 3181/4156/1274 3270/4250/1274 3269/4249/1274
f 3188/4164/1275 3185/4161/1275 3271/4252/1275 3287/4268/1275
f 3190/4166/1276 3189/4165/1276 3275/4256/1276 3276/4257/1276
f 3192/4169/1056 3231/4209/1056 3230/4207/1056 3191/4167/1056
f 3202/4179/1056 3147/4122/1056 3249/4228/1056 3201/4178/1056
f 3200/4177/1056 3154/4129/1056 3237/4216/1056 3205/4182/1056
f 3155/4130/1277 3213/4190/1277 3281/4262/1277 3291/4272/1277
f 3163/4138/1278 3210/4187/1278 3279/4260/1278 3280/4261/1278
f 3179/4154/1056 3193/4170/1056 3224/4201/1056 3209/4186/1056
f 3219/4196/1279 3285/4266/1279 3271/4252/1279 3185/4161/1279
f 3189/4165/1280 3198/4175/1280 3273/4254/1280 3275/4256/1280
f 3202/4179/1056 3201/4178/1056 3204/4181/1056 3203/4180/1056
f 3197/4174/1056 3200/4177/1056 3205/4182/1056 3208/4185/1056
f 3213/4190/1281 3212/4189/1281 3288/4269/1281 3281/4262/1281
f 3210/4187/1282 3207/4184/1282 3277/4258/1282 3279/4260/1282
f 3221/4198/1056 3220/4197/1056 3223/4200/1056 3222/4199/1056
f 3209/4186/1056 3224/4201/1056 3225/4202/1056 3206/4183/1056
f 3219/4196/1283 3217/4194/1283 3283/4264/1283 3285/4266/1283
f 3198/4175/1284 3195/4172/1284 3274/4255/1284 3273/4254/1284
f 3136/4111/1053 3137/4112/1053 3212/4189/1053 3184/4160/1053
f 3140/4115/1056 3144/4119/1056 3197/4174/1056 3194/4171/1056
f 3171/4146/1056 3174/4149/1056 3203/4180/1056 3216/4193/1056
f 3145/4120/1053 3141/4116/1053 3195/4172/1053 3198/4175/1053
f 3175/4150/1053 3172/4147/1053 3217/4194/1053 3219/4196/1053
f 3161/4136/1056 3209/4186/1056 3206/4183/1056 3157/4132/1056
f 3183/4159/1056 3186/4162/1056 3221/4198/1056 3222/4199/1056
f 3162/4137/1053 3158/4133/1053 3207/4184/1053 3210/4187/1053
f 3187/4163/1053 3184/4160/1053 3212/4189/1053 3213/4190/1053
f 3144/4119/1056 3148/4123/1056 3200/4177/1056 3197/4174/1056
f 3174/4149/1056 3177/4152/1056 3202/4179/1056 3203/4180/1056
f 3149/4124/1053 3145/4120/1053 3198/4175/1053 3189/4165/1053
f 3178/4153/1053 3175/4150/1053 3219/4196/1053 3185/4161/1053
f 3161/4136/1056 3165/4140/1056 3179/4154/1056 3209/4186/1056
f 3164/4139/1053 3162/4137/1053 3210/4187/1053 3163/4138/1053
f 3156/4131/1053 3187/4163/1053 3213/4190/1053 3155/4130/1053
f 3148/4123/1056 3152/4127/1056 3154/4129/1056 3200/4177/1056
f 3146/4121/1056 3147/4122/1056 3202/4179/1056 3177/4152/1056
f 3132/4106/1056 3133/4107/1056 3192/4169/1056 3191/4167/1056
f 3266/4246/1095 3328/4312/1095 3265/4245/1095
f 3271/4252/1129 3272/4253/1129 3305/4287/1129 3287/4268/1129
f 3196/4173/1286 3330/4314/1286 3331/4315/1286 3235/4214/1286
f 3434/4425/1287 3230/4207/1287 3231/4209/1287 3435/4429/1287
f 3437/4432/1171 3201/4178/1171 3249/4228/1171 3438/4434/1171
f 3205/4182/1288 3237/4216/1288 3442/4442/1288 3440/4438/1288
f 3281/4262/1289 3282/4263/1289 3308/4290/1289 3291/4272/1289
f 3214/4191/1290 3211/4188/1290 3312/4294/1290 3336/4320/1290
f 3224/4201/1291 3193/4170/1291 3449/4456/1291 3446/4450/1291 3447/4452/1291
f 3235/4214/1292 3331/4315/1292 3303/4285/1292
f 3303/4285/1293 3331/4315/1293 3320/4302/1293
f 3232/4210/1294 3233/4211/1294 3324/4307/1294 3329/4313/1294
f 3204/4181/1295 3201/4178/1295 3437/4432/1295 3451/4461/1295
f 3453/4465/1296 3208/4185/1296 3205/4182/1296 3440/4438/1296
f 3252/4231/1085 3327/4311/1085 3312/4294/1085 3211/4188/1085
f 3301/4283/1297 3303/4285/1297 3320/4302/1297 3317/4299/1297
f 3240/4219/1298 3262/4242/1298 3344/4328/1298 3334/4318/1298
f 3250/4229/1299 3339/4323/1299 3327/4311/1299 3252/4231/1299
f 3176/4151/1056 3244/4223/1056 3193/4170/1056 3179/4154/1056
f 3167/4142/1300 3163/4138/1300 3280/4261/1300 3284/4265/1300
f 3160/4135/1301 3155/4130/1301 3291/4272/1301 3290/4271/1301
f 3154/4129/1056 3150/4125/1056 3239/4218/1056 3237/4216/1056
f 3147/4122/1056 3142/4117/1056 3251/4230/1056 3249/4228/1056
f 3190/4166/1302 3276/4257/1302 3278/4259/1302 3139/4114/1302
f 3137/4112/1303 3188/4164/1303 3287/4268/1303 3286/4267/1303
f 3192/4169/1056 3194/4171/1056 3234/4213/1056 3231/4209/1056
f 3195/4172/1304 3182/4158/1304 3269/4249/1304 3274/4255/1304
f 3217/4194/1305 3167/4142/1305 3284/4265/1305 3283/4264/1305
f 3181/4157/1306 3160/4135/1306 3290/4271/1306 3270/4251/1306
f 3150/4125/1056 3206/4183/1056 3225/4202/1056 3239/4218/1056
f 3142/4117/1056 3222/4199/1056 3223/4200/1056 3251/4230/1056
f 3207/4184/1307 3139/4114/1307 3278/4259/1307 3277/4258/1307
f 3212/4189/1308 3137/4112/1308 3286/4267/1308 3288/4269/1308
f 3194/4171/1056 3197/4174/1056 3208/4185/1056 3234/4213/1056
f 3203/4180/1056 3204/4181/1056 3247/4226/1056 3216/4193/1056
f 3292/4273/1309 3293/4274/1309 3450/4458/1309 3458/4476/1309
f 3289/4270/1059 3292/4273/1059 3458/4476/1059 3461/4482/1059
f 3258/4237/1054 3289/4270/1054 3461/4482/1054 3463/4486/1054
f 3464/4488/1069 3236/4215/1069 3258/4237/1069 3463/4486/1069
f 3465/4490/1066 3296/4278/1066 3236/4215/1066 3464/4488/1066
f 3466/4492/1061 3298/4280/1061 3296/4278/1061 3465/4490/1061
f 3468/4497/1057 3246/4225/1057 3298/4280/1057 3466/4492/1057
f 3469/4499/1071 3248/4227/1071 3246/4225/1071 3468/4497/1071
f 3470/4501/1073 3300/4282/1073 3248/4227/1073 3469/4499/1073
f 3471/4503/1112 3302/4284/1112 3300/4282/1112 3470/4501/1112
f 3472/4505/1111 3253/4232/1111 3302/4284/1111 3471/4503/1111
f 3473/4507/1064 3254/4233/1064 3253/4232/1064 3472/4505/1064
f 3474/4509/1060 3272/4253/1060 3254/4233/1060 3473/4507/1060
f 3433/4423/1310 3305/4287/1310 3272/4253/1310 3474/4509/1310
f 3436/4430/1311 3304/4286/1311 3305/4287/1311 3433/4423/1311
f 3439/4436/1312 3241/4220/1312 3304/4286/1312 3436/4430/1312
f 3441/4440/1062 3282/4263/1062 3241/4220/1062 3439/4436/1062
f 3308/4290/1058 3282/4263/1058 3441/4440/1058 3444/4446/1058
f 3307/4289/1072 3308/4290/1072 3444/4446/1072 3448/4454/1072
f 3293/4275/1068 3307/4289/1068 3448/4454/1068 3450/4459/1068
f 3449/4456/1170 3193/4170/1170 3244/4223/1170 3452/4463/1170
f 3280/4261/1313 3300/4282/1313 3302/4284/1313 3284/4265/1313
f 3264/4244/1315 3317/4299/1315 3346/4330/1315
f 3442/4442/1168 3237/4216/1168 3239/4218/1168 3456/4472/1168
f 3276/4257/1120 3296/4278/1120 3298/4280/1120 3278/4259/1120
f 3245/4224/1316 3264/4244/1316 3346/4330/1316 3338/4322/1316
f 3244/4223/1117 3247/4226/1117 3462/4484/1117 3452/4463/1117
f 3269/4249/1317 3292/4273/1317 3289/4270/1317 3274/4255/1317
f 3196/4173/1318 3227/4204/1318 3319/4301/1318 3330/4314/1318
f 3263/4243/1319 3345/4329/1319 3299/4281/1319
f 3299/4281/1320 3345/4329/1320 3316/4298/1320
f 3232/4210/1321 3329/4313/1321 3342/4326/1321 3259/4238/1321
f 3227/4204/1322 3226/4203/1322 3318/4300/1322 3319/4301/1322
f 3462/4484/1323 3247/4226/1323 3204/4181/1323 3451/4461/1323 3467/4494/1323
f 3232/4210/1324 3269/4249/1324 3270/4250/1324 3233/4211/1324
f 3196/4173/1325 3235/4214/1325 3272/4253/1325 3271/4252/1325
f 3228/4205/1326 3229/4206/1326 3273/4254/1326 3274/4255/1326
f 3229/4206/1327 3199/4176/1327 3275/4256/1327 3273/4254/1327
f 3238/4217/1328 3276/4257/1328 3275/4256/1328 3199/4176/1328
f 3240/4219/1329 3215/4192/1329 3277/4258/1329 3278/4259/1329
f 3215/4192/1330 3218/4195/1330 3279/4260/1330 3277/4258/1330
f 3242/4221/1331 3280/4261/1331 3279/4260/1331 3218/4195/1331
f 3214/4191/1332 3243/4222/1332 3282/4263/1332 3281/4262/1332
f 3245/4224/1333 3226/4203/1333 3283/4264/1333 3284/4265/1333
f 3226/4203/1334 3227/4204/1334 3285/4266/1334 3283/4264/1334
f 3196/4173/1335 3271/4252/1335 3285/4266/1335 3227/4204/1335
f 3250/4229/1336 3252/4231/1336 3286/4267/1336 3287/4268/1336
f 3252/4231/1337 3211/4188/1337 3288/4269/1337 3286/4267/1337
f 3214/4191/1338 3281/4262/1338 3288/4269/1338 3211/4188/1338
f 3228/4205/1339 3274/4255/1339 3289/4270/1339 3256/4235/1339
f 3255/4234/1340 3257/4236/1340 3290/4271/1340 3291/4272/1340
f 3233/4212/1341 3270/4251/1341 3290/4271/1341 3257/4236/1341
f 3259/4238/1342 3260/4239/1342 3293/4274/1342 3292/4273/1342
f 3256/4235/1343 3289/4270/1343 3258/4237/1343 3294/4276/1343
f 3294/4276/1327 3258/4237/1327 3236/4215/1327 3295/4277/1327
f 3295/4277/1344 3236/4215/1344 3296/4278/1344 3261/4241/1344
f 3262/4242/1345 3298/4280/1345 3246/4225/1345 3297/4279/1345
f 3297/4279/1346 3246/4225/1346 3248/4227/1346 3299/4281/1346
f 3299/4281/1347 3248/4227/1347 3300/4282/1347 3263/4243/1347
f 3264/4244/1348 3302/4284/1348 3253/4232/1348 3301/4283/1348
f 3301/4283/1334 3253/4232/1334 3254/4233/1334 3303/4285/1334
f 3235/4214/1349 3303/4285/1349 3254/4233/1349 3272/4253/1349
f 3265/4245/1350 3305/4287/1350 3304/4286/1350 3266/4246/1350
f 3266/4246/1337 3304/4286/1337 3241/4220/1337 3306/4288/1337
f 3306/4288/1351 3241/4220/1351 3282/4263/1351 3243/4222/1351
f 3267/4247/1352 3308/4290/1352 3307/4289/1352 3268/4248/1352
f 3268/4248/1341 3307/4289/1341 3293/4275/1341 3260/4240/1341
f 3242/4221/1133 3263/4243/1133 3300/4282/1133 3280/4261/1133
f 3255/4234/1353 3291/4272/1353 3308/4290/1353 3267/4247/1353
f 3238/4217/1130 3261/4241/1130 3296/4278/1130 3276/4257/1130
f 3250/4229/1354 3287/4268/1354 3305/4287/1354 3265/4245/1354
f 3232/4210/1124 3259/4238/1124 3292/4273/1124 3269/4249/1124
f 3245/4224/1116 3284/4265/1116 3302/4284/1116 3264/4244/1116
f 3240/4219/1355 3278/4259/1355 3298/4280/1355 3262/4242/1355
f 3329/4313/1357 3323/4305/1357 3342/4326/1357
f 3333/4317/1359 3310/4292/1359 3343/4327/1359
f 3330/4314/1363 3320/4302/1363 3331/4315/1363
f 3321/4303/1370 3340/4324/1370 3322/4304/1370
f 3318/4300/1376 3346/4330/1376 3317/4299/1376
f 3314/4296/1379 3344/4328/1379 3313/4295/1379
f 3228/4205/1381 3256/4235/1381 3340/4324/1381 3332/4316/1381
f 3228/4205/1382 3332/4316/1382 3321/4303/1382 3229/4206/1382
f 3306/4288/1383 3311/4293/1383 3328/4312/1383 3266/4246/1383
f 3255/4234/1384 3341/4325/1384 3325/4309/1384 3257/4236/1384
f 3229/4206/1223 3321/4303/1223 3309/4291/1223 3199/4176/1223
f 3243/4222/1385 3337/4321/1385 3306/4288/1385
f 3306/4288/1386 3337/4321/1386 3311/4293/1386
f 3257/4236/1387 3325/4309/1387 3324/4308/1387 3233/4212/1387
f 3238/4217/1388 3199/4176/1388 3309/4291/1388 3333/4317/1388
f 3268/4248/1389 3326/4310/1389 3267/4247/1389
f 3267/4247/1390 3326/4310/1390 3348/4332/1390
f 3259/4238/1391 3342/4326/1391 3260/4239/1391
f 3240/4219/1393 3334/4318/1393 3314/4296/1393 3215/4192/1393
f 3268/4248/1394 3260/4240/1394 3323/4306/1394 3326/4310/1394
f 3294/4276/1214 3322/4304/1214 3256/4235/1214
f 3256/4235/1395 3322/4304/1395 3340/4324/1395
f 3218/4195/1212 3215/4192/1212 3314/4296/1212 3315/4297/1212
f 3242/4221/1396 3335/4319/1396 3345/4329/1396 3263/4243/1396
f 3294/4276/1397 3295/4277/1397 3310/4292/1397 3322/4304/1397
f 3242/4221/1398 3218/4195/1398 3315/4297/1398 3335/4319/1398
f 3255/4234/1399 3267/4247/1399 3348/4332/1399 3341/4325/1399
f 3261/4241/1400 3343/4327/1400 3295/4277/1400
f 3295/4277/1401 3343/4327/1401 3310/4292/1401
f 3214/4191/1402 3336/4320/1402 3337/4321/1402 3243/4222/1402
f 3238/4217/1403 3333/4317/1403 3343/4327/1403 3261/4241/1403
f 3297/4279/1201 3313/4295/1201 3262/4242/1201
f 3245/4224/1405 3338/4322/1405 3318/4300/1405 3226/4203/1405
f 3250/4229/1406 3265/4245/1406 3347/4331/1406 3339/4323/1406
f 3297/4279/1407 3299/4281/1407 3316/4298/1407 3313/4295/1407
f 3433/4424/1053 3474/4510/1053 3473/4508/1053 3472/4506/1053 3471/4504/1053 3470/4502/1053 3469/4500/1053 3468/4498/1053 3466/4493/1053 3465/4491/1053 3464/4489/1053 3463/4487/1053 3461/4483/1053 3458/4477/1053 3450/4460/1053 3448/4455/1053 3444/4447/1053 3441/4441/1053 3439/4437/1053 3436/4431/1053
f 3460/4481/1269 3432/4422/1269 3430/4419/1269 3454/4467/1269 3455/4470/1269 3434/4426/1269 3435/4428/1269
f 3430/4420/1056 3432/4422/1056 3431/4421/1056 3429/4418/1056 3560/4646/1056 3559/4644/1056 3563/4652/1056 3565/4656/1056 3566/4658/1056 3573/4673/1056 3574/4675/1056 3575/4677/1056 3578/4683/1056 3577/4681/1056 3579/4685/1056 3576/4679/1056 3580/4687/1056 3572/4671/1056 3571/4669/1056 3570/4666/1056 3564/4654/1056 3558/4642/1056 3561/4648/1056
f 3173/4148/1056 3170/4145/1056 3169/4144/1056 3552/4630/1056 3551/4628/1056 3599/4732/1056 3601/4736/1056 3602/4738/1056 3605/4744/1056 3606/4746/1056
f 3613/4761/1056 3220/4197/1056 3221/4198/1056 3610/4755/1056 3611/4757/1056
f 3610/4755/1056 3221/4198/1056 3186/4162/1056 3173/4148/1056 3606/4746/1056 3608/4750/1056
f 3220/4197/1149 3613/4761/1149 3614/4763/1149 3617/4769/1149 3443/4444/1149 3445/4448/1149
f 3220/4197/1514 3445/4448/1514 3588/4706/1514 3587/4704/1514 3590/4712/1514 3591/4714/1514 3518/4561/1514 3517/4558/1514 3520/4565/1514 3526/4577/1514 3223/4200/1514
f 3225/4202/1135 3224/4201/1135 3447/4452/1135 3609/4752/1135 3607/4748/1135 3612/4759/1135 3615/4765/1135 3618/4771/1135 3621/4777/1135
f 3552/4630/1056 3169/4144/1056 3553/4632/1056
f 3169/4144/1056 3191/4168/1056 3230/4208/1056 3547/4619/1056 3546/4617/1056 3553/4632/1056
f 3455/4471/1125 3454/4468/1125 3443/4444/1125 3617/4769/1125 3616/4767/1125 3619/4773/1125 3515/4554/1125 3519/4563/1125 3523/4571/1125 3528/4581/1125
f 3249/4228/1121 3251/4230/1121 3550/4625/1121 3549/4623/1121 3554/4634/1121 3457/4474/1121 3438/4434/1121
f 3525/4575/1187 3459/4478/1187 3460/4480/1187 3435/4429/1187 3231/4209/1187 3234/4213/1187 3569/4664/1187 3568/4662/1187 3581/4690/1187 3632/4799/1187 3631/4797/1187 3633/4801/1187 3630/4795/1187 3626/4787/1187 3629/4793/1187 3516/4556/1187 3521/4567/1187
f 3547/4619/1169 3230/4208/1169 3434/4427/1169 3455/4471/1169 3528/4581/1169 3529/4583/1169 3532/4589/1169 3533/4591/1169 3537/4599/1169 3539/4603/1169 3543/4611/1169
f 3594/4721/1087 3456/4472/1087 3239/4218/1087 3225/4202/1087 3621/4777/1087 3620/4775/1087 3622/4779/1087 3623/4781/1087 3624/4783/1087 3625/4785/1087 3627/4789/1087 3628/4791/1087 3592/4717/1087 3593/4719/1087
f 3457/4474/1167 3554/4634/1167 3555/4636/1167 3557/4640/1167 3567/4660/1167 3582/4692/1167
f 3550/4625/1167 3251/4230/1167 3223/4200/1167 3526/4577/1167 3524/4573/1167 3530/4585/1167 3534/4593/1167 3536/4597/1167 3540/4605/1167 3542/4609/1167 3545/4615/1167
f 3569/4664/1089 3234/4213/1089 3208/4185/1089 3453/4465/1089 3459/4478/1089 3525/4575/1089 3522/4569/1089 3527/4579/1089 3531/4587/1089 3535/4595/1089 3538/4601/1089 3541/4607/1089 3544/4613/1089 3548/4621/1089 3556/4638/1089 3562/4650/1089
f 3609/4753/1516 3447/4453/1516 3446/4451/1516 3431/4421/1516 3432/4422/1516 3460/4481/1516 3459/4479/1516 3453/4466/1516 3440/4439/1516 3442/4443/1516 3456/4473/1516 3594/4722/1516 3595/4724/1516 3596/4726/1516 3597/4728/1516 3598/4730/1516 3600/4734/1516 3603/4740/1516 3604/4742/1516
f 3658/4851/1053 2802/3509/1053 2800/3506/1053 2801/3508/1053 2803/3510/1053 3659/4853/1053 3660/4855/1053 3661/4857/1053 3663/4861/1053 3664/4863/1053 3670/4876/1053 3666/4868/1053 3667/4870/1053 3641/4816/1053 3639/4812/1053 3640/4814/1053 3635/4804/1053 3636/4806/1053 3669/4874/1053 3665/4866/1053 3671/4878/1053 3662/4859/1053 3657/4849/1053
f 3719/4979/1053 2564/3258/1053 2504/3195/1053 2511/3203/1053 3722/4985/1053 3723/4987/1053 3724/4989/1053 3727/4995/1053 3726/4993/1053 3728/4997/1053
f 2563/3257/1053 2564/3258/1053 3720/4981/1053 3734/5010/1053 3642/4818/1053 2602/3297/1053
f 3722/4985/1053 2511/3203/1053 2515/3207/1053 2569/3263/1053 3725/4991/1053 3743/5029/1053
f 3646/4826/1377 3643/4820/1377 2806/3517/1377 2805/3515/1377 2602/3297/1377 3642/4818/1377 3644/4822/1377 3645/4824/1377 3649/4832/1377 3647/4828/1377 3648/4830/1377
f 3655/4845/1355 2573/3267/1355 2619/3315/1355 2808/3520/1355 3654/4842/1355 3652/4838/1355 3672/4880/1355 3673/4883/1355 3674/4885/1355 3680/4898/1355 3679/4896/1355 3675/4887/1355 3678/4894/1355 3656/4847/1355
f 2811/3526/1380 3677/4891/1380 3668/4872/1380 3653/4840/1380 3651/4836/1380 3650/4834/1380
f 3690/4919/1517 2577/3271/1517 2607/3303/1517 3638/4810/1517 3634/4802/1517 3688/4915/1517 3685/4908/1517 3684/4906/1517 3683/4904/1517 3686/4910/1517 3691/4921/1517
f 3694/4927/1518 2812/3528/1518 2814/3532/1518 2592/3286/1518 2565/3259/1518 3698/4935/1518 3700/4939/1518 3702/4944/1518 3706/4952/1518 3704/4948/1518 3705/4950/1518 3703/4946/1518 3699/4937/1518 3697/4933/1518 3695/4929/1518 3696/4931/1518
f 3708/4956/1519 2820/3545/1519 2576/3270/1519 2573/3267/1519 3655/4845/1519 3709/4959/1519 3711/4963/1519 3710/4961/1519 3707/4954/1519
f 3687/4912/1332 2822/3549/1332 2580/3274/1332 2577/3271/1332 3690/4919/1332 3714/4969/1332 3715/4971/1332 3701/4941/1332 3693/4925/1332 3692/4923/1332 3689/4917/1332
f 3720/4981/1053 2564/3258/1053 3719/4979/1053
f 2569/3263/1053 2580/3274/1053 3731/5004/1053 3730/5002/1053 3725/4991/1053
f 3733/5008/1520 3698/4935/1520 2565/3259/1520 2627/3323/1520 2824/3555/1520 2823/3552/1520 2812/3528/1520 3694/4927/1520 3732/5006/1520 3736/5014/1520 3737/5016/1520 3742/5027/1520 3738/5018/1520 3735/5012/1520 3739/5020/1520 3741/5025/1520 3740/5022/1520
f 2607/3303/1354 2609/3305/1354 2826/3558/1354 2811/3526/1354 3650/4834/1354 3637/4808/1354 3638/4810/1354
f 2830/3566/1353 2831/3568/1353 2806/3517/1353 3643/4820/1353 3744/5031/1353 3747/5037/1353 3746/5035/1353 3748/5039/1353 3745/5033/1353 3749/5041/1353
f 3731/5004/1521 2580/3274/1521 2822/3549/1521 2830/3566/1521 3749/5041/1521 3750/5043/1521
f 3676/4889/1515 3677/4892/1515 2811/3527/1515 2826/3559/1515 2828/3563/1515 2816/3537/1515 2815/3535/1515 2802/3509/1515 3658/4851/1515 3752/5048/1515 3751/5045/1515 3659/4853/1515 2803/3510/1515 2831/3569/1515 2830/3567/1515 2822/3550/1515 3687/4913/1515 3682/4902/1515 3681/4900/1515
usemtl dark
f 2695/3395/1172 2694/3393/1172 2700/3401/1172
f 2680/3379/1174 2681/3380/1174 2704/3405/1174
f 2686/3385/1176 2687/3386/1176 2706/3407/1176
f 2690/3389/1178 2691/3390/1178 2701/3402/1178
f 2692/3391/1180 2693/3392/1180 2681/3380/1180 2680/3379/1180
f 2683/3382/1181 2682/3381/1181 2707/3408/1181
f 2685/3384/1183 2684/3383/1183 2687/3386/1183 2686/3385/1183
f 2689/3388/1184 2688/3387/1184 2691/3390/1184 2690/3389/1184
f 2703/3404/1185 2711/3412/1185 2692/3391/1185
f 2712/3413/1187 2719/3420/1187 2696/3397/1187
f 2710/3411/1189 2718/3419/1189 2698/3399/1189
f 2709/3410/1191 2717/3418/1191 2689/3388/1191
f 2696/3397/1193 2697/3398/1193 2694/3394/1193 2695/3396/1193
f 2705/3406/1194 2715/3416/1194 2685/3384/1194
f 2683/3382/1196 2698/3399/1196 2699/3400/1196 2682/3381/1196
f 3324/4307/1356 3323/4305/1356 3329/4313/1356
f 3309/4291/1358 3310/4292/1358 3333/4317/1358
f 3315/4297/1360 3316/4298/1360 3335/4319/1360
f 3319/4301/1362 3320/4302/1362 3330/4314/1362
f 3321/4303/1364 3322/4304/1364 3310/4292/1364 3309/4291/1364
f 3312/4294/1365 3311/4293/1365 3336/4320/1365
f 3314/4296/1367 3313/4295/1367 3316/4298/1367 3315/4297/1367
f 3318/4300/1368 3317/4299/1368 3320/4302/1368 3319/4301/1368
f 3332/4316/1369 3340/4324/1369 3321/4303/1369
f 3341/4325/1371 3348/4332/1371 3325/4309/1371
f 3339/4323/1373 3347/4331/1373 3327/4311/1373
f 3338/4322/1375 3346/4330/1375 3318/4300/1375
f 3325/4309/1377 3326/4310/1377 3323/4306/1377 3324/4308/1377
f 3334/4318/1378 3344/4328/1378 3314/4296/1378
f 3312/4294/1380 3327/4311/1380 3328/4312/1380 3311/4293/1380
usemtl tyre_type_colour
f 2862/3616/1056 2880/3634/1056 2881/3635/1056 2863/3617/1056
f 2853/3607/1056 2871/3625/1056 2872/3626/1056 2854/3608/1056
f 2846/3599/1056 2884/3638/1056 2866/3620/1056 2847/3601/1056
f 2857/3611/1056 2875/3629/1056 2876/3630/1056 2858/3612/1056
f 2847/3601/1056 2866/3620/1056 2867/3621/1056 2849/3603/1056
f 2861/3615/1056 2879/3633/1056 2880/3634/1056 2862/3616/1056
f 2852/3606/1056 2870/3624/1056 2871/3625/1056 2853/3607/1056
f 2865/3619/1056 2883/3637/1056 2885/3640/1056 2848/3602/1056
f 2856/3610/1056 2874/3628/1056 2875/3629/1056 2857/3611/1056
f 2848/3602/1056 2885/3640/1056 2884/3639/1056 2846/3600/1056
f 2860/3614/1056 2878/3632/1056 2879/3633/1056 2861/3615/1056
f 2851/3605/1056 2869/3623/1056 2870/3624/1056 2852/3606/1056
f 2864/3618/1056 2882/3636/1056 2883/3637/1056 2865/3619/1056
f 2855/3609/1056 2873/3627/1056 2874/3628/1056 2856/3610/1056
f 2859/3613/1056 2877/3631/1056 2878/3632/1056 2860/3614/1056
f 2850/3604/1056 2868/3622/1056 2869/3623/1056 2851/3605/1056
f 2863/3617/1056 2881/3635/1056 2882/3636/1056 2864/3618/1056
f 2854/3608/1056 2872/3626/1056 2873/3627/1056 2855/3609/1056
f 2858/3612/1056 2876/3630/1056 2877/3631/1056 2859/3613/1056
f 2849/3603/1056 2867/3621/1056 2868/3622/1056 2850/3604/1056
f 3491/4528/1053 3509/4546/1053 3510/4547/1053 3492/4529/1053
f 3482/4519/1053 3500/4537/1053 3501/4538/1053 3483/4520/1053
f 3475/4511/1053 3513/4550/1053 3495/4532/1053 3476/4513/1053
f 3486/4523/1053 3504/4541/1053 3505/4542/1053 3487/4524/1053
f 3476/4513/1053 3495/4532/1053 3496/4533/1053 3478/4515/1053
f 3490/4527/1053 3508/4545/1053 3509/4546/1053 3491/4528/1053
f 3481/4518/1053 3499/4536/1053 3500/4537/1053 3482/4519/1053
f 3494/4531/1053 3512/4549/1053 3514/4552/1053 3477/4514/1053
f 3485/4522/1053 3503/4540/1053 3504/4541/1053 3486/4523/1053
f 3477/4514/1053 3514/4552/1053 3513/4551/1053 3475/4512/1053
f 3489/4526/1053 3507/4544/1053 3508/4545/1053 3490/4527/1053
f 3480/4517/1053 3498/4535/1053 3499/4536/1053 3481/4518/1053
f 3493/4530/1053 3511/4548/1053 3512/4549/1053 3494/4531/1053
f 3484/4521/1053 3502/4539/1053 3503/4540/1053 3485/4522/1053
f 3488/4525/1053 3506/4543/1053 3507/4544/1053 3489/4526/1053
f 3479/4516/1053 3497/4534/1053 3498/4535/1053 3480/4517/1053
f 3492/4529/1053 3510/4547/1053 3511/4548/1053 3493/4530/1053
f 3483/4520/1053 3501/4538/1053 3502/4539/1053 3484/4521/1053
f 3487/4524/1053 3505/4542/1053 3506/4543/1053 3488/4525/1053
f 3478/4515/1053 3496/4533/1053 3497/4534/1053 3479/4516/1053
o Cube.007
v 5.170271 2.014103 1.586468
v 5.323093 1.989898 1.586468
v 5.323093 1.989898 2.501004
v 5.170271 2.014103 2.501004
v 5.460955 1.919654 1.586468
v 5.460955 1.919654 2.501004
v 5.570364 1.810246 1.586468
v 5.570364 1.810246 2.501004
v 5.640608 1.672383 1.586468
v 5.640608 1.672383 2.501004
v 5.664812 1.519562 1.586468
v 5.664813 1.519562 2.501004
v 5.640608 1.366740 1.586468
v 5.640608 1.366740 2.501004
v 5.570364 1.228878 1.586468
v 5.570364 1.228878 2.501004
v 5.460955 1.119470 1.586468
v 5.460955 1.119470 2.501004
v 5.323093 1.049225 1.586468
v 5.323093 1.049225 2.501004
v 5.170271 1.025021 1.586468
v 5.170271 1.025021 2.501004
v 5.017450 1.049225 1.586468
v 5.017450 1.049225 2.501004
v 4.879587 1.119470 1.586468
v 4.879587 1.119470 2.501004
v 4.770179 1.228878 1.586468
v 4.770179 1.228878 2.501004
v 4.699935 1.366741 1.586468
v 4.699935 1.366741 2.501004
v 4.675731 1.519562 1.586468
v 4.675731 1.519562 2.501004
v 4.699935 1.672384 1.586468
v 4.699935 1.672384 2.501004
v 4.770180 1.810246 1.586468
v 4.770180 1.810246 2.501004
v 4.879588 1.919654 1.586468
v 4.879588 1.919654 2.501004
v 5.017451 1.989898 1.586468
v 5.017451 1.989898 2.501004
v 5.170271 2.014103 1.611089
v 5.323093 1.989898 1.611089
v 5.323093 1.989898 2.476383
v 5.170271 2.014103 2.476383
v 4.675731 1.519562 2.476383
v 4.758150 1.519562 2.476383
v 5.640608 1.366740 2.476383
v 5.562222 1.392209 2.476383
v 5.460955 1.919654 1.611089
v 5.460955 1.919654 2.476383
v 4.758150 1.519562 1.611089
v 4.675731 1.519562 1.611089
v 5.570364 1.810246 1.611089
v 5.570364 1.810246 2.476383
v 4.699935 1.366741 1.611089
v 4.778320 1.392210 1.611089
v 5.640608 1.672383 1.611089
v 5.640608 1.672383 2.476383
v 5.562222 1.392209 1.611089
v 5.640608 1.366740 1.611089
v 5.664813 1.519562 1.611089
v 5.664813 1.519562 2.476383
v 5.582393 1.519562 1.611089
v 4.928033 1.852975 2.476383
v 4.879588 1.919654 2.476383
v 5.570364 1.228878 1.611089
v 5.570364 1.228878 2.476383
v 5.017451 1.989898 2.476383
v 5.042920 1.911513 2.476383
v 5.460955 1.119470 1.611089
v 5.460955 1.119470 2.476383
v 5.297624 1.127611 2.476383
v 5.323093 1.049225 2.476383
v 5.323093 1.049225 1.611089
v 5.170271 1.025021 2.476383
v 5.170271 1.107440 2.476383
v 5.170271 1.025021 1.611089
v 5.042920 1.911513 1.611089
v 5.017451 1.989898 1.611089
v 5.017450 1.049225 1.611089
v 5.017450 1.049225 2.476383
v 4.879588 1.919654 1.611089
v 4.928033 1.852975 1.611089
v 4.879587 1.119470 1.611089
v 4.879587 1.119470 2.476383
v 5.170271 1.107440 1.611089
v 4.770179 1.228878 1.611089
v 4.770179 1.228878 2.476383
v 5.297624 1.127611 1.611089
v 4.699935 1.366741 2.476383
v 5.170271 1.931683 2.476383
v 5.297624 1.911512 2.476383
v 4.699935 1.672384 1.611089
v 4.699935 1.672384 2.476383
v 4.836858 1.277323 2.476383
v 4.770180 1.810246 1.611089
v 4.770180 1.810246 2.476383
v 4.778320 1.392210 2.476383
v 5.562222 1.646914 2.476383
v 5.582393 1.519562 2.476383
v 5.170271 1.931683 1.611089
v 5.297624 1.911512 1.611089
v 4.933580 1.845341 1.611089
v 5.294708 1.136586 1.611089
v 5.412510 1.852975 1.611089
v 5.412510 1.852975 2.476383
v 4.864220 1.281313 2.303724
v 5.503685 1.761801 1.611089
v 5.503685 1.761801 2.476383
v 5.540875 1.639978 2.303729
v 5.562222 1.646914 1.611089
v 4.844493 1.282870 1.611089
v 4.836858 1.277323 1.611089
v 4.928032 1.186149 1.611089
v 4.933579 1.193783 1.611089
v 5.553247 1.643998 1.611089
v 5.503685 1.277323 1.611089
v 5.503685 1.277323 2.476383
v 5.496050 1.756254 1.611089
v 5.412510 1.186149 1.611089
v 5.412510 1.186149 2.476383
v 4.799667 1.639979 2.303729
v 4.778321 1.646915 2.476383
v 4.836859 1.761801 2.476383
v 4.849109 1.737011 2.303724
v 5.485526 1.290516 2.303729
v 5.042919 1.127611 1.611089
v 5.042919 1.127611 2.476383
v 5.399317 1.204307 2.303729
v 4.928032 1.186149 2.476383
v 4.844493 1.756254 1.611089
v 4.836858 1.761801 1.611089
v 4.778321 1.646915 1.611089
v 4.787296 1.643999 1.611089
v 5.406963 1.193783 1.611089
v 5.496050 1.282870 1.611089
v 5.049855 1.148958 2.303729
v 4.941226 1.204307 2.303729
v 5.408520 1.825613 2.303724
v 5.485526 1.748608 2.303729
v 5.170271 1.922246 1.611089
v 5.294708 1.902537 1.611089
v 5.277833 1.892202 2.303724
v 5.170271 1.909238 2.303729
v 5.406963 1.845340 1.611089
v 5.141034 1.482430 2.309580
v 5.203089 1.530225 2.309802
v 5.572956 1.519562 1.611089
v 5.557911 1.532417 2.303724
v 5.553247 1.395125 1.611089
v 5.534966 1.387549 2.303724
v 5.137454 1.530224 2.309802
v 5.302285 1.154867 2.303724
v 5.125923 1.535894 2.309580
v 5.170271 1.116877 1.611089
v 5.157416 1.131922 2.303724
v 5.198188 1.499280 2.309802
v 5.045835 1.136586 1.611089
v 5.190554 1.491645 2.309802
v 4.787296 1.395126 1.611089
v 4.797631 1.412001 2.303724
v 4.767587 1.519562 1.611089
v 4.780595 1.519562 2.303729
v 5.159608 1.486744 2.309802
v 5.149989 1.491646 2.309802
v 4.952823 1.840725 2.303724
v 5.207404 1.548799 2.309580
v 5.045836 1.902538 1.611089
v 5.049856 1.890166 2.303729
v 5.198188 1.539844 2.309802
v 5.172100 1.566787 2.309580
v 5.170271 1.567077 2.309574
v 5.215751 1.532417 2.309580
v 5.209552 1.493282 2.309580
v 5.196551 1.480281 2.309580
v 5.157416 1.474083 2.309580
v 5.123045 1.517734 2.309580
v 5.122756 1.519562 2.309574
v 5.153940 1.563911 2.309580
v 5.155589 1.564751 2.309574
v 5.294708 1.902537 2.303501
v 5.170271 1.922246 2.303501
v 4.844493 1.282870 2.303501
v 5.142355 1.499279 2.309802
v 5.496050 1.756254 2.303501
v 5.406963 1.845340 2.303501
v 5.553247 1.643998 2.303501
v 5.572956 1.519562 2.303501
v 5.496050 1.282870 2.303501
v 5.553247 1.395125 2.303501
v 5.406963 1.193783 2.303501
v 5.294708 1.136586 2.303501
v 4.844493 1.756254 2.303501
v 5.142355 1.539844 2.309802
v 5.045835 1.136586 2.303501
v 5.170271 1.116877 2.303501
v 4.933579 1.193783 2.303501
v 4.767587 1.519562 2.303501
v 4.787296 1.395126 2.303501
v 4.787296 1.643999 2.303501
v 5.190554 1.547478 2.309802
v 5.045836 1.902538 2.303501
v 4.933580 1.845341 2.303501
v 5.180935 1.552379 2.309802
v 5.170271 1.554068 2.309802
v 5.208712 1.547490 2.309574
v 5.215461 1.534245 2.309574
v 5.204778 1.519562 2.309802
v 5.208712 1.491634 2.309574
v 5.203089 1.508899 2.309802
v 5.198200 1.481121 2.309574
v 5.180935 1.486744 2.309802
v 5.155589 1.474373 2.309574
v 5.170271 1.485055 2.309802
v 5.142343 1.481122 2.309574
v 5.135764 1.519562 2.309803
v 5.137454 1.508899 2.309802
v 5.125082 1.534244 2.309574
v 5.159609 1.552380 2.309802
v 5.149989 1.547478 2.309802
v 5.522380 1.633971 1.986599
v 5.196966 1.528237 1.992444
v 5.143577 1.528232 1.992443
v 4.818161 1.633967 1.986599
v 5.192978 1.503063 1.992443
v 5.469792 1.301945 1.986599
v 5.387888 1.220040 1.986599
v 5.186771 1.496854 1.992444
v 5.161597 1.492868 1.992443
v 5.055863 1.167453 1.986599
v 4.952656 1.220039 1.986599
v 5.153774 1.496854 1.992443
v 5.469794 1.737176 1.986599
v 5.192980 1.536058 1.992443
v 5.170269 1.547630 1.992444
v 5.170269 1.889792 1.986599
v 5.055866 1.871672 1.986599
v 5.161600 1.546257 1.992443
v 4.800041 1.519564 1.986599
v 5.142202 1.519564 1.992444
v 5.274750 1.872747 1.986597
v 4.878149 1.295242 1.986597
v 5.154963 1.496359 1.992453
v 5.394591 1.811685 1.986597
v 5.538455 1.529337 1.986597
v 5.517416 1.396493 1.986597
v 5.293344 1.172419 1.986597
v 4.866659 1.728069 1.986597
v 5.143473 1.526951 1.992453
v 5.160499 1.151377 1.986597
v 4.817086 1.415086 1.986597
v 5.193474 1.534870 1.992454
v 4.961765 1.823174 1.986597
v 5.169016 1.547332 1.992453
v 5.196295 1.529337 1.992453
v 5.192002 1.502227 1.992454
v 5.187611 1.497833 1.992453
v 5.160499 1.493538 1.992453
v 5.142500 1.520819 1.992453
v 5.162882 1.546360 1.992453
v 5.170271 2.385717 1.615908
v 5.170271 2.329256 1.586468
v 5.170271 2.329256 2.501004
v 5.170271 2.385717 2.471564
v 5.420481 2.289627 1.586468
v 5.437928 2.343324 1.615908
v 5.437928 2.343324 2.471564
v 5.420481 2.289627 2.501004
v 5.646198 2.174618 1.586468
v 5.679385 2.220296 1.615908
v 5.679385 2.220296 2.471564
v 5.646198 2.174618 2.501004
v 5.825328 1.995488 1.586468
v 5.871006 2.028675 1.615908
v 5.871006 2.028675 2.471564
v 5.825328 1.995488 2.501004
v 5.940336 1.769771 1.586468
v 5.994034 1.787218 1.615908
v 5.994034 1.787218 2.471564
v 5.940336 1.769771 2.501004
v 5.979966 1.519562 1.586468
v 6.036427 1.519562 1.615908
v 6.036427 1.519562 2.471564
v 5.979966 1.519562 2.501004
v 5.940336 1.269352 1.586468
v 5.994034 1.251905 1.615908
v 5.994034 1.251905 2.471564
v 5.940336 1.269352 2.501004
v 5.825328 1.043636 1.586468
v 5.871006 1.010449 1.615908
v 5.871006 1.010449 2.471564
v 5.825328 1.043636 2.501004
v 5.646198 0.864505 1.586468
v 5.679385 0.818828 1.615908
v 5.679385 0.818828 2.471564
v 5.646198 0.864505 2.501004
v 5.420481 0.749497 1.586468
v 5.437928 0.695799 1.615908
v 5.437928 0.695799 2.471564
v 5.420481 0.749497 2.501004
v 5.170271 0.709868 1.586468
v 5.170271 0.653407 1.615908
v 5.170271 0.653407 2.471564
v 5.170271 0.709868 2.501004
v 4.920062 0.749497 1.586468
v 4.902615 0.695799 1.615908
v 4.902615 0.695799 2.471564
v 4.920062 0.749497 2.501004
v 4.694345 0.864506 1.586468
v 4.661158 0.818828 1.615908
v 4.661158 0.818828 2.471564
v 4.694345 0.864506 2.501004
v 4.515215 1.043636 1.586468
v 4.469537 1.010449 1.615908
v 4.469537 1.010449 2.471564
v 4.515215 1.043636 2.501004
v 4.400206 1.269353 1.586468
v 4.346509 1.251906 1.615908
v 4.346509 1.251906 2.471564
v 4.400207 1.269353 2.501004
v 4.360577 1.519563 1.586468
v 4.304116 1.519563 1.615908
v 4.304116 1.519563 2.471564
v 4.360577 1.519563 2.501004
v 4.400207 1.769772 1.586468
v 4.346509 1.787219 1.615908
v 4.346509 1.787219 2.471564
v 4.400207 1.769772 2.501004
v 4.515216 1.995489 1.586468
v 4.469538 2.028676 1.615908
v 4.469538 2.028676 2.471564
v 4.515216 1.995489 2.501004
v 4.694346 2.174619 1.586468
v 4.661159 2.220297 1.615908
v 4.661159 2.220297 2.471564
v 4.694346 2.174619 2.501004
v 4.920063 2.289627 1.586468
v 4.902616 2.343325 1.615908
v 4.902616 2.343325 2.471564
v 4.920063 2.289627 2.501004
v 5.067036 1.351025 1.469184
v 5.067036 1.688175 1.469184
v 5.273415 1.351025 1.469184
v 5.273415 1.688175 1.469184
v 5.137454 1.508899 1.806334
v 5.170271 1.688175 1.607083
v 5.225057 1.688175 1.607232
v 5.135764 1.519562 1.806334
v 5.067036 1.444556 1.606381
v 5.067036 1.486019 1.606055
v 5.137454 1.530224 1.806334
v 5.273415 1.553075 1.606053
v 5.142355 1.539844 1.806334
v 5.273415 1.519562 1.605963
v 5.149989 1.547478 1.806334
v 5.273415 1.351025 1.607611
v 5.273415 1.377597 1.607200
v 5.159609 1.552380 1.806334
v 5.225032 1.351025 1.607230
v 5.170271 1.554068 1.806334
v 5.067036 1.377470 1.607203
v 5.170271 1.351025 1.607081
v 5.273415 1.594500 1.606379
v 5.067036 1.688175 1.607613
v 5.115486 1.688175 1.607231
v 5.273415 1.486048 1.606053
v 5.273415 1.444624 1.606379
v 5.180934 1.552379 1.806334
v 5.273415 1.661526 1.607200
v 5.273415 1.688175 1.607612
v 5.190554 1.547478 1.806334
v 5.115510 1.351025 1.607230
v 5.198188 1.539844 1.806334
v 5.203089 1.530225 1.806334
v 5.204778 1.519562 1.806334
v 5.203089 1.508899 1.806334
v 5.067036 1.351025 1.607611
v 5.198188 1.499280 1.806334
v 5.190554 1.491645 1.806334
v 5.180935 1.486744 1.806334
v 5.170271 1.485055 1.806334
v 5.159608 1.486744 1.806334
v 5.149989 1.491646 1.806334
v 5.142355 1.499279 1.806334
v 5.170271 2.250468 2.501004
v 5.396134 2.214694 2.501004
v 4.944410 2.214695 2.501004
v 5.599887 2.110877 2.501004
v 5.761587 1.949178 2.501004
v 5.865404 1.745424 2.501004
v 5.901177 1.519562 2.501004
v 5.865404 1.293699 2.501004
v 5.761587 1.089946 2.501004
v 5.599887 0.928246 2.501004
v 5.396133 0.824429 2.501004
v 5.170271 0.788656 2.501004
v 4.944409 0.824429 2.501004
v 4.740655 0.928247 2.501004
v 4.578956 1.089947 2.501004
v 4.475139 1.293700 2.501004
v 4.439365 1.519562 2.501004
v 4.475139 1.745425 2.501004
v 4.578957 1.949178 2.501004
v 4.740657 2.110878 2.501004
v 5.366918 2.124776 2.501004
v 5.544314 2.034388 2.501004
v 5.685098 1.893605 2.501004
v 5.775486 1.716208 2.501004
v 5.806632 1.519562 2.501004
v 5.775486 1.322916 2.501004
v 5.685098 1.145519 2.501004
v 5.544314 1.004736 2.501004
v 5.366918 0.914347 2.501004
v 5.170271 0.883202 2.501004
v 4.973625 0.914348 2.501004
v 4.796228 1.004736 2.501004
v 4.655445 1.145519 2.501004
v 4.565057 1.322916 2.501004
v 4.533912 1.519562 2.501004
v 4.565057 1.716208 2.501004
v 4.655446 1.893605 2.501004
v 4.796229 2.034388 2.501004
v 5.170271 2.155922 2.501004
v 4.973627 2.124776 2.501004
v 4.750404 1.645102 0.550909
v 4.779603 1.642399 0.550909
v 4.805945 1.634555 0.550909
v 4.826849 1.622338 0.550909
v 4.840271 1.606943 0.550909
v 4.844895 1.589878 0.550909
v 4.840271 1.572812 0.550909
v 4.826849 1.557418 0.550909
v 4.805945 1.545200 0.550909
v 4.779603 1.537356 0.550909
v 4.750404 1.534653 0.550909
v 4.721205 1.537356 0.550909
v 4.694863 1.545200 0.550909
v 4.673959 1.557418 0.550909
v 4.660537 1.572812 0.550909
v 4.655913 1.589878 0.550909
v 4.660537 1.606943 0.550909
v 4.673959 1.622338 0.550909
v 4.694863 1.634555 0.550909
v 4.721205 1.642399 0.550909
v 3.687997 1.178045 0.580156
v 3.692206 1.174521 0.580855
v 3.695423 1.170500 0.582884
v 3.697333 1.166378 0.586043
v 3.697749 1.162556 0.590024
v 3.696630 1.159410 0.594437
v 3.694086 1.157247 0.598850
v 3.690366 1.156279 0.602832
v 3.685833 1.156600 0.605991
v 3.680933 1.158181 0.608020
v 3.676143 1.160864 0.608719
v 3.671935 1.164389 0.608020
v 3.668717 1.168409 0.605991
v 3.666808 1.172532 0.602832
v 3.666392 1.176354 0.598850
v 3.667511 1.179500 0.594437
v 3.670055 1.181663 0.590024
v 3.673775 1.182631 0.586043
v 3.678308 1.182309 0.582884
v 3.683208 1.180729 0.580855
v 4.415092 2.009408 0.605868
v 4.455635 2.006758 0.605868
v 4.492209 1.999069 0.605868
v 4.521235 1.987092 0.605868
v 4.539870 1.972001 0.605868
v 4.546291 1.955271 0.605868
v 4.539870 1.938542 0.605868
v 4.521235 1.923451 0.605868
v 4.492209 1.911474 0.605868
v 4.455635 1.903785 0.605868
v 4.415092 1.901135 0.605868
v 4.374549 1.903785 0.605868
v 4.337975 1.911474 0.605868
v 4.308949 1.923451 0.605868
v 4.290314 1.938543 0.605868
v 4.283893 1.955272 0.605868
v 4.290314 1.972001 0.605868
v 4.308949 1.987092 0.605868
v 4.337975 1.999069 0.605868
v 4.374549 2.006758 0.605868
v 5.091191 1.666372 0.102691
v 5.131637 1.662628 0.102691
v 5.168124 1.651763 0.102691
v 5.197080 1.634840 0.102691
v 5.215672 1.613516 0.102691
v 5.222077 1.589878 0.102691
v 5.215672 1.566239 0.102691
v 5.197080 1.544915 0.102691
v 5.168124 1.527992 0.102691
v 5.131637 1.517127 0.102691
v 5.091191 1.513383 0.102691
v 5.050745 1.517127 0.102691
v 5.014258 1.527992 0.102691
v 4.985301 1.544915 0.102691
v 4.966711 1.566239 0.102691
v 4.960305 1.589878 0.102691
v 4.966711 1.613516 0.102691
v 4.985302 1.634840 0.102691
v 5.014258 1.651763 0.102691
v 5.050745 1.662629 0.102691
v 5.589607 1.838400 0.159104
v 5.614410 1.836779 0.159104
v 5.636785 1.832075 0.159104
v 5.654542 1.824748 0.159104
v 5.665943 1.815515 0.159104
v 5.669871 1.805281 0.159104
v 5.665943 1.795047 0.159104
v 5.654542 1.785814 0.159104
v 5.636785 1.778487 0.159104
v 5.614410 1.773783 0.159104
v 5.589607 1.772162 0.159104
v 5.564804 1.773783 0.159104
v 5.542429 1.778487 0.159104
v 5.524672 1.785814 0.159104
v 5.513272 1.795047 0.159104
v 5.509343 1.805281 0.159104
v 5.513272 1.815515 0.159104
v 5.524673 1.824748 0.159104
v 5.542429 1.832075 0.159104
v 5.564805 1.836779 0.159104
v 4.679571 1.824707 1.154294
v 4.673551 1.831364 1.159146
v 4.675943 1.828148 1.155665
v 4.684078 1.821377 1.155165
v 4.684858 1.820921 1.155643
v 4.689977 1.819106 1.158747
v 4.695490 1.817332 1.163992
v 4.699899 1.816115 1.170286
v 4.702773 1.815573 1.177011
v 4.703856 1.815775 1.183524
v 4.703804 1.815753 1.183352
v 4.704492 1.817648 1.190028
v 4.703568 1.820323 1.195277
v 4.701176 1.823539 1.198757
v 4.697548 1.826981 1.200129
v 4.696502 1.827754 1.199927
v 4.695351 1.831817 1.200595
v 4.692616 1.836152 1.198846
v 4.688913 1.839105 1.194648
v 4.672627 1.834039 1.164395
v 4.672698 1.834246 1.165113
v 4.684603 1.840387 1.188412
v 4.680110 1.839873 1.180749
v 4.675871 1.837613 1.172409
v 4.974402 1.557418 1.177072
v 4.966711 1.566239 1.111794
v 4.998235 1.642399 1.478708
v 4.964930 1.572812 1.079918
v 4.985053 1.634555 1.310984
v 4.985302 1.634840 1.316104
v 4.960305 1.589878 1.040666
v 4.960305 1.589878 1.040666
v 4.974402 1.622338 1.177072
v 4.964930 1.606943 1.079918
v 4.966711 1.613516 1.111796
v 4.985053 1.545200 1.310984
v 4.985302 1.544915 1.316102
v 4.998235 1.537356 1.478708
v 4.750404 1.645102 -0.550909
v 4.779603 1.642399 -0.550909
v 4.805944 1.634555 -0.550909
v 4.826849 1.622338 -0.550909
v 4.840271 1.606943 -0.550909
v 4.844895 1.589878 -0.550909
v 4.840271 1.572812 -0.550909
v 4.826849 1.557418 -0.550909
v 4.805944 1.545200 -0.550909
v 4.779603 1.537356 -0.550909
v 4.750404 1.534653 -0.550909
v 4.721205 1.537356 -0.550909
v 4.694863 1.545200 -0.550909
v 4.673959 1.557418 -0.550909
v 4.660537 1.572812 -0.550909
v 4.655912 1.589878 -0.550909
v 4.660537 1.606943 -0.550909
v 4.673959 1.622338 -0.550909
v 4.694863 1.634555 -0.550909
v 4.721205 1.642399 -0.550909
v 3.687997 1.178045 -0.580156
v 3.692206 1.174521 -0.580855
v 3.695423 1.170500 -0.582883
v 3.697333 1.166378 -0.586043
v 3.697749 1.162556 -0.590024
v 3.696630 1.159410 -0.594437
v 3.694086 1.157247 -0.598850
v 3.690365 1.156279 -0.602832
v 3.685833 1.156600 -0.605991
v 3.680933 1.158181 -0.608020
v 3.676143 1.160864 -0.608719
v 3.671934 1.164389 -0.608020
v 3.668717 1.168409 -0.605991
v 3.666808 1.172532 -0.602832
v 3.666392 1.176354 -0.598850
v 3.667511 1.179500 -0.594437
v 3.670055 1.181663 -0.590024
v 3.673775 1.182631 -0.586043
v 3.678308 1.182309 -0.582883
v 3.683208 1.180729 -0.580855
v 4.415092 2.009408 -0.605868
v 4.455635 2.006758 -0.605868
v 4.492209 1.999069 -0.605868
v 4.521235 1.987092 -0.605868
v 4.539870 1.972001 -0.605868
v 4.546291 1.955271 -0.605868
v 4.539870 1.938542 -0.605868
v 4.521235 1.923451 -0.605868
v 4.492209 1.911474 -0.605868
v 4.455635 1.903785 -0.605868
v 4.415092 1.901135 -0.605868
v 4.374549 1.903785 -0.605868
v 4.337975 1.911474 -0.605868
v 4.308949 1.923451 -0.605868
v 4.290314 1.938543 -0.605868
v 4.283893 1.955272 -0.605868
v 4.290314 1.972001 -0.605868
v 4.308949 1.987092 -0.605868
v 4.337975 1.999069 -0.605868
v 4.374549 2.006758 -0.605868
v 5.091191 1.666372 -0.102692
v 5.131637 1.662628 -0.102692
v 5.168124 1.651763 -0.102692
v 5.197080 1.634840 -0.102692
v 5.215672 1.613516 -0.102692
v 5.222077 1.589878 -0.102692
v 5.215671 1.566239 -0.102692
v 5.197080 1.544915 -0.102692
v 5.168124 1.527992 -0.102692
v 5.131637 1.517127 -0.102692
v 5.091191 1.513383 -0.102692
v 5.050745 1.517127 -0.102692
v 5.014258 1.527992 -0.102692
v 4.985301 1.544915 -0.102692
v 4.966711 1.566239 -0.102692
v 4.960305 1.589878 -0.102692
v 4.966711 1.613516 -0.102692
v 4.985302 1.634840 -0.102692
v 5.014258 1.651763 -0.102692
v 5.050745 1.662629 -0.102692
v 5.589607 1.838400 -0.159104
v 5.614410 1.836779 -0.159104
v 5.636785 1.832075 -0.159104
v 5.654542 1.824748 -0.159104
v 5.665943 1.815515 -0.159104
v 5.669871 1.805281 -0.159104
v 5.665943 1.795047 -0.159104
v 5.654542 1.785814 -0.159104
v 5.636785 1.778487 -0.159104
v 5.614410 1.773783 -0.159104
v 5.589607 1.772162 -0.159104
v 5.564804 1.773783 -0.159104
v 5.542429 1.778487 -0.159104
v 5.524672 1.785814 -0.159104
v 5.513272 1.795047 -0.159104
v 5.509343 1.805281 -0.159104
v 5.513272 1.815515 -0.159104
v 5.524673 1.824748 -0.159104
v 5.542429 1.832075 -0.159104
v 5.564804 1.836779 -0.159104
v 4.679571 1.824707 -1.154294
v 4.673551 1.831364 -1.159146
v 4.675943 1.828148 -1.155666
v 4.684078 1.821377 -1.155166
v 4.684858 1.820921 -1.155643
v 4.689977 1.819106 -1.158747
v 4.695490 1.817332 -1.163993
v 4.699899 1.816115 -1.170286
v 4.702772 1.815573 -1.177011
v 4.703855 1.815775 -1.183524
v 4.703804 1.815753 -1.183352
v 4.704492 1.817648 -1.190028
v 4.703568 1.820323 -1.195277
v 4.701176 1.823539 -1.198758
v 4.697548 1.826981 -1.200130
v 4.696502 1.827754 -1.199927
v 4.695351 1.831817 -1.200595
v 4.692616 1.836152 -1.198846
v 4.688912 1.839105 -1.194648
v 4.672627 1.834039 -1.164395
v 4.672698 1.834246 -1.165113
v 4.684603 1.840387 -1.188412
v 4.680110 1.839873 -1.180749
v 4.675871 1.837613 -1.172409
v 4.974401 1.557418 -1.177072
v 4.966711 1.566239 -1.111795
v 4.998235 1.642399 -1.478708
v 4.964929 1.572812 -1.079918
v 4.985053 1.634555 -1.310984
v 4.985301 1.634840 -1.316105
v 4.960304 1.589878 -1.040666
v 4.960304 1.589878 -1.040666
v 4.974401 1.622338 -1.177072
v 4.964929 1.606943 -1.079918
v 4.966711 1.613516 -1.111796
v 4.985053 1.545200 -1.310984
v 4.985301 1.544915 -1.316102
v 4.998235 1.537356 -1.478708
v 5.170179 2.014103 -1.586509
v 5.017357 1.989898 -1.586509
v 5.017357 1.989898 -2.501045
v 5.170178 2.014103 -2.501045
v 4.879495 1.919654 -1.586509
v 4.879495 1.919654 -2.501045
v 4.770087 1.810246 -1.586509
v 4.770086 1.810246 -2.501045
v 4.699842 1.672383 -1.586509
v 4.699842 1.672383 -2.501045
v 4.675638 1.519562 -1.586509
v 4.675638 1.519562 -2.501045
v 4.699842 1.366740 -1.586509
v 4.699842 1.366740 -2.501045
v 4.770087 1.228878 -1.586509
v 4.770086 1.228878 -2.501045
v 4.879495 1.119470 -1.586509
v 4.879495 1.119470 -2.501045
v 5.017357 1.049225 -1.586509
v 5.017357 1.049225 -2.501045
v 5.170179 1.025021 -1.586509
v 5.170179 1.025021 -2.501045
v 5.323000 1.049225 -1.586509
v 5.323000 1.049225 -2.501045
v 5.460863 1.119470 -1.586509
v 5.460863 1.119470 -2.501045
v 5.570271 1.228878 -1.586509
v 5.570271 1.228878 -2.501045
v 5.640515 1.366741 -1.586509
v 5.640515 1.366741 -2.501045
v 5.664720 1.519562 -1.586509
v 5.664720 1.519562 -2.501045
v 5.640515 1.672384 -1.586509
v 5.640515 1.672384 -2.501045
v 5.570271 1.810246 -1.586509
v 5.570270 1.810246 -2.501045
v 5.460862 1.919654 -1.586509
v 5.460862 1.919654 -2.501045
v 5.322999 1.989898 -1.586509
v 5.322999 1.989898 -2.501045
v 5.170179 2.014103 -1.611130
v 5.017357 1.989898 -1.611130
v 5.017357 1.989898 -2.476424
v 5.170179 2.014103 -2.476424
v 5.664720 1.519562 -2.476424
v 5.582300 1.519562 -2.476424
v 4.699842 1.366740 -2.476424
v 4.778228 1.392209 -2.476424
v 4.879495 1.919654 -1.611130
v 4.879495 1.919654 -2.476424
v 5.582300 1.519562 -1.611130
v 5.664720 1.519562 -1.611130
v 4.770087 1.810246 -1.611130
v 4.770086 1.810246 -2.476424
v 5.640515 1.366741 -1.611130
v 5.562129 1.392210 -1.611130
v 4.699842 1.672383 -1.611130
v 4.699842 1.672383 -2.476424
v 4.778228 1.392209 -1.611130
v 4.699842 1.366740 -1.611130
v 4.675638 1.519562 -1.611130
v 4.675638 1.519562 -2.476424
v 4.758057 1.519562 -1.611130
v 5.412417 1.852975 -2.476424
v 5.460862 1.919654 -2.476424
v 4.770087 1.228878 -1.611130
v 4.770086 1.228878 -2.476424
v 5.322999 1.989898 -2.476424
v 5.297530 1.911513 -2.476424
v 4.879495 1.119470 -1.611130
v 4.879495 1.119470 -2.476424
v 5.042826 1.127611 -2.476424
v 5.017357 1.049225 -2.476424
v 5.017357 1.049225 -1.611130
v 5.170179 1.025021 -2.476424
v 5.170178 1.107440 -2.476424
v 5.170179 1.025021 -1.611130
v 5.297530 1.911513 -1.611130
v 5.322999 1.989898 -1.611130
v 5.323000 1.049225 -1.611130
v 5.323000 1.049225 -2.476424
v 5.460862 1.919654 -1.611130
v 5.412417 1.852975 -1.611130
v 5.460863 1.119470 -1.611130
v 5.460863 1.119470 -2.476424
v 5.170179 1.107440 -1.611130
v 5.570271 1.228878 -1.611130
v 5.570271 1.228878 -2.476424
v 5.042826 1.127611 -1.611130
v 5.640515 1.366741 -2.476424
v 5.170179 1.931683 -2.476424
v 5.042826 1.911512 -2.476424
v 5.640515 1.672384 -1.611130
v 5.640515 1.672384 -2.476424
v 5.503592 1.277323 -2.476424
v 5.570271 1.810246 -1.611130
v 5.570270 1.810246 -2.476424
v 5.562129 1.392210 -2.476424
v 4.778228 1.646914 -2.476424
v 4.758057 1.519562 -2.476424
v 5.170179 1.931683 -1.611130
v 5.042826 1.911512 -1.611130
v 5.406870 1.845341 -1.611130
v 5.045743 1.136586 -1.611130
v 4.927940 1.852975 -1.611130
v 4.927939 1.852975 -2.476424
v 5.476230 1.281313 -2.303765
v 4.836765 1.761801 -1.611130
v 4.836765 1.761801 -2.476424
v 4.799574 1.639978 -2.303770
v 4.778228 1.646914 -1.611130
v 5.495957 1.282870 -1.611130
v 5.503592 1.277323 -1.611130
v 5.412418 1.186149 -1.611130
v 5.406871 1.193783 -1.611130
v 4.787203 1.643998 -1.611130
v 4.836765 1.277323 -1.611130
v 4.836765 1.277323 -2.476424
v 4.844400 1.756254 -1.611130
v 4.927940 1.186149 -1.611130
v 4.927940 1.186149 -2.476424
v 5.540782 1.639979 -2.303770
v 5.562129 1.646915 -2.476424
v 5.503592 1.761801 -2.476424
v 5.491342 1.737011 -2.303765
v 4.854924 1.290516 -2.303770
v 5.297531 1.127611 -1.611130
v 5.297531 1.127611 -2.476424
v 4.941133 1.204307 -2.303770
v 5.412417 1.186149 -2.476424
v 5.495957 1.756254 -1.611130
v 5.503592 1.761801 -1.611130
v 5.562129 1.646915 -1.611130
v 5.553154 1.643999 -1.611130
v 4.933487 1.193783 -1.611130
v 4.844400 1.282870 -1.611130
v 5.290595 1.148958 -2.303770
v 5.399225 1.204307 -2.303770
v 4.931930 1.825613 -2.303765
v 4.854924 1.748608 -2.303770
v 5.170179 1.922246 -1.611130
v 5.045743 1.902537 -1.611130
v 5.062617 1.892202 -2.303765
v 5.170179 1.909238 -2.303770
v 4.933487 1.845340 -1.611130
v 5.199416 1.482430 -2.309621
v 5.137361 1.530225 -2.309843
v 4.767494 1.519562 -1.611130
v 4.782539 1.532417 -2.303765
v 4.787203 1.395125 -1.611130
v 4.805484 1.387549 -2.303765
v 5.202996 1.530224 -2.309843
v 5.038166 1.154867 -2.303765
v 5.214528 1.535894 -2.309621
v 5.170179 1.116877 -1.611130
v 5.183033 1.131922 -2.303765
v 5.142262 1.499280 -2.309843
v 5.294615 1.136586 -1.611130
v 5.149896 1.491645 -2.309844
v 5.553154 1.395126 -1.611130
v 5.542819 1.412001 -2.303765
v 5.572863 1.519562 -1.611130
v 5.559855 1.519562 -2.303770
v 5.180841 1.486744 -2.309843
v 5.190461 1.491646 -2.309843
v 5.387627 1.840725 -2.303765
v 5.133047 1.548799 -2.309621
v 5.294614 1.902538 -1.611130
v 5.290595 1.890166 -2.303770
v 5.142262 1.539844 -2.309843
v 5.168350 1.566787 -2.309621
v 5.170179 1.567077 -2.309615
v 5.124700 1.532417 -2.309621
v 5.130898 1.493282 -2.309621
v 5.143898 1.480281 -2.309621
v 5.183033 1.474083 -2.309621
v 5.217405 1.517734 -2.309620
v 5.217694 1.519562 -2.309615
v 5.186510 1.563911 -2.309621
v 5.184861 1.564751 -2.309615
v 5.045742 1.902537 -2.303542
v 5.170179 1.922246 -2.303542
v 5.495957 1.282870 -2.303542
v 5.198095 1.499279 -2.309843
v 4.844400 1.756254 -2.303542
v 4.933486 1.845340 -2.303542
v 4.787203 1.643998 -2.303542
v 4.767494 1.519562 -2.303542
v 4.844400 1.282870 -2.303542
v 4.787203 1.395125 -2.303542
v 4.933487 1.193783 -2.303542
v 5.045743 1.136586 -2.303542
v 5.495957 1.756254 -2.303542
v 5.198095 1.539844 -2.309843
v 5.294615 1.136586 -2.303542
v 5.170178 1.116877 -2.303542
v 5.406871 1.193783 -2.303542
v 5.572863 1.519562 -2.303542
v 5.553154 1.395126 -2.303542
v 5.553154 1.643999 -2.303542
v 5.149896 1.547478 -2.309843
v 5.294614 1.902538 -2.303542
v 5.406870 1.845341 -2.303542
v 5.159515 1.552379 -2.309843
v 5.170179 1.554068 -2.309843
v 5.131738 1.547490 -2.309615
v 5.124990 1.534245 -2.309615
v 5.135672 1.519562 -2.309843
v 5.131739 1.491634 -2.309615
v 5.137361 1.508899 -2.309844
v 5.142250 1.481121 -2.309615
v 5.159515 1.486744 -2.309843
v 5.184861 1.474373 -2.309615
v 5.170178 1.485055 -2.309843
v 5.198107 1.481122 -2.309615
v 5.204686 1.519562 -2.309844
v 5.202996 1.508899 -2.309843
v 5.215368 1.534244 -2.309615
v 5.180841 1.552380 -2.309843
v 5.190461 1.547478 -2.309843
v 4.818069 1.633971 -1.986640
v 5.143485 1.528237 -1.992485
v 5.196874 1.528232 -1.992484
v 5.522288 1.633967 -1.986640
v 5.147472 1.503063 -1.992484
v 4.870657 1.301945 -1.986640
v 4.952562 1.220040 -1.986640
v 5.153679 1.496854 -1.992485
v 5.178854 1.492868 -1.992484
v 5.284587 1.167453 -1.986640
v 5.387794 1.220039 -1.986640
v 5.186676 1.496854 -1.992485
v 4.870656 1.737176 -1.986640
v 5.147470 1.536058 -1.992485
v 5.170181 1.547630 -1.992485
v 5.170181 1.889792 -1.986640
v 5.284584 1.871672 -1.986640
v 5.178850 1.546257 -1.992485
v 5.540409 1.519564 -1.986640
v 5.198248 1.519564 -1.992485
v 5.065700 1.872747 -1.986638
v 5.462302 1.295242 -1.986638
v 5.185487 1.496359 -1.992494
v 4.945859 1.811685 -1.986638
v 4.801994 1.529337 -1.986638
v 4.823034 1.396493 -1.986638
v 5.047106 1.172419 -1.986638
v 5.473791 1.728069 -1.986638
v 5.196977 1.526951 -1.992494
v 5.179951 1.151377 -1.986638
v 5.523364 1.415086 -1.986639
v 5.146976 1.534870 -1.992495
v 5.378685 1.823174 -1.986638
v 5.171433 1.547332 -1.992494
v 5.144155 1.529337 -1.992494
v 5.148448 1.502227 -1.992495
v 5.152840 1.497833 -1.992494
v 5.179951 1.493538 -1.992494
v 5.197950 1.520819 -1.992494
v 5.177568 1.546360 -1.992494
v 5.170178 2.385717 -1.615949
v 5.170178 2.329256 -1.586509
v 5.170178 2.329256 -2.501045
v 5.170178 2.385717 -2.471605
v 4.919970 2.289627 -1.586509
v 4.902522 2.343324 -1.615949
v 4.902522 2.343324 -2.471605
v 4.919969 2.289627 -2.501045
v 4.694252 2.174618 -1.586509
v 4.661066 2.220296 -1.615949
v 4.661065 2.220296 -2.471605
v 4.694252 2.174618 -2.501045
v 4.515122 1.995488 -1.586509
v 4.469444 2.028675 -1.615949
v 4.469444 2.028675 -2.471605
v 4.515122 1.995488 -2.501045
v 4.400114 1.769771 -1.586509
v 4.346416 1.787218 -1.615949
v 4.346416 1.787218 -2.471605
v 4.400114 1.769771 -2.501045
v 4.360485 1.519562 -1.586509
v 4.304024 1.519562 -1.615949
v 4.304023 1.519562 -2.471605
v 4.360484 1.519562 -2.501045
v 4.400114 1.269352 -1.586509
v 4.346416 1.251905 -1.615949
v 4.346416 1.251905 -2.471605
v 4.400114 1.269352 -2.501045
v 4.515122 1.043636 -1.586509
v 4.469444 1.010449 -1.615949
v 4.469444 1.010449 -2.471605
v 4.515122 1.043636 -2.501045
v 4.694252 0.864505 -1.586509
v 4.661066 0.818828 -1.615949
v 4.661066 0.818828 -2.471605
v 4.694252 0.864505 -2.501045
v 4.919970 0.749497 -1.586509
v 4.902522 0.695799 -1.615949
v 4.902522 0.695799 -2.471605
v 4.919970 0.749497 -2.501045
v 5.170179 0.709868 -1.586509
v 5.170179 0.653407 -1.615949
v 5.170179 0.653407 -2.471605
v 5.170179 0.709868 -2.501045
v 5.420388 0.749497 -1.586509
v 5.437836 0.695799 -1.615949
v 5.437836 0.695799 -2.471605
v 5.420388 0.749497 -2.501045
v 5.646105 0.864506 -1.586509
v 5.679292 0.818828 -1.615949
v 5.679292 0.818828 -2.471605
v 5.646105 0.864506 -2.501045
v 5.825235 1.043636 -1.586509
v 5.870913 1.010449 -1.615949
v 5.870913 1.010449 -2.471605
v 5.825235 1.043636 -2.501045
v 5.940244 1.269353 -1.586509
v 5.993941 1.251906 -1.615949
v 5.993941 1.251906 -2.471605
v 5.940244 1.269353 -2.501045
v 5.979873 1.519563 -1.586509
v 6.036334 1.519563 -1.615949
v 6.036334 1.519563 -2.471605
v 5.979873 1.519563 -2.501045
v 5.940243 1.769772 -1.586509
v 5.993941 1.787219 -1.615949
v 5.993941 1.787219 -2.471605
v 5.940243 1.769772 -2.501045
v 5.825234 1.995489 -1.586509
v 5.870912 2.028676 -1.615949
v 5.870912 2.028676 -2.471605
v 5.825234 1.995489 -2.501045
v 5.646104 2.174619 -1.586509
v 5.679291 2.220297 -1.615949
v 5.679291 2.220297 -2.471605
v 5.646104 2.174619 -2.501045
v 5.420387 2.289627 -1.586509
v 5.437834 2.343325 -1.615949
v 5.437834 2.343325 -2.471605
v 5.420387 2.289627 -2.501045
v 5.273415 1.351025 -1.469225
v 5.273415 1.688175 -1.469225
v 5.067035 1.351025 -1.469225
v 5.067035 1.688175 -1.469225
v 5.202996 1.508899 -1.806375
v 5.170179 1.688175 -1.607124
v 5.115393 1.688175 -1.607272
v 5.204686 1.519562 -1.806375
v 5.273415 1.444556 -1.606422
v 5.273415 1.486019 -1.606096
v 5.202996 1.530224 -1.806375
v 5.198095 1.539844 -1.806375
v 5.273415 1.661654 -1.607244
v 5.190461 1.547478 -1.806375
v 5.273415 1.594567 -1.606422
v 5.067035 1.351025 -1.607651
v 5.067035 1.377597 -1.607241
v 5.180841 1.552380 -1.806375
v 5.115417 1.351025 -1.607271
v 5.170179 1.554068 -1.806375
v 5.273415 1.377470 -1.607244
v 5.170178 1.351025 -1.607123
v 5.273415 1.688175 -1.607653
v 5.224964 1.688175 -1.607272
v 5.273415 1.553105 -1.606096
v 5.067035 1.486048 -1.606094
v 5.273415 1.519562 -1.606005
v 5.067035 1.444624 -1.606420
v 5.159515 1.552379 -1.806375
v 5.067035 1.688175 -1.607653
v 5.149896 1.547478 -1.806375
v 5.224939 1.351025 -1.607271
v 5.142262 1.539844 -1.806375
v 5.137361 1.530225 -1.806375
v 5.135672 1.519562 -1.806375
v 5.137361 1.508899 -1.806375
v 5.273415 1.351025 -1.607652
v 5.142262 1.499280 -1.806375
v 5.149896 1.491645 -1.806375
v 5.159515 1.486744 -1.806375
v 5.170178 1.485055 -1.806375
v 5.180841 1.486744 -1.806375
v 5.190461 1.491646 -1.806375
v 5.198095 1.499279 -1.806375
v 5.170178 2.250468 -2.501045
v 4.944316 2.214694 -2.501045
v 5.396040 2.214695 -2.501045
v 4.740563 2.110877 -2.501045
v 4.578863 1.949178 -2.501045
v 4.475046 1.745424 -2.501045
v 4.439273 1.519562 -2.501045
v 4.475046 1.293699 -2.501045
v 4.578863 1.089946 -2.501045
v 4.740563 0.928246 -2.501045
v 4.944316 0.824429 -2.501045
v 5.170179 0.788656 -2.501045
v 5.396041 0.824429 -2.501045
v 5.599794 0.928247 -2.501045
v 5.761494 1.089947 -2.501045
v 5.865312 1.293700 -2.501045
v 5.901084 1.519562 -2.501045
v 5.865311 1.745425 -2.501045
v 5.761493 1.949178 -2.501045
v 5.599793 2.110878 -2.501045
v 4.973533 2.124776 -2.501045
v 4.796135 2.034388 -2.501045
v 4.655353 1.893605 -2.501045
v 4.564964 1.716208 -2.501045
v 4.533819 1.519562 -2.501045
v 4.564964 1.322916 -2.501045
v 4.655353 1.145519 -2.501045
v 4.796135 1.004736 -2.501045
v 4.973533 0.914347 -2.501045
v 5.170179 0.883202 -2.501045
v 5.366825 0.914348 -2.501045
v 5.544222 1.004736 -2.501045
v 5.685005 1.145519 -2.501045
v 5.775393 1.322916 -2.501045
v 5.806539 1.519562 -2.501045
v 5.775393 1.716208 -2.501045
v 5.685004 1.893605 -2.501045
v 5.544221 2.034388 -2.501045
v 5.170178 2.155922 -2.501045
v 5.366824 2.124776 -2.501045
v 5.197080 1.544915 -1.469225
v 4.944004 1.545200 -1.608178
v 4.970234 1.537356 -1.607708
v 5.168124 1.527992 -1.469225
v 4.923191 1.557418 -1.608568
v 5.131637 1.517127 -1.469225
v 4.976513 1.751380 -1.609451
v 5.091191 1.513383 -1.469225
v 4.909833 1.572812 -1.608838
v 5.067035 1.515619 -1.606014
v 5.050745 1.517127 -1.606289
v 5.067035 1.515619 -1.469225
v 4.905238 1.589878 -1.608963
v 5.042567 1.519562 -1.606422
v 5.014257 1.527992 -1.606930
v 5.014258 1.651763 -1.607768
v 4.909859 1.606943 -1.608945
v 4.909160 1.604372 -1.608935
v 4.970284 1.768056 -1.609732
v 5.050745 1.662629 -1.607454
v 5.002395 1.644830 -1.607829
v 4.999472 1.645102 -1.607868
v 4.923260 1.622338 -1.608859
v 4.999315 1.534653 -1.607203
v 5.067035 1.664136 -1.607282
v 5.091191 1.666372 -1.469225
v 5.065258 1.663972 -1.607293
v 5.067035 1.664136 -1.469225
v 5.002374 1.534938 -1.607152
v 4.944111 1.634555 -1.608633
v 5.292111 1.883211 -1.610812
v 5.288413 1.883453 -1.610786
v 5.267322 1.884831 -1.610753
v 4.970372 1.642399 -1.608289
v 5.314464 1.878511 -1.610915
v 4.997623 1.644930 -1.607888
v 5.101396 1.822216 -1.609604
v 5.141833 1.819596 -1.609450
v 5.332214 1.871184 -1.610942
v 5.343627 1.861950 -1.610889
v 5.222077 1.589878 -1.469225
v 5.215671 1.566239 -1.469225
v 5.178280 1.811941 -1.609264
v 5.170179 1.813644 -1.609271
v 5.347583 1.851712 -1.610762
v 5.215671 1.613516 -1.469225
v 5.197080 1.634840 -1.469225
v 5.343697 1.841471 -1.610573
v 5.168124 1.651763 -1.469225
v 5.131637 1.662628 -1.469225
v 5.207220 1.799988 -1.609138
v 5.332348 1.832232 -1.610341
v 5.225713 1.784935 -1.608930
v 5.314647 1.824896 -1.610089
v 5.231951 1.768256 -1.608662
v 5.292327 1.820184 -1.609840
v 5.225322 1.751583 -1.608359
v 5.267573 1.818556 -1.609621
v 5.267332 1.818572 -1.609619
v 5.242779 1.820176 -1.609580
v 5.206476 1.736549 -1.608050
v 5.177257 1.724626 -1.607767
v 5.220399 1.824881 -1.609600
v 5.202625 1.832210 -1.609677
v 5.140634 1.716949 -1.607696
v 5.170179 1.723152 -1.607722
v 5.191196 1.841447 -1.609804
v 5.100159 1.714281 -1.607795
v 5.187232 1.851686 -1.609969
v 5.106767 1.714723 -1.607750
v 5.191119 1.861927 -1.610154
v 5.059860 1.716864 -1.608152
v 5.202477 1.871165 -1.610343
v 5.023561 1.724479 -1.608555
v 5.220196 1.878498 -1.610517
v 5.242540 1.883207 -1.610658
v 4.976791 1.784762 -1.609857
v 4.995483 1.799838 -1.609940
v 4.977236 1.785124 -1.609856
v 5.020324 1.725819 -1.608601
v 4.994869 1.736364 -1.609043
v 5.024479 1.811823 -1.609897
v 5.060938 1.819543 -1.609729
v 5.072458 1.820315 -1.609650
v 5.067036 1.515619 1.469184
v 5.067036 1.664136 1.469184
v 5.131637 1.517127 1.469184
v 5.178253 1.811948 1.609223
v 5.091191 1.513383 1.469184
v 5.170271 1.813626 1.609230
v 5.065346 1.663980 1.607252
v 5.020461 1.725758 1.608559
v 4.994843 1.736372 1.609003
v 4.976487 1.751387 1.609412
v 4.976764 1.784769 1.609818
v 4.977282 1.785190 1.609816
v 4.970257 1.768064 1.609693
v 5.222077 1.589878 1.469184
v 5.197081 1.544915 1.469184
v 5.215672 1.566239 1.469184
v 5.207192 1.799995 1.609097
v 5.215672 1.613516 1.469184
v 5.197081 1.634840 1.469184
v 5.168124 1.527992 1.469184
v 5.168124 1.651763 1.469184
v 5.091191 1.666372 1.469184
v 5.131637 1.662628 1.469184
v 5.225686 1.784942 1.608889
v 5.050745 1.662629 1.607414
v 5.231923 1.768263 1.608621
v 4.997705 1.644939 1.607848
v 5.002394 1.644830 1.607789
v 4.999463 1.645102 1.607828
v 5.014258 1.651763 1.607729
v 5.225295 1.751591 1.608317
v 4.944102 1.634555 1.608594
v 5.206448 1.736557 1.608009
v 4.909850 1.606943 1.608905
v 4.909159 1.604402 1.608896
v 4.923251 1.622338 1.608819
v 5.177229 1.724633 1.607726
v 5.170271 1.723185 1.607682
v 4.970363 1.642399 1.608250
v 5.140607 1.716957 1.607656
v 5.106855 1.714739 1.607709
v 5.100132 1.714289 1.607755
v 5.059833 1.716872 1.608112
v 5.067036 1.664136 1.607241
v 5.023535 1.724486 1.608516
v 5.024452 1.811830 1.609857
v 4.995456 1.799845 1.609900
v 5.072546 1.820330 1.609610
v 5.060912 1.819551 1.609689
v 5.050745 1.517127 1.606249
v 5.042567 1.519562 1.606382
v 5.067036 1.515619 1.605974
v 5.292121 1.883210 1.610770
v 5.101368 1.822224 1.609564
v 5.288505 1.883446 1.610745
v 5.267424 1.818565 1.609578
v 5.267582 1.818555 1.609579
v 5.267331 1.884829 1.610712
v 5.242788 1.820175 1.609539
v 5.242549 1.883205 1.610617
v 5.220409 1.824880 1.609558
v 5.343707 1.841470 1.610531
v 5.347593 1.851711 1.610720
v 5.343637 1.861949 1.610847
v 5.332224 1.871183 1.610900
v 5.332357 1.832230 1.610300
v 5.220205 1.878497 1.610476
v 5.202635 1.832209 1.609636
v 5.202487 1.871164 1.610302
v 5.191206 1.841446 1.609763
v 5.314473 1.878509 1.610873
v 5.187241 1.851685 1.609927
v 5.314656 1.824895 1.610047
v 5.191128 1.861925 1.610113
v 5.292336 1.820183 1.609799
v 5.141806 1.819603 1.609409
v 5.014258 1.527992 1.606890
v 5.002372 1.534938 1.607112
v 4.999306 1.534653 1.607164
v 4.970225 1.537356 1.607669
v 4.905229 1.589878 1.608924
v 4.943995 1.545200 1.608139
v 4.923182 1.557418 1.608529
v 4.909824 1.572812 1.608799
vn -0.1564 0.9877 -0.0000
vn -0.0000 -0.0000 -1.0000
vn 0.7071 -0.7071 -0.0000
vn -0.8910 0.4540 -0.0000
vn -0.0000 -0.0000 1.0000
vn 0.8910 0.4540 -0.0000
vn -0.7071 -0.7071 -0.0000
vn 0.4540 -0.8910 -0.0000
vn -0.7071 0.7071 -0.0000
vn 0.9877 0.1564 -0.0000
vn -0.8910 -0.4540 -0.0000
vn 0.1564 -0.9877 -0.0000
vn -0.4540 0.8910 -0.0000
vn 0.1564 0.9877 -0.0000
vn 0.9877 -0.1564 -0.0000
vn -0.9877 -0.1564 -0.0000
vn -0.1564 -0.9877 -0.0000
vn 0.8910 -0.4540 -0.0000
vn -0.9877 0.1564 -0.0000
vn 0.7071 0.7071 -0.0000
vn -0.4540 -0.8910 -0.0000
vn 0.4540 0.8910 -0.0000
vn -0.1562 -0.9863 0.0538
vn 0.8897 0.4533 0.0538
vn -0.9863 -0.1562 0.0538
vn 0.7061 -0.7061 0.0538
vn -0.4533 0.8897 0.0538
vn 0.7061 0.7061 0.0538
vn -0.8897 -0.4533 0.0538
vn 0.8897 -0.4533 0.0538
vn -0.7061 0.7061 0.0538
vn 0.4533 0.8897 0.0538
vn -0.7061 -0.7061 0.0538
vn -0.9859 -0.1562 -0.0605
vn 0.9713 -0.2310 0.0573
vn -0.0154 -0.0079 0.9998
vn 0.5879 -0.8089 -0.0097
vn -0.0154 -0.0079 -0.9998
vn 0.0171 0.0027 -0.9998
vn -0.0123 0.0123 0.9998
vn 0.8883 -0.4552 0.0612
vn 0.0079 -0.0154 -0.9999
vn -0.7057 -0.7058 -0.0620
vn 0.3833 0.9217 0.0595
vn -0.1584 -0.9855 0.0612
vn -0.0123 -0.0122 -0.9998
vn 0.0154 0.0079 -0.9998
vn 0.9859 -0.1562 0.0605
vn -0.4531 -0.8894 -0.0605
vn 0.0123 -0.0122 -0.9998
vn -0.3092 -0.9510 -0.0097
vn 0.9855 0.1584 0.0612
vn -0.1562 0.9863 0.0538
vn 0.4533 -0.8897 0.0538
vn -0.9863 0.1562 0.0538
vn 0.9863 0.1562 0.0538
vn -0.4533 -0.8897 0.0538
vn 0.1562 0.9863 0.0538
vn 0.1562 -0.9863 0.0538
vn -0.8897 0.4533 0.0538
vn 0.9863 -0.1562 0.0538
vn -0.1565 -0.9877 -0.0000
vn -0.1565 0.9877 -0.0000
vn 0.1565 0.9877 -0.0000
vn 0.8910 0.4539 -0.0000
vn 0.9877 0.1565 -0.0000
vn 0.9877 -0.1565 -0.0000
vn 0.0027 -0.0171 -0.9999
vn 0.0027 -0.0171 0.9998
vn -0.1562 -0.9859 -0.0605
vn 0.5206 0.8519 0.0573
vn 0.0171 -0.0027 -0.9998
vn 0.0171 -0.0027 0.9998
vn -1.0000 0.0002 -0.0097
vn -0.0027 -0.0171 -0.9998
vn 0.0079 0.0154 0.9998
vn 0.7074 0.7042 0.0612
vn 0.4531 -0.8893 -0.0620
vn -0.7580 0.6496 0.0595
vn 0.0154 -0.0079 -0.9998
vn -0.9511 0.3088 -0.0097
vn 0.4532 0.8894 0.0605
vn 0.0123 0.0123 -0.9998
vn -0.0079 -0.0154 -0.9998
vn 0.0028 0.0173 0.9998
vn -0.0123 -0.0123 0.9998
vn 0.0124 0.0124 0.9998
vn 0.0158 0.0081 0.9998
vn 0.0173 0.0027 0.9998
vn 0.0156 -0.0079 0.9998
vn 0.0126 -0.0126 0.9998
vn 0.0079 -0.0156 0.9998
vn -0.0154 0.0078 0.9998
vn -0.0027 -0.0173 0.9998
vn -0.0081 -0.0158 0.9998
vn -0.0124 -0.0124 0.9998
vn -0.0173 -0.0028 0.9998
vn -0.0175 0.0028 0.9998
vn -0.0156 0.0080 0.9998
vn 0.0123 0.0123 0.9998
vn -0.0080 0.0156 0.9998
vn -0.0028 0.0176 0.9998
vn 0.0023 0.0171 0.9999
vn 0.0126 0.0119 0.9999
vn 0.0171 0.0031 0.9998
vn 0.0152 -0.0082 0.9999
vn 0.0126 -0.0125 0.9998
vn 0.0082 -0.0153 0.9998
vn -0.0032 -0.0170 0.9998
vn -0.0080 -0.0158 0.9998
vn -0.0120 -0.0126 0.9998
vn -0.0172 -0.0024 0.9998
vn -0.0156 0.0075 0.9998
vn -0.0075 0.0156 0.9998
vn -0.0028 0.0175 0.9998
vn 0.0079 -0.0154 0.9999
vn -0.0079 0.0154 0.9999
vn 0.0171 0.0027 0.9998
vn -0.0171 -0.0027 0.9998
vn 0.0027 0.0171 0.9998
vn -0.0027 -0.0171 0.9998
vn 0.0154 -0.0079 0.9998
vn 0.0028 0.0171 0.9999
vn -0.0037 -0.0170 -0.9998
vn 0.0171 0.0026 0.9999
vn -0.0171 -0.0017 -0.9999
vn 0.0078 -0.0155 0.9999
vn -0.0069 0.0157 -0.9999
vn -0.0123 -0.0122 0.9999
vn 0.0130 0.0114 -0.9998
vn 0.0154 0.0079 0.9999
vn -0.0154 0.0079 0.9999
vn 0.0146 -0.0083 -0.9999
vn 0.0122 -0.0122 0.9999
vn -0.0079 -0.0154 0.9999
vn 0.0122 0.0123 0.9999
vn -0.0114 -0.0136 -0.9998
vn -0.0079 0.0154 0.9998
vn 0.0090 -0.0153 -0.9998
vn -0.0171 -0.0028 0.9999
vn 0.0171 0.0036 -0.9998
vn -0.0026 -0.0171 0.9999
vn 0.0016 0.0175 -0.9998
vn -0.0027 0.0171 0.9999
vn 0.0155 -0.0078 0.9999
vn -0.0163 0.0066 -0.9998
vn -0.0171 0.0027 0.9999
vn 0.8089 -0.5879 -0.0097
vn -0.7042 -0.7074 0.0612
vn -0.9859 0.1562 -0.0605
vn 0.4552 -0.8883 0.0612
vn -0.8894 -0.4532 0.0605
vn -0.8893 0.4531 -0.0620
vn 0.9950 -0.0796 0.0595
vn 0.1561 -0.9859 0.0605
vn -0.9862 -0.1539 0.0612
vn -0.4531 0.8894 -0.0605
vn 0.0796 -0.9952 0.0573
vn 0.1562 0.9858 -0.0620
vn 0.2316 -0.9710 0.0595
vn -0.8904 0.4511 0.0612
vn -0.1562 0.9859 -0.0605
vn 0.7058 0.7058 -0.0605
vn -0.9218 -0.3834 0.0573
vn -0.7058 0.7058 0.0605
vn 0.9510 0.3092 -0.0097
vn 0.8894 0.4532 -0.0605
vn -0.4511 0.8904 0.0612
vn 0.8091 0.5876 -0.0097
vn 0.9858 0.1561 -0.0620
vn -0.8520 -0.5202 0.0595
vn -0.5876 -0.8091 -0.0097
vn -0.0002 1.0000 -0.0097
vn 0.8894 -0.4532 -0.0605
vn -0.6492 0.7585 0.0573
vn 0.1539 0.9862 0.0612
vn -0.3088 0.9511 -0.0097
vn 0.7059 -0.7057 -0.0605
vn 0.0730 0.4611 -0.8843
vn 0.0730 0.4611 0.8843
vn 0.2120 0.4160 -0.8843
vn 0.2119 0.4160 0.8843
vn 0.3301 0.3301 -0.8843
vn 0.3301 0.3301 0.8843
vn 0.4160 0.2120 -0.8843
vn 0.4160 0.2119 0.8843
vn 0.4611 0.0730 -0.8843
vn 0.4611 0.0730 0.8843
vn 0.4611 -0.0730 -0.8843
vn 0.4611 -0.0730 0.8843
vn 0.4160 -0.2120 -0.8843
vn 0.4160 -0.2119 0.8843
vn 0.3301 -0.3301 -0.8843
vn 0.3301 -0.3301 0.8843
vn 0.2120 -0.4160 -0.8843
vn 0.2119 -0.4160 0.8843
vn 0.0730 -0.4611 -0.8843
vn 0.0730 -0.4611 0.8843
vn -0.0730 -0.4611 -0.8843
vn -0.0730 -0.4611 0.8843
vn -0.2120 -0.4160 -0.8843
vn -0.2119 -0.4160 0.8843
vn -0.3301 -0.3301 -0.8843
vn -0.3301 -0.3301 0.8843
vn -0.4160 -0.2119 -0.8843
vn -0.4160 -0.2120 0.8843
vn -0.4611 -0.0730 -0.8843
vn -0.4611 -0.0730 0.8843
vn -0.4611 0.0730 -0.8843
vn -0.4611 0.0730 0.8843
vn -0.4160 0.2120 -0.8843
vn -0.4160 0.2119 0.8843
vn -0.3301 0.3301 -0.8843
vn -0.3301 0.3301 0.8843
vn -0.2120 0.4160 -0.8843
vn -0.2119 0.4160 0.8843
vn -0.0730 0.4611 -0.8843
vn -0.0730 0.4611 0.8843
vn 1.0000 -0.0000 -0.0000
vn -0.0000 -1.0000 -0.0000
vn -0.0000 1.0000 -0.0000
vn -0.4585 -0.6646 -0.5900
vn 0.3583 0.2494 -0.8997
vn 0.5123 -0.0233 -0.8585
vn 0.6120 -0.2826 -0.7387
vn 0.6552 -0.5096 -0.5576
vn 0.6423 -0.6917 -0.3302
vn 0.5730 -0.8166 -0.0699
vn 0.4476 -0.8700 0.2068
vn 0.2713 -0.8374 0.4745
vn 0.0597 -0.7124 0.6993
vn -0.1602 -0.5065 0.8472
vn -0.3583 -0.2494 0.8997
vn -0.5123 0.0232 0.8585
vn -0.6120 0.2826 0.7386
vn -0.6552 0.5096 0.5576
vn -0.6423 0.6916 0.3303
vn -0.5730 0.8166 0.0699
vn -0.4476 0.8700 -0.2068
vn -0.2713 0.8374 -0.4745
vn -0.0597 0.7124 -0.6992
vn 0.1602 0.5065 -0.8472
vn -0.6052 -0.7473 0.2744
vn 0.2848 0.9562 -0.0671
vn 0.5011 0.8573 -0.1181
vn 0.7421 0.6470 -0.1749
vn 0.9411 0.2551 -0.2218
vn 0.9411 -0.2551 -0.2218
vn 0.7421 -0.6470 -0.1749
vn 0.5011 -0.8573 -0.1181
vn 0.2848 -0.9562 -0.0671
vn -0.7538 -0.6571 -0.0000
vn -0.9652 -0.2616 -0.0000
vn -0.9652 0.2616 -0.0000
vn -0.7538 0.6571 -0.0000
vn -0.4585 -0.6646 0.5900
vn 0.3583 0.2494 0.8997
vn 0.5123 -0.0233 0.8585
vn 0.6120 -0.2826 0.7387
vn 0.6552 -0.5096 0.5576
vn 0.6423 -0.6917 0.3303
vn 0.5730 -0.8166 0.0699
vn 0.4476 -0.8700 -0.2068
vn 0.2713 -0.8374 -0.4745
vn 0.0597 -0.7124 -0.6992
vn -0.1602 -0.5065 -0.8472
vn -0.3583 -0.2494 -0.8997
vn -0.5123 0.0233 -0.8585
vn -0.6120 0.2826 -0.7387
vn -0.6552 0.5096 -0.5576
vn -0.6423 0.6917 -0.3302
vn -0.5730 0.8166 -0.0699
vn -0.4476 0.8700 0.2068
vn -0.2713 0.8374 0.4745
vn -0.0597 0.7124 0.6992
vn 0.1602 0.5065 0.8472
vn -0.6052 -0.7473 -0.2744
vn 0.2848 0.9562 0.0671
vn 0.5011 0.8573 0.1181
vn 0.7421 0.6470 0.1749
vn 0.9411 0.2551 0.2218
vn 0.9411 -0.2551 0.2218
vn 0.7421 -0.6470 0.1749
vn 0.5011 -0.8573 0.1181
vn 0.2848 -0.9562 0.0671
vn 0.1562 -0.9863 -0.0538
vn -0.8897 0.4533 -0.0538
vn 0.9863 -0.1562 -0.0538
vn -0.7061 -0.7061 -0.0538
vn 0.4533 0.8897 -0.0538
vn -0.7061 0.7061 -0.0538
vn 0.8897 -0.4533 -0.0538
vn -0.8897 -0.4533 -0.0538
vn 0.7061 0.7061 -0.0538
vn -0.4533 0.8897 -0.0538
vn 0.7061 -0.7061 -0.0538
vn -0.9713 -0.2310 -0.0573
vn -0.5879 -0.8089 0.0097
vn -0.8883 -0.4552 -0.0612
vn -0.0079 -0.0154 0.9998
vn 0.7057 -0.7058 0.0620
vn -0.3833 0.9217 -0.0595
vn 0.1584 -0.9855 -0.0612
vn 0.0123 -0.0123 0.9998
vn 0.4531 -0.8894 0.0605
vn 0.0154 0.0079 0.9998
vn 0.3092 -0.9510 0.0097
vn -0.9855 0.1584 -0.0612
vn 0.1562 0.9863 -0.0538
vn -0.4533 -0.8897 -0.0538
vn 0.9863 0.1562 -0.0538
vn -0.9863 0.1562 -0.0538
vn 0.4533 -0.8897 -0.0538
vn -0.1562 0.9863 -0.0538
vn -0.1562 -0.9863 -0.0538
vn 0.8897 0.4533 -0.0538
vn -0.9863 -0.1562 -0.0538
vn 0.1565 -0.9877 -0.0000
vn -0.8910 0.4539 -0.0000
vn -0.9877 0.1565 -0.0000
vn -0.9877 -0.1565 -0.0000
vn -0.0027 -0.0171 -0.9999
vn 0.1562 -0.9859 0.0605
vn -0.5206 0.8519 -0.0573
vn -0.0171 -0.0027 -0.9998
vn 1.0000 0.0002 0.0097
vn -0.0079 0.0154 -0.9999
vn -0.7074 0.7042 -0.0612
vn -0.4531 -0.8893 0.0620
vn 0.7579 0.6496 -0.0595
vn 0.9511 0.3088 0.0097
vn -0.4532 0.8894 -0.0605
vn 0.0079 -0.0154 0.9998
vn -0.0028 0.0173 -0.9998
vn 0.0123 -0.0123 -0.9998
vn -0.0124 0.0124 -0.9998
vn -0.0158 0.0081 -0.9998
vn -0.0173 0.0027 -0.9998
vn -0.0156 -0.0079 -0.9998
vn -0.0126 -0.0126 -0.9998
vn -0.0079 -0.0156 -0.9998
vn 0.0027 -0.0173 -0.9998
vn 0.0081 -0.0158 -0.9998
vn 0.0124 -0.0124 -0.9998
vn 0.0173 -0.0028 -0.9998
vn 0.0175 0.0028 -0.9998
vn 0.0156 0.0080 -0.9998
vn -0.0123 0.0122 -0.9998
vn 0.0080 0.0156 -0.9998
vn 0.0028 0.0175 -0.9998
vn -0.0023 0.0172 -0.9998
vn -0.0126 0.0119 -0.9999
vn -0.0171 0.0031 -0.9998
vn -0.0152 -0.0083 -0.9999
vn -0.0126 -0.0125 -0.9998
vn -0.0082 -0.0153 -0.9998
vn 0.0032 -0.0170 -0.9999
vn 0.0119 -0.0126 -0.9998
vn 0.0172 -0.0023 -0.9998
vn 0.0156 0.0075 -0.9999
vn 0.0075 0.0156 -0.9998
vn 0.0079 0.0154 -0.9998
vn -0.0171 0.0027 -0.9998
vn -0.0027 0.0171 -0.9999
vn -0.0028 0.0171 -0.9999
vn 0.0037 -0.0168 0.9999
vn -0.0171 0.0026 -0.9999
vn 0.0171 -0.0016 0.9999
vn -0.0078 -0.0155 -0.9999
vn 0.0069 0.0158 0.9999
vn 0.0123 -0.0122 -0.9999
vn -0.0130 0.0112 0.9999
vn -0.0154 0.0079 -0.9999
vn 0.0154 0.0079 -0.9999
vn -0.0147 -0.0088 0.9999
vn -0.0122 -0.0122 -0.9999
vn 0.0078 -0.0154 -0.9999
vn -0.0122 0.0123 -0.9999
vn 0.0115 -0.0133 0.9998
vn 0.0079 0.0154 -0.9999
vn -0.0090 -0.0151 0.9998
vn 0.0171 -0.0028 -0.9999
vn -0.0171 0.0034 0.9998
vn 0.0026 -0.0171 -0.9999
vn -0.0015 0.0175 0.9998
vn 0.0027 0.0171 -0.9999
vn -0.0155 -0.0078 -0.9999
vn 0.0162 0.0068 0.9998
vn 0.0171 0.0027 -0.9999
vn -0.8089 -0.5879 0.0097
vn 0.7042 -0.7074 -0.0612
vn 0.9859 0.1562 0.0605
vn -0.4552 -0.8883 -0.0612
vn 0.8893 0.4531 0.0620
vn -0.9950 -0.0796 -0.0595
vn -0.1561 -0.9859 -0.0605
vn 0.9862 -0.1539 -0.0612
vn 0.4531 0.8894 0.0605
vn -0.0796 -0.9952 -0.0573
vn -0.1562 0.9858 0.0620
vn -0.2316 -0.9710 -0.0595
vn 0.8904 0.4511 -0.0612
vn 0.1562 0.9859 0.0605
vn 0.9218 -0.3834 -0.0573
vn -0.9510 0.3092 0.0097
vn -0.8894 0.4532 0.0605
vn 0.4511 0.8904 -0.0612
vn -0.8091 0.5876 0.0097
vn -0.9858 0.1561 0.0620
vn 0.8520 -0.5202 -0.0595
vn 0.5876 -0.8091 0.0097
vn 0.0002 1.0000 0.0097
vn 0.6492 0.7585 -0.0573
vn -0.1539 0.9862 -0.0612
vn 0.3088 0.9511 0.0097
vn -0.7059 -0.7058 0.0605
vn -0.2120 0.4160 0.8843
vn -0.4160 0.2120 0.8843
vn -0.4160 -0.2120 -0.8843
vn -0.2120 -0.4160 0.8843
vn 0.2120 -0.4160 0.8843
vn 0.4160 -0.2120 0.8843
vn 0.4160 0.2120 0.8843
vn 0.2120 0.4160 0.8843
vn -0.2848 -0.9562 -0.0671
vn -0.5011 -0.8573 -0.1181
vn -0.7421 -0.6470 -0.1749
vn -0.9411 -0.2551 -0.2218
vn -0.9411 0.2551 -0.2218
vn -0.7421 0.6470 -0.1749
vn -0.5011 0.8573 -0.1181
vn -0.2848 0.9562 -0.0671
vn 0.0646 0.9880 -0.1401
vn 0.2056 0.9778 -0.0418
vn 0.3799 0.9208 0.0881
vn 0.6052 0.7473 0.2744
vn 0.8106 0.3111 0.4962
vn 0.7630 -0.2929 0.5763
vn 0.5455 -0.6736 0.4986
vn 0.3500 -0.8482 0.3975
vn 0.1958 -0.9312 0.3075
vn 0.0635 -0.9723 0.2248
vn -0.0646 -0.9880 0.1401
vn -0.2056 -0.9778 0.0418
vn -0.7630 0.2929 -0.5763
vn -0.5455 0.6736 -0.4986
vn -0.3500 0.8482 -0.3975
vn -0.1958 0.9312 -0.3075
vn -0.0635 0.9723 -0.2248
vn 0.0922 0.9957 -0.0000
vn 0.2854 0.9584 -0.0000
vn 0.5046 0.8634 -0.0000
vn 0.7538 0.6571 -0.0000
vn 0.9652 0.2616 -0.0000
vn 0.9652 -0.2616 -0.0000
vn 0.7538 -0.6571 -0.0000
vn 0.5046 -0.8634 -0.0000
vn 0.2854 -0.9584 -0.0000
vn 0.0922 -0.9957 -0.0000
vn -0.0922 -0.9957 -0.0000
vn -0.2854 -0.9584 -0.0000
vn -0.2854 0.9584 -0.0000
vn -0.0922 0.9957 -0.0000
vn 0.0652 0.9977 0.0174
vn 0.2057 0.9785 -0.0144
vn 0.3809 0.9230 -0.0550
vn 0.6252 0.7721 -0.1141
vn 0.9162 0.3517 -0.1922
vn 0.9120 -0.3501 -0.2137
vn 0.6210 -0.7668 -0.1624
vn 0.3790 -0.9184 -0.1135
vn 0.2051 -0.9757 -0.0768
vn 0.0651 -0.9968 -0.0463
vn -0.0652 -0.9977 -0.0174
vn -0.2057 -0.9785 0.0144
vn -0.3809 -0.9230 0.0550
vn -0.6252 -0.7721 0.1141
vn -0.9162 -0.3517 0.1922
vn -0.9120 0.3501 0.2137
vn -0.6210 0.7668 0.1624
vn -0.3790 0.9184 0.1135
vn -0.2051 0.9757 0.0768
vn -0.0651 0.9968 0.0463
vn -0.3799 -0.9208 -0.0881
vn -0.8106 -0.3111 -0.4962
vn 0.0921 0.9955 0.0217
vn 0.0921 -0.9955 0.0217
vn -0.0921 -0.9955 -0.0217
vn -0.0921 0.9955 -0.0217
vn -0.5046 -0.8634 -0.0000
vn -0.5046 0.8634 -0.0000
vn -0.0027 0.0171 0.9998
vn -0.0171 0.0027 0.9998
vn -0.0154 0.0079 0.9998
vn -1.0000 -0.0000 -0.0000
vn 0.0027 0.0171 -0.9998
vn -0.0154 0.0079 -0.9998
vn -0.0079 0.0154 -0.9998
vn -0.0027 0.0171 -0.9998
vn -0.2848 -0.9562 0.0671
vn -0.5011 -0.8573 0.1181
vn -0.7421 -0.6470 0.1749
vn -0.9411 -0.2551 0.2218
vn -0.9411 0.2551 0.2218
vn -0.7421 0.6470 0.1749
vn -0.5011 0.8573 0.1181
vn -0.2848 0.9562 0.0671
vn 0.0646 0.9880 0.1401
vn 0.2056 0.9778 0.0418
vn 0.3799 0.9208 -0.0881
vn 0.6052 0.7473 -0.2744
vn 0.8106 0.3111 -0.4962
vn 0.7630 -0.2929 -0.5763
vn 0.5455 -0.6736 -0.4986
vn 0.3500 -0.8482 -0.3975
vn 0.1958 -0.9312 -0.3075
vn 0.0635 -0.9723 -0.2248
vn -0.0646 -0.9880 -0.1401
vn -0.2056 -0.9778 -0.0418
vn -0.7630 0.2929 0.5763
vn -0.5455 0.6736 0.4986
vn -0.3500 0.8482 0.3975
vn -0.1958 0.9312 0.3075
vn -0.0635 0.9723 0.2248
vn 0.0652 0.9977 -0.0174
vn 0.2057 0.9785 0.0144
vn 0.3809 0.9230 0.0550
vn 0.6252 0.7721 0.1141
vn 0.9162 0.3517 0.1922
vn 0.9120 -0.3501 0.2137
vn 0.6210 -0.7668 0.1624
vn 0.3790 -0.9184 0.1135
vn 0.2051 -0.9757 0.0768
vn 0.0651 -0.9968 0.0463
vn -0.0652 -0.9977 0.0174
vn -0.2057 -0.9785 -0.0144
vn -0.3809 -0.9230 -0.0550
vn -0.6252 -0.7721 -0.1141
vn -0.9162 -0.3517 -0.1922
vn -0.9120 0.3501 -0.2137
vn -0.6210 0.7668 -0.1624
vn -0.3790 0.9184 -0.1135
vn -0.2051 0.9757 -0.0768
vn -0.0651 0.9968 -0.0463
vn -0.3799 -0.9208 0.0881
vn -0.8106 -0.3111 0.4962
vn 0.0921 0.9955 -0.0217
vn 0.0922 -0.9955 -0.0217
vn -0.0921 -0.9955 0.0217
vn -0.0921 0.9955 0.0217
vt -0.000000 0.500000
vt 1.000000 0.500000
vt 0.950000 0.500000
vt 0.950000 1.000000
vt -0.000000 1.000000
vt 1.000000 1.000000
vt 0.900000 0.500000
vt 0.900000 1.000000
vt 0.850000 0.500000
vt 0.850000 1.000000
vt 0.800000 0.500000
vt 0.800000 1.000000
vt 0.750000 0.500000
vt 0.750000 1.000000
vt 0.700000 0.500000
vt 0.700000 1.000000
vt 0.650000 0.500000
vt 0.650000 1.000000
vt 0.600000 0.500000
vt 0.600000 1.000000
vt 0.550000 0.500000
vt 0.550000 1.000000
vt 0.500000 0.500000
vt 0.500000 1.000000
vt 0.450000 0.500000
vt 0.450000 1.000000
vt 0.400000 0.500000
vt 0.400000 1.000000
vt 0.350000 0.500000
vt 0.350000 1.000000
vt 0.300000 0.500000
vt 0.300000 1.000000
vt 0.250000 0.500000
vt 0.250000 1.000000
vt 0.200000 0.500000
vt 0.200000 1.000000
vt 0.150000 0.500000
vt 0.150000 1.000000
vt 0.100000 0.500000
vt 0.100000 1.000000
vt 0.050000 0.500000
vt 0.050000 1.000000
vt -0.000000 0.500000
vt 1.000000 0.500000
vt 0.950000 0.500000
vt 0.950000 1.000000
vt -0.000000 1.000000
vt 1.000000 1.000000
vt 0.250000 1.000000
vt 0.250000 1.000000
vt 0.700000 1.000000
vt 0.700000 1.000000
vt 0.900000 0.500000
vt 0.900000 1.000000
vt 0.250000 0.500000
vt 0.250000 0.500000
vt 0.850000 0.500000
vt 0.850000 1.000000
vt 0.300000 0.500000
vt 0.300000 0.500000
vt 0.800000 0.500000
vt 0.800000 1.000000
vt 0.700000 0.500000
vt 0.700000 0.500000
vt 0.750000 0.500000
vt 0.750000 1.000000
vt 0.750000 0.500000
vt 0.100000 1.000000
vt 0.100000 1.000000
vt 0.650000 0.500000
vt 0.650000 1.000000
vt 0.050000 1.000000
vt 0.050000 1.000000
vt 0.600000 0.500000
vt 0.600000 1.000000
vt 0.550000 1.000000
vt 0.550000 1.000000
vt 0.550000 0.500000
vt 0.500000 1.000000
vt 0.500000 1.000000
vt 0.500000 0.500000
vt 0.050000 0.500000
vt 0.050000 0.500000
vt 0.450000 0.500000
vt 0.450000 1.000000
vt 0.100000 0.500000
vt 0.100000 0.500000
vt 0.400000 0.500000
vt 0.400000 1.000000
vt 0.500000 0.500000
vt 0.350000 0.500000
vt 0.350000 1.000000
vt 0.550000 0.500000
vt 0.300000 1.000000
vt 1.000000 1.000000
vt -0.000000 1.000000
vt 0.950000 1.000000
vt 0.200000 0.500000
vt 0.200000 1.000000
vt 0.350000 1.000000
vt 0.150000 0.500000
vt 0.150000 1.000000
vt 0.300000 1.000000
vt 0.800000 1.000000
vt 0.750000 1.000000
vt 1.000000 0.500000
vt -0.000000 0.500000
vt 0.950000 0.500000
vt 0.100000 0.500000
vt 0.550000 0.500000
vt 0.900000 0.500000
vt 0.900000 1.000000
vt 0.355608 1.000000
vt 0.850000 0.500000
vt 0.850000 1.000000
vt 0.800000 1.000000
vt 0.800000 0.500000
vt 0.350000 0.500000
vt 0.350000 0.500000
vt 0.400000 0.500000
vt 0.400000 0.500000
vt 0.800000 0.500000
vt 0.650000 0.500000
vt 0.650000 1.000000
vt 0.850000 0.500000
vt 0.600000 0.500000
vt 0.600000 1.000000
vt 0.200000 1.000000
vt 0.200000 1.000000
vt 0.150000 1.000000
vt 0.155608 1.000000
vt 0.650000 1.000000
vt 0.450000 0.500000
vt 0.450000 1.000000
vt 0.600000 1.000000
vt 0.400000 1.000000
vt 0.150000 0.500000
vt 0.150000 0.500000
vt 0.200000 0.500000
vt 0.200000 0.500000
vt 0.600000 0.500000
vt 0.650000 0.500000
vt 0.450000 1.000000
vt 0.400000 1.000000
vt 0.894391 1.000000
vt 0.850000 1.000000
vt 1.000000 0.500000
vt -0.000000 0.500000
vt 0.950000 0.500000
vt 0.955609 1.000000
vt 1.000000 1.000000
vt -0.000000 1.000000
vt 0.900000 0.500000
vt 0.394079 1.000000
vt 0.800000 1.000000
vt 0.750000 0.500000
vt 0.755609 1.000000
vt 0.700000 0.500000
vt 0.694391 1.000000
vt 0.200000 1.000000
vt 0.555608 1.000000
vt 0.194075 1.000000
vt 0.500000 0.500000
vt 0.494391 1.000000
vt 0.650000 1.000000
vt 0.450000 0.500000
vt 0.600000 1.000000
vt 0.300000 0.500000
vt 0.294391 1.000000
vt 0.250000 0.500000
vt 0.250000 1.000000
vt 0.450000 1.000000
vt 0.400000 1.000000
vt 0.094391 1.000000
vt 0.855921 1.000000
vt 0.050000 0.500000
vt 0.050000 1.000000
vt 0.850000 1.000000
vt 0.994076 1.000000
vt 1.000000 1.000000
vt -0.000000 1.000000
vt 0.794077 1.000000
vt 0.655922 1.000000
vt 0.594078 1.000000
vt 0.455923 1.000000
vt 0.255922 1.000000
vt 0.250000 1.000000
vt 0.055923 1.000000
vt 0.050000 1.000000
vt 0.950000 1.000000
vt 1.000000 1.000000
vt -0.000000 1.000000
vt 0.350000 1.000000
vt 0.350000 1.000000
vt 0.850000 1.000000
vt 0.900000 1.000000
vt 0.800000 1.000000
vt 0.750000 1.000000
vt 0.650000 1.000000
vt 0.700000 1.000000
vt 0.600000 1.000000
vt 0.550000 1.000000
vt 0.150000 1.000000
vt 0.150000 1.000000
vt 0.450000 1.000000
vt 0.500000 1.000000
vt 0.400000 1.000000
vt 0.250000 1.000000
vt 0.300000 1.000000
vt 0.200000 1.000000
vt 0.900000 1.000000
vt 0.050000 1.000000
vt 0.100000 1.000000
vt 0.950000 1.000000
vt 1.000000 1.000000
vt -0.000000 1.000000
vt 0.850000 1.000000
vt 0.800000 1.000000
vt 0.750000 1.000000
vt 0.650000 1.000000
vt 0.700000 1.000000
vt 0.600000 1.000000
vt 0.550000 1.000000
vt 0.450000 1.000000
vt 0.500000 1.000000
vt 0.400000 1.000000
vt 0.250000 1.000000
vt 0.300000 1.000000
vt 0.200000 1.000000
vt 0.050000 1.000000
vt 0.100000 1.000000
vt 0.800000 1.000000
vt 0.800000 1.000000
vt 0.200000 1.000000
vt 0.200000 1.000000
vt 0.650000 1.000000
vt 0.650000 1.000000
vt 0.600000 1.000000
vt 0.600000 1.000000
vt 0.450000 1.000000
vt 0.450000 1.000000
vt 0.400000 1.000000
vt 0.400000 1.000000
vt 0.850000 1.000000
vt 0.850000 1.000000
vt 1.000000 1.000000
vt -0.000000 1.000000
vt 1.000000 1.000000
vt -0.000000 1.000000
vt 0.050000 1.000000
vt 0.050000 1.000000
vt 0.250000 1.000000
vt 0.250000 1.000000
vt 0.955609 1.000000
vt 0.355608 1.000000
vt 0.394079 1.000000
vt 0.894391 1.000000
vt 0.755609 1.000000
vt 0.694391 1.000000
vt 0.555608 1.000000
vt 0.155608 1.000000
vt 0.194075 1.000000
vt 0.494391 1.000000
vt 0.294391 1.000000
vt 0.855921 1.000000
vt 0.094391 1.000000
vt 0.994076 1.000000
vt 0.794077 1.000000
vt 0.655922 1.000000
vt 0.594078 1.000000
vt 0.455923 1.000000
vt 0.255922 1.000000
vt 0.055923 1.000000
vt 1.000000 0.516096
vt -0.000000 0.516096
vt -0.000000 0.500000
vt 1.000000 0.500000
vt 1.000000 1.000000
vt -0.000000 1.000000
vt 1.000000 0.983904
vt -0.000000 0.983904
vt 0.950000 0.500000
vt 0.950000 0.516096
vt 0.950000 0.983904
vt 0.950000 1.000000
vt 0.900000 0.500000
vt 0.900000 0.516096
vt 0.900000 0.983904
vt 0.900000 1.000000
vt 0.850000 0.500000
vt 0.850000 0.516096
vt 0.850000 0.983904
vt 0.850000 1.000000
vt 0.800000 0.500000
vt 0.800000 0.516096
vt 0.800000 0.983904
vt 0.800000 1.000000
vt 0.750000 0.500000
vt 0.750000 0.516096
vt 0.750000 0.983904
vt 0.750000 1.000000
vt 0.700000 0.500000
vt 0.700000 0.516096
vt 0.700000 0.983904
vt 0.700000 1.000000
vt 0.650000 0.500000
vt 0.650000 0.516096
vt 0.650000 0.983904
vt 0.650000 1.000000
vt 0.600000 0.500000
vt 0.600000 0.516096
vt 0.600000 0.983904
vt 0.600000 1.000000
vt 0.550000 0.500000
vt 0.550000 0.516096
vt 0.550000 0.983904
vt 0.550000 1.000000
vt 0.500000 0.500000
vt 0.500000 0.516096
vt 0.500000 0.983904
vt 0.500000 1.000000
vt 0.450000 0.500000
vt 0.450000 0.516096
vt 0.450000 0.983904
vt 0.450000 1.000000
vt 0.400000 0.500000
vt 0.400000 0.516096
vt 0.400000 0.983904
vt 0.400000 1.000000
vt 0.350000 0.500000
vt 0.350000 0.516096
vt 0.350000 0.983904
vt 0.350000 1.000000
vt 0.300000 0.500000
vt 0.300000 0.516096
vt 0.300000 0.983904
vt 0.300000 1.000000
vt 0.250000 0.500000
vt 0.250000 0.516096
vt 0.250000 0.983904
vt 0.250000 1.000000
vt 0.200000 0.500000
vt 0.200000 0.516096
vt 0.200000 0.983904
vt 0.200000 1.000000
vt 0.150000 0.500000
vt 0.150000 0.516096
vt 0.150000 0.983904
vt 0.150000 1.000000
vt 0.100000 0.500000
vt 0.100000 0.516096
vt 0.100000 0.983904
vt 0.100000 1.000000
vt 0.050000 0.500000
vt 0.050000 0.516096
vt 0.050000 0.983904
vt 0.050000 1.000000
vt 0.125000 0.500000
vt 0.375000 0.250000
vt 0.875000 0.500000
vt 0.625000 0.250000
vt 0.375000 0.500000
vt 0.625000 0.500000
vt 0.300000 0.642937
vt 0.492065 0.914698
vt 0.749945 0.602253
vt 1.000000 0.500000
vt -0.000000 0.500000
vt 0.683579 0.602363
vt 0.950000 0.500000
vt 0.250000 0.642938
vt 0.499972 0.916745
vt 0.350000 0.500000
vt 0.444354 0.148267
vt 0.300000 0.500000
vt 0.475099 0.148509
vt 0.200000 0.642937
vt 0.507878 0.914698
vt 0.800000 0.500000
vt 0.524822 0.601490
vt 0.150000 0.642938
vt 0.515011 0.908761
vt 0.750000 0.500000
vt 0.499972 0.601422
vt 0.100000 0.642938
vt 0.520672 0.899513
vt 0.588707 0.500000
vt 0.375000 0.602645
vt 0.600000 0.500000
vt 0.394703 0.602340
vt 0.050000 0.642938
vt 0.524306 0.887861
vt 0.550000 0.500000
vt 0.316391 0.602362
vt 1.000000 0.642938
vt -0.000000 0.642938
vt 0.525559 0.874945
vt 0.400000 0.500000
vt 0.394609 0.147658
vt 0.500000 0.500000
vt 0.250056 0.602252
vt 0.850000 0.500000
vt 0.555539 0.601731
vt 0.875000 0.602646
vt 0.088735 0.500000
vt 0.625000 0.147354
vt 0.816309 0.602363
vt 0.050000 0.500000
vt 0.700000 0.500000
vt 0.475121 0.601490
vt 0.650000 0.500000
vt 0.444404 0.601732
vt 0.950000 0.642937
vt 0.524306 0.862027
vt 0.605240 0.602340
vt 0.900000 0.500000
vt 0.625000 0.602646
vt 0.911323 0.500000
vt 0.900000 0.642938
vt 0.520672 0.850374
vt 0.450000 0.500000
vt 0.183721 0.602363
vt 0.850000 0.642938
vt 0.515011 0.841127
vt 0.800000 0.642938
vt 0.507879 0.835190
vt 0.750000 0.642937
vt 0.499972 0.833145
vt 0.700000 0.642938
vt 0.492065 0.835190
vt 0.411235 0.500000
vt 0.125000 0.602645
vt 0.375000 0.147355
vt 0.650000 0.642937
vt 0.484932 0.841128
vt 0.600000 0.642938
vt 0.479271 0.850375
vt 0.550000 0.642937
vt 0.475637 0.862027
vt 0.500000 0.642938
vt 0.474385 0.874944
vt 0.450000 0.642938
vt 0.475637 0.887861
vt 0.400000 0.642938
vt 0.479271 0.899514
vt 0.350000 0.642938
vt 0.484932 0.908761
vt 1.000000 1.000000
vt -0.000000 1.000000
vt 0.950000 1.000000
vt 0.050000 1.000000
vt 0.900000 1.000000
vt 0.850000 1.000000
vt 0.800000 1.000000
vt 0.750000 1.000000
vt 0.700000 1.000000
vt 0.650000 1.000000
vt 0.600000 1.000000
vt 0.550000 1.000000
vt 0.500000 1.000000
vt 0.450000 1.000000
vt 0.400000 1.000000
vt 0.350000 1.000000
vt 0.300000 1.000000
vt 0.250000 1.000000
vt 0.200000 1.000000
vt 0.150000 1.000000
vt 0.100000 1.000000
vt 0.950000 1.000000
vt 0.900000 1.000000
vt 0.850000 1.000000
vt 0.800000 1.000000
vt 0.750000 1.000000
vt 0.700000 1.000000
vt 0.650000 1.000000
vt 0.600000 1.000000
vt 0.550000 1.000000
vt 0.500000 1.000000
vt 0.450000 1.000000
vt 0.400000 1.000000
vt 0.350000 1.000000
vt 0.300000 1.000000
vt 0.250000 1.000000
vt 0.200000 1.000000
vt 0.150000 1.000000
vt 0.100000 1.000000
vt 1.000000 1.000000
vt -0.000000 1.000000
vt 0.050000 1.000000
vt 0.750000 0.490000
vt 1.000000 0.500000
vt -0.000000 0.500000
vt 0.824164 0.478254
vt 0.950000 0.500000
vt 0.891068 0.444164
vt 0.900000 0.500000
vt 0.944164 0.391068
vt 0.850000 0.500000
vt 0.978254 0.324164
vt 0.800000 0.500000
vt 0.990000 0.250000
vt 0.750000 0.500000
vt 0.978254 0.175836
vt 0.700000 0.500000
vt 0.944164 0.108932
vt 0.650000 0.500000
vt 0.891068 0.055836
vt 0.600000 0.500000
vt 0.824164 0.021746
vt 0.550000 0.500000
vt 0.750000 0.010000
vt 0.500000 0.500000
vt 0.675836 0.021746
vt 0.450000 0.500000
vt 0.608931 0.055836
vt 0.400000 0.500000
vt 0.555836 0.108932
vt 0.350000 0.500000
vt 0.521746 0.175836
vt 0.300000 0.500000
vt 0.510000 0.250000
vt 0.250000 0.500000
vt 0.521747 0.324164
vt 0.200000 0.500000
vt 0.555836 0.391069
vt 0.150000 0.500000
vt 0.608932 0.444164
vt 0.100000 0.500000
vt 0.675836 0.478254
vt 0.050000 0.500000
vt 0.750000 0.490000
vt 1.000000 0.500000
vt -0.000000 0.500000
vt 0.824164 0.478254
vt 0.950000 0.500000
vt 0.891068 0.444164
vt 0.900000 0.500000
vt 0.944164 0.391068
vt 0.850000 0.500000
vt 0.978254 0.324164
vt 0.800000 0.500000
vt 0.990000 0.250000
vt 0.750000 0.500000
vt 0.978254 0.175836
vt 0.700000 0.500000
vt 0.944164 0.108932
vt 0.650000 0.500000
vt 0.891068 0.055836
vt 0.600000 0.500000
vt 0.824164 0.021746
vt 0.550000 0.500000
vt 0.750000 0.010000
vt 0.500000 0.500000
vt 0.675836 0.021746
vt 0.450000 0.500000
vt 0.608931 0.055836
vt 0.400000 0.500000
vt 0.555836 0.108932
vt 0.350000 0.500000
vt 0.521746 0.175836
vt 0.300000 0.500000
vt 0.510000 0.250000
vt 0.250000 0.500000
vt 0.521747 0.324164
vt 0.200000 0.500000
vt 0.555836 0.391069
vt 0.150000 0.500000
vt 0.608932 0.444164
vt 0.100000 0.500000
vt 0.675836 0.478254
vt 0.050000 0.500000
vt 0.750000 0.490000
vt 1.000000 0.500000
vt -0.000000 0.500000
vt 0.824164 0.478254
vt 0.950000 0.500000
vt 0.891068 0.444164
vt 0.900000 0.500000
vt 0.944164 0.391068
vt 0.850000 0.500000
vt 0.978254 0.324164
vt 0.800000 0.500000
vt 0.990000 0.250000
vt 0.750000 0.500000
vt 0.978254 0.175836
vt 0.700000 0.500000
vt 0.944164 0.108932
vt 0.650000 0.500000
vt 0.891068 0.055836
vt 0.600000 0.500000
vt 0.824164 0.021746
vt 0.550000 0.500000
vt 0.750000 0.010000
vt 0.500000 0.500000
vt 0.675836 0.021746
vt 0.450000 0.500000
vt 0.608931 0.055836
vt 0.400000 0.500000
vt 0.555836 0.108932
vt 0.350000 0.500000
vt 0.521746 0.175836
vt 0.300000 0.500000
vt 0.510000 0.250000
vt 0.250000 0.500000
vt 0.521747 0.324164
vt 0.200000 0.500000
vt 0.555836 0.391069
vt 0.150000 0.500000
vt 0.608932 0.444164
vt 0.100000 0.500000
vt 0.675836 0.478254
vt 0.050000 0.500000
vt 0.750000 0.490000
vt 1.000000 0.500000
vt -0.000000 0.500000
vt 0.824164 0.478254
vt 0.950000 0.500000
vt 0.891068 0.444164
vt 0.900000 0.500000
vt 0.944164 0.391068
vt 0.850000 0.500000
vt 0.978254 0.324164
vt 0.800000 0.500000
vt 0.990000 0.250000
vt 0.750000 0.500000
vt 0.978254 0.175836
vt 0.700000 0.500000
vt 0.944164 0.108932
vt 0.650000 0.500000
vt 0.891068 0.055836
vt 0.600000 0.500000
vt 0.824164 0.021746
vt 0.550000 0.500000
vt 0.750000 0.010000
vt 0.500000 0.500000
vt 0.675836 0.021746
vt 0.450000 0.500000
vt 0.608931 0.055836
vt 0.400000 0.500000
vt 0.555836 0.108932
vt 0.350000 0.500000
vt 0.521746 0.175836
vt 0.300000 0.500000
vt 0.510000 0.250000
vt 0.250000 0.500000
vt 0.521747 0.324164
vt 0.200000 0.500000
vt 0.555836 0.391069
vt 0.150000 0.500000
vt 0.608932 0.444164
vt 0.100000 0.500000
vt 0.675836 0.478254
vt 0.050000 0.500000
vt 0.750000 0.490000
vt 1.000000 0.500000
vt -0.000000 0.500000
vt 0.824164 0.478254
vt 0.950000 0.500000
vt 0.891068 0.444164
vt 0.900000 0.500000
vt 0.944164 0.391068
vt 0.850000 0.500000
vt 0.978254 0.324164
vt 0.800000 0.500000
vt 0.990000 0.250000
vt 0.750000 0.500000
vt 0.978254 0.175836
vt 0.700000 0.500000
vt 0.944164 0.108932
vt 0.650000 0.500000
vt 0.891068 0.055836
vt 0.600000 0.500000
vt 0.824164 0.021746
vt 0.550000 0.500000
vt 0.750000 0.010000
vt 0.500000 0.500000
vt 0.675836 0.021746
vt 0.450000 0.500000
vt 0.608931 0.055836
vt 0.400000 0.500000
vt 0.555836 0.108932
vt 0.350000 0.500000
vt 0.521746 0.175836
vt 0.300000 0.500000
vt 0.510000 0.250000
vt 0.250000 0.500000
vt 0.521747 0.324164
vt 0.200000 0.500000
vt 0.555836 0.391069
vt 0.150000 0.500000
vt 0.608932 0.444164
vt 0.100000 0.500000
vt 0.675836 0.478254
vt 0.050000 0.500000
vt 1.000000 0.963757
vt -0.000000 0.963757
vt 0.338290 0.754109
vt 0.100000 0.965473
vt 0.313236 0.756357
vt 0.050000 0.964300
vt 0.326041 0.754744
vt 0.950000 0.963896
vt 0.348784 0.754513
vt 0.942119 0.964024
vt 0.350000 0.754734
vt 0.900000 0.965151
vt 0.355163 0.756172
vt 0.850000 0.966836
vt 0.358481 0.758603
vt 0.800000 0.968704
vt 0.358663 0.761519
vt 0.750000 0.970571
vt 0.355692 0.764635
vt 0.700000 0.972267
vt 0.349822 0.767653
vt 0.701211 0.972214
vt 0.350000 0.767573
vt 0.650000 0.974305
vt 0.339598 0.770666
vt 0.600000 0.975992
vt 0.327490 0.773098
vt 0.550000 0.977165
vt 0.314686 0.774711
vt 0.500000 0.977709
vt 0.302436 0.775346
vt 0.488391 0.977676
vt 0.300000 0.775253
vt 0.450000 0.978650
vt 0.287482 0.775562
vt 0.400000 0.978875
vt 0.275501 0.774752
vt 0.350000 0.978036
vt 0.269015 0.772806
vt 0.150000 0.967161
vt 0.301129 0.758789
vt 0.155520 0.967386
vt 0.300000 0.759122
vt 0.300000 0.976215
vt 0.268658 0.769917
vt 0.250000 0.973590
vt 0.274466 0.766367
vt 0.200000 0.970418
vt 0.285870 0.762502
vt 0.650000 0.767138
vt 0.320685 0.830906
vt 0.678652 0.739290
vt 0.300000 0.810801
vt 0.950000 0.895825
vt 0.127667 0.923810
vt 0.700000 0.725690
vt 0.286097 0.800983
vt 0.900000 0.824269
vt 0.150669 0.872151
vt 0.901818 0.826454
vt 0.150000 0.873728
vt 0.750000 0.708944
vt 0.250000 0.788894
vt 0.750000 0.708944
vt 0.250000 0.788894
vt 0.850000 0.767138
vt 0.179315 0.830906
vt 0.800000 0.725690
vt 0.213903 0.800983
vt 0.821348 0.739290
vt 0.200000 0.810801
vt 0.600000 0.824269
vt 0.349331 0.872151
vt 0.598182 0.826453
vt 0.350000 0.873727
vt 0.550000 0.895825
vt 0.372333 0.923810
vt 0.750000 0.490000
vt 1.000000 0.500000
vt -0.000000 0.500000
vt 0.824164 0.478254
vt 0.950000 0.500000
vt 0.891068 0.444164
vt 0.900000 0.500000
vt 0.944164 0.391068
vt 0.850000 0.500000
vt 0.978254 0.324164
vt 0.800000 0.500000
vt 0.990000 0.250000
vt 0.750000 0.500000
vt 0.978254 0.175836
vt 0.700000 0.500000
vt 0.944164 0.108932
vt 0.650000 0.500000
vt 0.891068 0.055836
vt 0.600000 0.500000
vt 0.824164 0.021746
vt 0.550000 0.500000
vt 0.750000 0.010000
vt 0.500000 0.500000
vt 0.675836 0.021746
vt 0.450000 0.500000
vt 0.608931 0.055836
vt 0.400000 0.500000
vt 0.555836 0.108932
vt 0.350000 0.500000
vt 0.521746 0.175836
vt 0.300000 0.500000
vt 0.510000 0.250000
vt 0.250000 0.500000
vt 0.521747 0.324164
vt 0.200000 0.500000
vt 0.555836 0.391069
vt 0.150000 0.500000
vt 0.608932 0.444164
vt 0.100000 0.500000
vt 0.675836 0.478254
vt 0.050000 0.500000
vt 0.750000 0.490000
vt 1.000000 0.500000
vt -0.000000 0.500000
vt 0.824164 0.478254
vt 0.950000 0.500000
vt 0.891068 0.444164
vt 0.900000 0.500000
vt 0.944164 0.391068
vt 0.850000 0.500000
vt 0.978254 0.324164
vt 0.800000 0.500000
vt 0.990000 0.250000
vt 0.750000 0.500000
vt 0.978254 0.175836
vt 0.700000 0.500000
vt 0.944164 0.108932
vt 0.650000 0.500000
vt 0.891068 0.055836
vt 0.600000 0.500000
vt 0.824164 0.021746
vt 0.550000 0.500000
vt 0.750000 0.010000
vt 0.500000 0.500000
vt 0.675836 0.021746
vt 0.450000 0.500000
vt 0.608931 0.055836
vt 0.400000 0.500000
vt 0.555836 0.108932
vt 0.350000 0.500000
vt 0.521746 0.175836
vt 0.300000 0.500000
vt 0.510000 0.250000
vt 0.250000 0.500000
vt 0.521747 0.324164
vt 0.200000 0.500000
vt 0.555836 0.391069
vt 0.150000 0.500000
vt 0.608932 0.444164
vt 0.100000 0.500000
vt 0.675836 0.478254
vt 0.050000 0.500000
vt 0.750000 0.490000
vt 1.000000 0.500000
vt -0.000000 0.500000
vt 0.824164 0.478254
vt 0.950000 0.500000
vt 0.891068 0.444164
vt 0.900000 0.500000
vt 0.944164 0.391068
vt 0.850000 0.500000
vt 0.978254 0.324164
vt 0.800000 0.500000
vt 0.990000 0.250000
vt 0.750000 0.500000
vt 0.978254 0.175836
vt 0.700000 0.500000
vt 0.944164 0.108932
vt 0.650000 0.500000
vt 0.891068 0.055836
vt 0.600000 0.500000
vt 0.824164 0.021746
vt 0.550000 0.500000
vt 0.750000 0.010000
vt 0.500000 0.500000
vt 0.675836 0.021746
vt 0.450000 0.500000
vt 0.608931 0.055836
vt 0.400000 0.500000
vt 0.555836 0.108932
vt 0.350000 0.500000
vt 0.521746 0.175836
vt 0.300000 0.500000
vt 0.510000 0.250000
vt 0.250000 0.500000
vt 0.521747 0.324164
vt 0.200000 0.500000
vt 0.555836 0.391069
vt 0.150000 0.500000
vt 0.608932 0.444164
vt 0.100000 0.500000
vt 0.675836 0.478254
vt 0.050000 0.500000
vt 0.750000 0.490000
vt 1.000000 0.500000
vt -0.000000 0.500000
vt 0.824164 0.478254
vt 0.950000 0.500000
vt 0.891068 0.444164
vt 0.900000 0.500000
vt 0.944164 0.391068
vt 0.850000 0.500000
vt 0.978254 0.324164
vt 0.800000 0.500000
vt 0.990000 0.250000
vt 0.750000 0.500000
vt 0.978254 0.175836
vt 0.700000 0.500000
vt 0.944164 0.108932
vt 0.650000 0.500000
vt 0.891068 0.055836
vt 0.600000 0.500000
vt 0.824164 0.021746
vt 0.550000 0.500000
vt 0.750000 0.010000
vt 0.500000 0.500000
vt 0.675836 0.021746
vt 0.450000 0.500000
vt 0.608931 0.055836
vt 0.400000 0.500000
vt 0.555836 0.108932
vt 0.350000 0.500000
vt 0.521746 0.175836
vt 0.300000 0.500000
vt 0.510000 0.250000
vt 0.250000 0.500000
vt 0.521747 0.324164
vt 0.200000 0.500000
vt 0.555836 0.391069
vt 0.150000 0.500000
vt 0.608932 0.444164
vt 0.100000 0.500000
vt 0.675836 0.478254
vt 0.050000 0.500000
vt 0.750000 0.490000
vt 1.000000 0.500000
vt -0.000000 0.500000
vt 0.824164 0.478254
vt 0.950000 0.500000
vt 0.891068 0.444164
vt 0.900000 0.500000
vt 0.944164 0.391068
vt 0.850000 0.500000
vt 0.978254 0.324164
vt 0.800000 0.500000
vt 0.990000 0.250000
vt 0.750000 0.500000
vt 0.978254 0.175836
vt 0.700000 0.500000
vt 0.944164 0.108932
vt 0.650000 0.500000
vt 0.891068 0.055836
vt 0.600000 0.500000
vt 0.824164 0.021746
vt 0.550000 0.500000
vt 0.750000 0.010000
vt 0.500000 0.500000
vt 0.675836 0.021746
vt 0.450000 0.500000
vt 0.608931 0.055836
vt 0.400000 0.500000
vt 0.555836 0.108932
vt 0.350000 0.500000
vt 0.521746 0.175836
vt 0.300000 0.500000
vt 0.510000 0.250000
vt 0.250000 0.500000
vt 0.521747 0.324164
vt 0.200000 0.500000
vt 0.555836 0.391069
vt 0.150000 0.500000
vt 0.608932 0.444164
vt 0.100000 0.500000
vt 0.675836 0.478254
vt 0.050000 0.500000
vt 1.000000 0.963757
vt -0.000000 0.963757
vt 0.338290 0.754109
vt 0.100000 0.965473
vt 0.313236 0.756357
vt 0.050000 0.964300
vt 0.326041 0.754744
vt 0.950000 0.963896
vt 0.348784 0.754513
vt 0.942119 0.964024
vt 0.350000 0.754734
vt 0.900000 0.965151
vt 0.355163 0.756172
vt 0.850000 0.966836
vt 0.358481 0.758603
vt 0.800000 0.968704
vt 0.358663 0.761519
vt 0.750000 0.970571
vt 0.355692 0.764635
vt 0.700000 0.972267
vt 0.349822 0.767653
vt 0.701211 0.972214
vt 0.350000 0.767573
vt 0.650000 0.974305
vt 0.339598 0.770666
vt 0.600000 0.975992
vt 0.327490 0.773098
vt 0.550000 0.977165
vt 0.314686 0.774711
vt 0.500000 0.977709
vt 0.302436 0.775346
vt 0.488391 0.977676
vt 0.300000 0.775253
vt 0.450000 0.978650
vt 0.287482 0.775562
vt 0.400000 0.978875
vt 0.275501 0.774752
vt 0.350000 0.978036
vt 0.269015 0.772806
vt 0.150000 0.967161
vt 0.301129 0.758789
vt 0.155520 0.967386
vt 0.300000 0.759122
vt 0.300000 0.976215
vt 0.268658 0.769917
vt 0.250000 0.973590
vt 0.274466 0.766367
vt 0.200000 0.970418
vt 0.285870 0.762502
vt 0.650000 0.767138
vt 0.320685 0.830906
vt 0.678652 0.739290
vt 0.300000 0.810801
vt 0.950000 0.895825
vt 0.127667 0.923810
vt 0.700000 0.725690
vt 0.286097 0.800983
vt 0.900000 0.824269
vt 0.150669 0.872151
vt 0.901818 0.826454
vt 0.150000 0.873728
vt 0.750000 0.708944
vt 0.250000 0.788894
vt 0.750000 0.708944
vt 0.250000 0.788894
vt 0.850000 0.767138
vt 0.179315 0.830906
vt 0.800000 0.725690
vt 0.213903 0.800983
vt 0.821348 0.739290
vt 0.200000 0.810801
vt 0.600000 0.824269
vt 0.349331 0.872151
vt 0.598182 0.826453
vt 0.350000 0.873727
vt 0.550000 0.895825
vt 0.372333 0.923810
vt -0.000000 0.500000
vt 1.000000 0.500000
vt 0.950000 0.500000
vt 0.950000 1.000000
vt -0.000000 1.000000
vt 1.000000 1.000000
vt 0.900000 0.500000
vt 0.900000 1.000000
vt 0.850000 0.500000
vt 0.850000 1.000000
vt 0.800000 0.500000
vt 0.800000 1.000000
vt 0.750000 0.500000
vt 0.750000 1.000000
vt 0.700000 0.500000
vt 0.700000 1.000000
vt 0.650000 0.500000
vt 0.650000 1.000000
vt 0.600000 0.500000
vt 0.600000 1.000000
vt 0.550000 0.500000
vt 0.550000 1.000000
vt 0.500000 0.500000
vt 0.500000 1.000000
vt 0.450000 0.500000
vt 0.450000 1.000000
vt 0.400000 0.500000
vt 0.400000 1.000000
vt 0.350000 0.500000
vt 0.350000 1.000000
vt 0.300000 0.500000
vt 0.300000 1.000000
vt 0.250000 0.500000
vt 0.250000 1.000000
vt 0.200000 0.500000
vt 0.200000 1.000000
vt 0.150000 0.500000
vt 0.150000 1.000000
vt 0.100000 0.500000
vt 0.100000 1.000000
vt 0.050000 0.500000
vt 0.050000 1.000000
vt -0.000000 0.500000
vt 1.000000 0.500000
vt 0.950000 0.500000
vt 0.950000 1.000000
vt -0.000000 1.000000
vt 1.000000 1.000000
vt 0.250000 1.000000
vt 0.250000 1.000000
vt 0.700000 1.000000
vt 0.700000 1.000000
vt 0.900000 0.500000
vt 0.900000 1.000000
vt 0.250000 0.500000
vt 0.250000 0.500000
vt 0.850000 0.500000
vt 0.850000 1.000000
vt 0.300000 0.500000
vt 0.300000 0.500000
vt 0.800000 0.500000
vt 0.800000 1.000000
vt 0.700000 0.500000
vt 0.700000 0.500000
vt 0.750000 0.500000
vt 0.750000 1.000000
vt 0.750000 0.500000
vt 0.100000 1.000000
vt 0.100000 1.000000
vt 0.650000 0.500000
vt 0.650000 1.000000
vt 0.050000 1.000000
vt 0.050000 1.000000
vt 0.600000 0.500000
vt 0.600000 1.000000
vt 0.550000 1.000000
vt 0.550000 1.000000
vt 0.550000 0.500000
vt 0.500000 1.000000
vt 0.500000 1.000000
vt 0.500000 0.500000
vt 0.050000 0.500000
vt 0.050000 0.500000
vt 0.450000 0.500000
vt 0.450000 1.000000
vt 0.100000 0.500000
vt 0.100000 0.500000
vt 0.400000 0.500000
vt 0.400000 1.000000
vt 0.500000 0.500000
vt 0.350000 0.500000
vt 0.350000 1.000000
vt 0.550000 0.500000
vt 0.300000 1.000000
vt 1.000000 1.000000
vt -0.000000 1.000000
vt 0.950000 1.000000
vt 0.200000 0.500000
vt 0.200000 1.000000
vt 0.350000 1.000000
vt 0.150000 0.500000
vt 0.150000 1.000000
vt 0.300000 1.000000
vt 0.800000 1.000000
vt 0.750000 1.000000
vt 1.000000 0.500000
vt -0.000000 0.500000
vt 0.950000 0.500000
vt 0.100000 0.500000
vt 0.550000 0.500000
vt 0.900000 0.500000
vt 0.900000 1.000000
vt 0.355608 1.000000
vt 0.850000 0.500000
vt 0.850000 1.000000
vt 0.800000 1.000000
vt 0.800000 0.500000
vt 0.350000 0.500000
vt 0.350000 0.500000
vt 0.400000 0.500000
vt 0.400000 0.500000
vt 0.800000 0.500000
vt 0.650000 0.500000
vt 0.650000 1.000000
vt 0.850000 0.500000
vt 0.600000 0.500000
vt 0.600000 1.000000
vt 0.200000 1.000000
vt 0.200000 1.000000
vt 0.150000 1.000000
vt 0.155608 1.000000
vt 0.650000 1.000000
vt 0.450000 0.500000
vt 0.450000 1.000000
vt 0.600000 1.000000
vt 0.400000 1.000000
vt 0.150000 0.500000
vt 0.150000 0.500000
vt 0.200000 0.500000
vt 0.200000 0.500000
vt 0.600000 0.500000
vt 0.650000 0.500000
vt 0.450000 1.000000
vt 0.400000 1.000000
vt 0.894391 1.000000
vt 0.850000 1.000000
vt 1.000000 0.500000
vt -0.000000 0.500000
vt 0.950000 0.500000
vt 0.955609 1.000000
vt 1.000000 1.000000
vt -0.000000 1.000000
vt 0.900000 0.500000
vt 0.394079 1.000000
vt 0.800000 1.000000
vt 0.750000 0.500000
vt 0.755609 1.000000
vt 0.700000 0.500000
vt 0.694391 1.000000
vt 0.200000 1.000000
vt 0.555608 1.000000
vt 0.194075 1.000000
vt 0.500000 0.500000
vt 0.494391 1.000000
vt 0.650000 1.000000
vt 0.450000 0.500000
vt 0.600000 1.000000
vt 0.300000 0.500000
vt 0.294391 1.000000
vt 0.250000 0.500000
vt 0.250000 1.000000
vt 0.450000 1.000000
vt 0.400000 1.000000
vt 0.094391 1.000000
vt 0.855921 1.000000
vt 0.050000 0.500000
vt 0.050000 1.000000
vt 0.850000 1.000000
vt 0.994076 1.000000
vt 1.000000 1.000000
vt -0.000000 1.000000
vt 0.794077 1.000000
vt 0.655922 1.000000
vt 0.594078 1.000000
vt 0.455923 1.000000
vt 0.255922 1.000000
vt 0.250000 1.000000
vt 0.055923 1.000000
vt 0.050000 1.000000
vt 0.950000 1.000000
vt 1.000000 1.000000
vt -0.000000 1.000000
vt 0.350000 1.000000
vt 0.350000 1.000000
vt 0.850000 1.000000
vt 0.900000 1.000000
vt 0.800000 1.000000
vt 0.750000 1.000000
vt 0.650000 1.000000
vt 0.700000 1.000000
vt 0.600000 1.000000
vt 0.550000 1.000000
vt 0.150000 1.000000
vt 0.150000 1.000000
vt 0.450000 1.000000
vt 0.500000 1.000000
vt 0.400000 1.000000
vt 0.250000 1.000000
vt 0.300000 1.000000
vt 0.200000 1.000000
vt 0.900000 1.000000
vt 0.050000 1.000000
vt 0.100000 1.000000
vt 0.950000 1.000000
vt 1.000000 1.000000
vt -0.000000 1.000000
vt 0.850000 1.000000
vt 0.800000 1.000000
vt 0.750000 1.000000
vt 0.650000 1.000000
vt 0.700000 1.000000
vt 0.600000 1.000000
vt 0.550000 1.000000
vt 0.450000 1.000000
vt 0.500000 1.000000
vt 0.400000 1.000000
vt 0.250000 1.000000
vt 0.300000 1.000000
vt 0.200000 1.000000
vt 0.050000 1.000000
vt 0.100000 1.000000
vt 0.800000 1.000000
vt 0.800000 1.000000
vt 0.200000 1.000000
vt 0.200000 1.000000
vt 0.650000 1.000000
vt 0.650000 1.000000
vt 0.600000 1.000000
vt 0.600000 1.000000
vt 0.450000 1.000000
vt 0.450000 1.000000
vt 0.400000 1.000000
vt 0.400000 1.000000
vt 0.850000 1.000000
vt 0.850000 1.000000
vt 1.000000 1.000000
vt -0.000000 1.000000
vt 1.000000 1.000000
vt -0.000000 1.000000
vt 0.050000 1.000000
vt 0.050000 1.000000
vt 0.250000 1.000000
vt 0.250000 1.000000
vt 0.955609 1.000000
vt 0.355608 1.000000
vt 0.394079 1.000000
vt 0.894391 1.000000
vt 0.755609 1.000000
vt 0.694391 1.000000
vt 0.555608 1.000000
vt 0.155608 1.000000
vt 0.194075 1.000000
vt 0.494391 1.000000
vt 0.294391 1.000000
vt 0.855921 1.000000
vt 0.094391 1.000000
vt 0.994076 1.000000
vt 0.794077 1.000000
vt 0.655922 1.000000
vt 0.594078 1.000000
vt 0.455923 1.000000
vt 0.255922 1.000000
vt 0.055923 1.000000
vt 1.000000 0.516096
vt -0.000000 0.516096
vt -0.000000 0.500000
vt 1.000000 0.500000
vt 1.000000 1.000000
vt -0.000000 1.000000
vt 1.000000 0.983904
vt -0.000000 0.983904
vt 0.950000 0.500000
vt 0.950000 0.516096
vt 0.950000 0.983904
vt 0.950000 1.000000
vt 0.900000 0.500000
vt 0.900000 0.516096
vt 0.900000 0.983904
vt 0.900000 1.000000
vt 0.850000 0.500000
vt 0.850000 0.516096
vt 0.850000 0.983904
vt 0.850000 1.000000
vt 0.800000 0.500000
vt 0.800000 0.516096
vt 0.800000 0.983904
vt 0.800000 1.000000
vt 0.750000 0.500000
vt 0.750000 0.516096
vt 0.750000 0.983904
vt 0.750000 1.000000
vt 0.700000 0.500000
vt 0.700000 0.516096
vt 0.700000 0.983904
vt 0.700000 1.000000
vt 0.650000 0.500000
vt 0.650000 0.516096
vt 0.650000 0.983904
vt 0.650000 1.000000
vt 0.600000 0.500000
vt 0.600000 0.516096
vt 0.600000 0.983904
vt 0.600000 1.000000
vt 0.550000 0.500000
vt 0.550000 0.516096
vt 0.550000 0.983904
vt 0.550000 1.000000
vt 0.500000 0.500000
vt 0.500000 0.516096
vt 0.500000 0.983904
vt 0.500000 1.000000
vt 0.450000 0.500000
vt 0.450000 0.516096
vt 0.450000 0.983904
vt 0.450000 1.000000
vt 0.400000 0.500000
vt 0.400000 0.516096
vt 0.400000 0.983904
vt 0.400000 1.000000
vt 0.350000 0.500000
vt 0.350000 0.516096
vt 0.350000 0.983904
vt 0.350000 1.000000
vt 0.300000 0.500000
vt 0.300000 0.516096
vt 0.300000 0.983904
vt 0.300000 1.000000
vt 0.250000 0.500000
vt 0.250000 0.516096
vt 0.250000 0.983904
vt 0.250000 1.000000
vt 0.200000 0.500000
vt 0.200000 0.516096
vt 0.200000 0.983904
vt 0.200000 1.000000
vt 0.150000 0.500000
vt 0.150000 0.516096
vt 0.150000 0.983904
vt 0.150000 1.000000
vt 0.100000 0.500000
vt 0.100000 0.516096
vt 0.100000 0.983904
vt 0.100000 1.000000
vt 0.050000 0.500000
vt 0.050000 0.516096
vt 0.050000 0.983904
vt 0.050000 1.000000
vt 0.125000 0.500000
vt 0.375000 0.250000
vt 0.875000 0.500000
vt 0.625000 0.250000
vt 0.375000 0.500000
vt 0.625000 0.500000
vt 0.300000 0.642937
vt 0.492065 0.914698
vt 0.749945 0.602253
vt 1.000000 0.500000
vt -0.000000 0.500000
vt 0.683579 0.602363
vt 0.950000 0.500000
vt 0.250000 0.642938
vt 0.499972 0.916745
vt 0.350000 0.500000
vt 0.444354 0.148267
vt 0.300000 0.500000
vt 0.475099 0.148509
vt 0.200000 0.642937
vt 0.507878 0.914698
vt 0.150000 0.642938
vt 0.515011 0.908761
vt 0.605335 0.147658
vt 0.100000 0.500000
vt 0.100000 0.642938
vt 0.520672 0.899513
vt 0.150000 0.500000
vt 0.555589 0.148267
vt 0.588707 0.500000
vt 0.375000 0.602645
vt 0.600000 0.500000
vt 0.394703 0.602340
vt 0.050000 0.642938
vt 0.524306 0.887861
vt 0.550000 0.500000
vt 0.316391 0.602362
vt 1.000000 0.642938
vt -0.000000 0.642938
vt 0.525559 0.874945
vt 0.400000 0.500000
vt 0.394609 0.147658
vt 0.500000 0.500000
vt 0.250056 0.602252
vt 0.625000 0.147354
vt 0.875000 0.602646
vt 0.088735 0.500000
vt 0.816309 0.602363
vt 0.050000 0.500000
vt 0.200000 0.500000
vt 0.524844 0.148509
vt 0.700000 0.500000
vt 0.475121 0.601490
vt 0.250000 0.500000
vt 0.499972 0.148577
vt 0.650000 0.500000
vt 0.444404 0.601732
vt 0.950000 0.642937
vt 0.524306 0.862027
vt 0.911323 0.500000
vt 0.625000 0.602646
vt 0.900000 0.642938
vt 0.520672 0.850374
vt 0.450000 0.500000
vt 0.183721 0.602363
vt 0.850000 0.642938
vt 0.515011 0.841127
vt 0.800000 0.642938
vt 0.507879 0.835190
vt 0.750000 0.642937
vt 0.499972 0.833145
vt 0.700000 0.642938
vt 0.492065 0.835190
vt 0.411235 0.500000
vt 0.375000 0.147355
vt 0.125000 0.602645
vt 0.650000 0.642937
vt 0.484932 0.841128
vt 0.600000 0.642938
vt 0.479271 0.850375
vt 0.550000 0.642937
vt 0.475637 0.862027
vt 0.500000 0.642938
vt 0.474385 0.874944
vt 0.450000 0.642938
vt 0.475637 0.887861
vt 0.400000 0.642938
vt 0.479271 0.899514
vt 0.350000 0.642938
vt 0.484932 0.908761
vt 1.000000 1.000000
vt -0.000000 1.000000
vt 0.950000 1.000000
vt 0.050000 1.000000
vt 0.900000 1.000000
vt 0.850000 1.000000
vt 0.800000 1.000000
vt 0.750000 1.000000
vt 0.700000 1.000000
vt 0.650000 1.000000
vt 0.600000 1.000000
vt 0.550000 1.000000
vt 0.500000 1.000000
vt 0.450000 1.000000
vt 0.400000 1.000000
vt 0.350000 1.000000
vt 0.300000 1.000000
vt 0.250000 1.000000
vt 0.200000 1.000000
vt 0.150000 1.000000
vt 0.100000 1.000000
vt 0.950000 1.000000
vt 0.900000 1.000000
vt 0.850000 1.000000
vt 0.800000 1.000000
vt 0.750000 1.000000
vt 0.700000 1.000000
vt 0.650000 1.000000
vt 0.600000 1.000000
vt 0.550000 1.000000
vt 0.500000 1.000000
vt 0.450000 1.000000
vt 0.400000 1.000000
vt 0.350000 1.000000
vt 0.300000 1.000000
vt 0.250000 1.000000
vt 0.200000 1.000000
vt 0.150000 1.000000
vt 0.100000 1.000000
vt 1.000000 1.000000
vt -0.000000 1.000000
vt 0.050000 1.000000
vt 0.650000 0.920889
vt 0.518771 0.342468
vt 0.400000 0.951061
vt 0.767652 0.500000
vt 0.450000 0.950860
vt 0.763845 0.500000
vt 0.600000 0.920889
vt 0.506223 0.377545
vt 0.350000 0.951227
vt 0.773834 0.500000
vt 0.550000 0.920889
vt 0.498166 0.421744
vt 0.300000 0.965002
vt 0.887940 0.500000
vt 0.500000 0.920889
vt 0.495390 0.470738
vt 0.300000 0.951342
vt 0.781702 0.500000
vt 0.470138 0.963019
vt 0.744117 0.500000
vt 0.497048 0.601430
vt 0.450000 0.963104
vt 0.746945 0.500000
vt 0.470138 0.920889
vt 0.497048 0.500000
vt 0.250000 0.951395
vt 0.790974 0.500000
vt 0.438794 0.963145
vt 0.750000 0.500000
vt 0.400000 0.963301
vt 0.758353 0.500000
vt 0.100000 0.963560
vt 0.860502 0.500000
vt 0.200000 0.951387
vt 0.801448 0.500000
vt 0.207532 0.951383
vt 0.800000 0.500000
vt 0.250000 0.965132
vt 0.891126 0.500000
vt 0.050000 0.963463
vt 0.887998 0.500000
vt 0.994978 0.950911
vt 0.120483 0.963578
vt 0.851775 0.500000
vt 1.000000 0.950928
vt -0.000000 0.950928
vt 0.850788 0.500000
vt 0.150000 0.951351
vt 0.812049 0.500000
vt 0.500000 0.950644
vt 0.763708 0.500000
vt 0.029862 0.963410
vt 0.901109 0.500000
vt 0.607175 0.602370
vt 1.000000 0.920889
vt -0.000000 0.920889
vt 0.608833 0.470738
vt 0.032058 0.963413
vt 0.900000 0.500000
vt 0.029862 0.920889
vt 0.607175 0.500000
vt 0.505258 0.950623
vt 0.379479 0.963370
vt 0.764218 0.500000
vt 0.100000 0.951254
vt 0.823780 0.500000
vt 0.950000 0.992289
vt 0.051769 0.500000
vt 0.957466 0.992281
vt 0.050000 0.500000
vt 1.000000 0.992269
vt -0.000000 0.992269
vt 0.041154 0.500000
vt 0.050000 0.951108
vt 0.836833 0.500000
vt 0.900000 0.992324
vt 0.061395 0.500000
vt 0.003173 0.950937
vt 0.850000 0.500000
vt 1.000000 0.965073
vt -0.000000 0.965073
vt 0.964092 0.500000
vt 0.950000 0.965002
vt 0.984432 0.500000
vt 0.850000 0.992333
vt 0.069121 0.500000
vt 0.800000 0.992315
vt 0.074963 0.500000
vt 0.750000 0.920889
vt 0.552112 0.312188
vt 0.700000 0.920889
vt 0.534584 0.319948
vt 0.900000 0.964915
vt 0.004615 0.500000
vt 0.911082 0.964919
vt 1.000000 0.500000
vt -0.000000 0.500000
vt 0.750000 0.992272
vt 0.078459 0.500000
vt 0.800000 0.920889
vt 0.569640 0.319948
vt 0.850000 0.920889
vt 0.585452 0.342468
vt 0.700000 0.992208
vt 0.079246 0.500000
vt 0.900000 0.920889
vt 0.598000 0.377545
vt 0.950000 0.920889
vt 0.606057 0.421744
vt 0.850000 0.964857
vt 0.021501 0.500000
vt 0.650000 0.992130
vt 0.077053 0.500000
vt 0.800000 0.964761
vt 0.033486 0.500000
vt 0.600000 0.992044
vt 0.071618 0.500000
vt 0.750000 0.964636
vt 0.039379 0.500000
vt 0.550000 0.991960
vt 0.062614 0.500000
vt 0.700000 0.964496
vt 0.037902 0.500000
vt 0.500000 0.991885
vt 0.050135 0.500000
vt 0.499514 0.991885
vt 0.050000 0.500000
vt 0.450000 0.991871
vt 0.038007 0.500000
vt 0.650000 0.964353
vt 0.026903 0.500000
vt 0.600000 0.964222
vt 0.005174 0.500000
vt 0.400000 0.991878
vt 0.026514 0.500000
vt 0.350000 0.991904
vt 0.017089 0.500000
vt 0.550000 0.964189
vt 0.976258 0.500000
vt 0.590366 0.964201
vt 1.000000 0.500000
vt -0.000000 0.500000
vt 0.300000 0.991948
vt 0.010954 0.500000
vt 0.500000 0.964235
vt 0.945186 0.500000
vt 0.250000 0.992003
vt 0.008714 0.500000
vt 0.508187 0.964214
vt 0.950000 0.500000
vt 0.200000 0.992066
vt 0.010347 0.500000
vt 0.450000 0.964400
vt 0.917285 0.500000
vt 0.150000 0.992130
vt 0.015215 0.500000
vt 0.400000 0.964587
vt 0.900997 0.500000
vt 0.100000 0.992189
vt 0.022436 0.500000
vt 0.050000 0.992237
vt 0.031300 0.500000
vt 0.200000 0.965190
vt 0.899673 0.500000
vt 0.150000 0.965229
vt 0.910706 0.500000
vt 0.198802 0.965190
vt 0.900000 0.500000
vt 0.394368 0.964608
vt 0.900000 0.500000
vt 0.350000 0.964813
vt 0.890730 0.500000
vt 0.100000 0.965209
vt 0.925076 0.500000
vt 0.050000 0.965131
vt 0.943713 0.500000
vt 0.035727 0.965094
vt 0.950000 0.500000
vt 0.497048 0.250000
vt 0.470139 0.920876
vt 0.607175 0.250000
vt 0.029861 0.920876
vt 0.498166 0.328256
vt 0.550000 0.920876
vt 0.995453 0.500000
vt 0.900000 0.964896
vt 0.495390 0.279261
vt 0.500000 0.920876
vt 1.000000 0.500000
vt -0.000000 0.500000
vt 0.910918 0.964900
vt 0.100000 0.500000
vt 0.031950 0.963401
vt 0.100000 0.500000
vt 0.394654 0.964589
vt 0.109326 0.500000
vt 0.350000 0.964795
vt 0.112109 0.500000
vt 0.300000 0.964984
vt 0.100380 0.500000
vt 0.200000 0.965172
vt 0.100000 0.500000
vt 0.198608 0.965171
vt 0.108923 0.500000
vt 0.250000 0.965114
vt 0.552112 0.437812
vt 0.750000 0.920876
vt 0.518771 0.407531
vt 0.650000 0.920876
vt 0.534584 0.430052
vt 0.700000 0.920876
vt 0.978568 0.500000
vt 0.850000 0.964838
vt 0.569640 0.430052
vt 0.800000 0.920876
vt 0.585452 0.407531
vt 0.850000 0.920876
vt 0.506223 0.372455
vt 0.600000 0.920876
vt 0.598000 0.372455
vt 0.900000 0.920876
vt 0.608833 0.279261
vt 1.000000 0.920876
vt -0.000000 0.920876
vt 0.606057 0.328256
vt 0.950000 0.920876
vt 0.966584 0.500000
vt 0.800000 0.964742
vt 0.112070 0.500000
vt 0.050000 0.963451
vt 0.960692 0.500000
vt 0.750000 0.964617
vt 0.150000 0.500000
vt 0.003017 0.950920
vt 0.148263 0.500000
vt 0.994964 0.950895
vt 0.120486 0.963566
vt 0.149251 0.500000
vt 1.000000 0.950911
vt -0.000000 0.950911
vt 0.139541 0.500000
vt 0.100000 0.963548
vt 0.962176 0.500000
vt 0.700000 0.964477
vt 0.176248 0.500000
vt 0.100000 0.951238
vt 0.973188 0.500000
vt 0.650000 0.964334
vt 0.198569 0.500000
vt 0.200000 0.951371
vt 0.200000 0.500000
vt 0.207443 0.951367
vt 0.187973 0.500000
vt 0.150000 0.951334
vt 0.994916 0.500000
vt 0.600000 0.964203
vt 1.000000 0.500000
vt -0.000000 0.500000
vt 0.590529 0.964183
vt 0.163205 0.500000
vt 0.050000 0.951091
vt 0.023841 0.500000
vt 0.550000 0.964170
vt 0.050000 0.500000
vt 0.508330 0.964195
vt 0.054898 0.500000
vt 0.500000 0.964216
vt 0.082784 0.500000
vt 0.450000 0.964382
vt 0.098946 0.500000
vt 0.607175 0.147629
vt 0.029861 0.963398
vt 0.099054 0.500000
vt 0.400000 0.964569
vt 0.074972 0.500000
vt 0.100000 0.965190
vt 0.089337 0.500000
vt 0.150000 0.965210
vt 0.050000 0.500000
vt 0.035584 0.965076
vt 0.056347 0.500000
vt 0.050000 0.965112
vt 0.253053 0.500000
vt 0.450000 0.963092
vt 0.250000 0.500000
vt 0.438793 0.963133
vt 0.255878 0.500000
vt 0.497048 0.148569
vt 0.470139 0.963007
vt 0.948269 0.500000
vt 0.950000 0.992275
vt 0.035966 0.500000
vt 1.000000 0.965055
vt -0.000000 0.965055
vt 0.950000 0.500000
vt 0.957301 0.992267
vt 0.950000 0.500000
vt 0.499679 0.991871
vt 0.949911 0.500000
vt 0.500000 0.991871
vt 0.958880 0.500000
vt 1.000000 0.992255
vt -0.000000 0.992255
vt 0.962034 0.500000
vt 0.450000 0.991858
vt 0.968734 0.500000
vt 0.050000 0.992223
vt 0.973527 0.500000
vt 0.400000 0.991864
vt 0.920783 0.500000
vt 0.700000 0.992194
vt 0.921570 0.500000
vt 0.750000 0.992258
vt 0.925066 0.500000
vt 0.800000 0.992301
vt 0.930908 0.500000
vt 0.850000 0.992319
vt 0.922978 0.500000
vt 0.650000 0.992116
vt 0.977598 0.500000
vt 0.100000 0.992175
vt 0.982953 0.500000
vt 0.350000 0.991891
vt 0.984822 0.500000
vt 0.150000 0.992117
vt 0.989088 0.500000
vt 0.300000 0.991934
vt 0.938635 0.500000
vt 0.900000 0.992310
vt 0.991327 0.500000
vt 0.250000 0.991989
vt 0.928416 0.500000
vt 0.600000 0.992030
vt 0.989692 0.500000
vt 0.200000 0.992053
vt 0.937426 0.500000
vt 0.550000 0.991946
vt 0.015632 0.500000
vt 0.950000 0.964983
vt 0.241652 0.500000
vt 0.400000 0.963289
vt 0.235789 0.500000
vt 0.505272 0.950606
vt 0.379477 0.963358
vt 0.236300 0.500000
vt 0.500000 0.950628
vt 0.236162 0.500000
vt 0.450000 0.950843
vt 0.209042 0.500000
vt 0.250000 0.951379
vt 0.232356 0.500000
vt 0.400000 0.951044
vt 0.226176 0.500000
vt 0.350000 0.951210
vt 0.218310 0.500000
vt 0.300000 0.951325
s 0
usemtl tyre
f 4013/5325/1618 4090/5405/1618 4091/5406/1618 4016/5331/1618
f 4021/5336/1619 3757/5057/1619 3754/5053/1619 4017/5332/1619
f 4025/5340/1619 3759/5059/1619 3757/5057/1619 4021/5336/1619
f 4029/5344/1619 3761/5061/1619 3759/5059/1619 4025/5340/1619
f 4033/5348/1619 3763/5063/1619 3761/5061/1619 4029/5344/1619
f 4037/5352/1619 3765/5065/1619 3763/5063/1619 4033/5348/1619
f 4041/5356/1619 3767/5067/1619 3765/5065/1619 4037/5352/1619
f 4045/5360/1619 3769/5069/1619 3767/5067/1619 4041/5356/1619
f 4049/5364/1619 3771/5071/1619 3769/5069/1619 4045/5360/1619
f 4053/5368/1619 3773/5073/1619 3771/5071/1619 4049/5364/1619
f 4057/5372/1619 3775/5075/1619 3773/5073/1619 4053/5368/1619
f 4061/5376/1619 3777/5077/1619 3775/5075/1619 4057/5372/1619
f 4065/5380/1619 3779/5079/1619 3777/5077/1619 4061/5376/1619
f 4069/5384/1619 3781/5081/1619 3779/5079/1619 4065/5380/1619
f 4073/5388/1619 3783/5083/1619 3781/5081/1619 4069/5384/1619
f 4077/5392/1619 3785/5085/1619 3783/5083/1619 4073/5388/1619
f 4081/5396/1619 3787/5087/1619 3785/5085/1619 4077/5392/1619
f 4085/5400/1619 3789/5089/1619 3787/5087/1619 4081/5396/1619
f 4089/5404/1619 3791/5091/1619 3789/5089/1619 4085/5400/1619
f 4014/5326/1619 3753/5051/1619 3791/5091/1619 4089/5404/1619
f 4042/5357/1620 4043/5358/1620 4047/5362/1620 4046/5361/1620
f 4078/5393/1621 4079/5394/1621 4083/5398/1621 4082/5397/1621
f 4158/5520/1622 3758/5058/1622 3760/5060/1622 4159/5521/1622
f 4167/5529/1622 3776/5076/1622 3778/5078/1622 4168/5530/1622
f 4026/5341/1623 4027/5342/1623 4031/5346/1623 4030/5345/1623
f 4062/5377/1624 4063/5378/1624 4067/5382/1624 4066/5381/1624
f 4163/5525/1622 3768/5068/1622 3770/5070/1622 4164/5526/1622
f 4172/5534/1622 3786/5086/1622 3788/5088/1622 4173/5535/1622
f 4046/5361/1625 4047/5362/1625 4051/5366/1625 4050/5365/1625
f 4082/5397/1626 4083/5398/1626 4087/5402/1626 4086/5401/1626
f 4159/5521/1622 3760/5060/1622 3762/5062/1622 4160/5522/1622
f 4168/5530/1622 3778/5078/1622 3780/5080/1622 4169/5531/1622
f 4030/5345/1627 4031/5346/1627 4035/5350/1627 4034/5349/1627
f 4066/5381/1628 4067/5382/1628 4071/5386/1628 4070/5385/1628
f 4164/5526/1622 3770/5070/1622 3772/5072/1622 4165/5527/1622
f 4173/5535/1622 3788/5088/1622 3790/5090/1622 4174/5536/1622
f 4050/5365/1629 4051/5366/1629 4055/5370/1629 4054/5369/1629
f 4086/5401/1630 4087/5402/1630 4091/5406/1630 4090/5405/1630
f 4160/5522/1622 3762/5062/1622 3764/5064/1622 4161/5523/1622
f 4169/5531/1622 3780/5080/1622 3782/5082/1622 4170/5532/1622
f 4013/5324/1631 4016/5330/1631 4019/5334/1631 4018/5333/1631
f 4034/5349/1632 4035/5350/1632 4039/5354/1632 4038/5353/1632
f 4070/5385/1633 4071/5386/1633 4075/5390/1633 4074/5389/1633
f 4176/5539/1622 3792/5092/1622 3756/5055/1622 4175/5538/1622
f 4165/5527/1622 3772/5072/1622 3774/5074/1622 4166/5528/1622
f 4174/5536/1622 3790/5090/1622 3792/5092/1622 4176/5539/1622
f 4054/5369/1634 4055/5370/1634 4059/5374/1634 4058/5373/1634
f 4161/5523/1622 3764/5064/1622 3766/5066/1622 4162/5524/1622
f 4170/5532/1622 3782/5082/1622 3784/5084/1622 4171/5533/1622
f 4038/5353/1635 4039/5354/1635 4043/5358/1635 4042/5357/1635
f 4074/5389/1636 4075/5390/1636 4079/5394/1636 4078/5393/1636
f 4157/5519/1622 3755/5054/1622 3758/5058/1622 4158/5520/1622
f 4166/5528/1622 3774/5074/1622 3776/5076/1622 4167/5529/1622
f 4175/5537/1622 3756/5056/1622 3755/5054/1622 4157/5519/1622
f 4022/5337/1637 4023/5338/1637 4027/5342/1637 4026/5341/1637
f 4058/5373/1638 4059/5374/1638 4063/5378/1638 4062/5377/1638
f 4018/5333/1639 4019/5334/1639 4023/5338/1639 4022/5337/1639
f 4162/5524/1622 3766/5066/1622 3768/5068/1622 4163/5525/1622
f 4171/5533/1622 3784/5084/1622 3786/5086/1622 4172/5534/1622
f 3753/5052/1634 3754/5053/1634 3794/5095/1634 3793/5094/1634
f 3779/5079/1623 3781/5081/1623 3807/5109/1623 3839/5141/1623
f 3761/5061/1633 3763/5063/1633 3813/5115/1633 3809/5111/1633
f 3790/5090/1620 3788/5088/1620 3849/5152/1620 3817/5119/1620
f 3772/5072/1630 3770/5070/1630 3823/5125/1630 3825/5127/1630
f 3787/5087/1620 3789/5089/1620 3834/5136/1620 3848/5151/1620
f 3769/5069/1630 3771/5071/1630 3826/5128/1630 3822/5124/1630
f 3780/5080/1637 3778/5078/1637 3837/5139/1637 3840/5142/1637
f 3762/5062/1628 3760/5060/1628 3806/5108/1628 3810/5112/1628
f 3777/5077/1637 3779/5079/1637 3839/5141/1637 3836/5138/1637
f 3759/5059/1628 3761/5061/1628 3809/5111/1628 3805/5107/1628
f 3788/5088/1635 3786/5086/1635 3846/5149/1635 3849/5152/1635
f 3770/5070/1626 3768/5068/1626 3819/5121/1626 3823/5125/1626
f 3785/5085/1635 3787/5087/1635 3848/5151/1635 3845/5148/1635
f 3767/5067/1626 3769/5069/1626 3822/5124/1626 3818/5120/1626
f 3778/5078/1639 3776/5076/1639 3833/5135/1639 3837/5139/1639
f 3760/5060/1624 3758/5058/1624 3802/5104/1624 3806/5108/1624
f 3775/5075/1639 3777/5077/1639 3836/5138/1639 3832/5134/1639
f 3757/5057/1624 3759/5059/1624 3805/5107/1624 3801/5103/1624
f 3786/5086/1632 3784/5084/1632 3797/5099/1632 3846/5149/1632
f 3768/5068/1621 3766/5066/1621 3799/5101/1621 3819/5121/1621
f 3783/5083/1632 3785/5085/1632 3845/5148/1632 3804/5106/1632
f 3765/5065/1621 3767/5067/1621 3818/5120/1621 3812/5114/1621
f 3756/5055/1629 3792/5092/1629 3820/5122/1629 3796/5097/1629
f 3776/5076/1631 3774/5074/1631 3827/5129/1631 3833/5135/1631
f 3758/5058/1638 3755/5054/1638 3795/5096/1638 3802/5104/1638
f 3791/5091/1629 3753/5051/1629 3793/5093/1629 3831/5133/1629
f 3773/5073/1631 3775/5075/1631 3832/5134/1631 3829/5131/1631
f 3754/5053/1638 3757/5057/1638 3801/5103/1638 3794/5095/1638
f 3784/5084/1627 3782/5082/1627 3842/5144/1627 3797/5099/1627
f 3766/5066/1636 3764/5064/1636 3814/5116/1636 3799/5101/1636
f 3781/5081/1627 3783/5083/1627 3804/5106/1627 3807/5109/1627
f 3763/5063/1636 3765/5065/1636 3812/5114/1636 3813/5115/1636
f 3792/5092/1625 3790/5090/1625 3817/5119/1625 3820/5122/1625
f 3774/5074/1618 3772/5072/1618 3825/5127/1618 3827/5129/1618
f 3789/5089/1625 3791/5091/1625 3831/5133/1625 3834/5136/1625
f 3771/5071/1618 3773/5073/1618 3829/5131/1618 3826/5128/1618
f 3755/5054/1634 3756/5056/1634 3796/5098/1634 3795/5096/1634
f 3782/5082/1623 3780/5080/1623 3840/5142/1623 3842/5144/1623
f 3764/5064/1633 3762/5062/1633 3810/5112/1633 3814/5116/1633
f 3929/5236/1652 3992/5303/1652 4011/5322/1652
f 3838/5140/1619 3879/5183/1619 3910/5216/1619 3907/5213/1619
f 3965/5274/1687 3981/5290/1687 3928/5235/1687
f 3999/5310/1745 3980/5289/1745 4009/5320/1745
f 4000/5311/1750 3975/5284/1750 4001/5312/1750
f 3989/5300/1756 4012/5323/1756 3990/5301/1756
f 3991/5302/1758 4011/5322/1758 3992/5303/1758
f 3924/5230/1777 4006/5317/1777 3987/5296/1777
f 3926/5233/1792 3977/5286/1792 4008/5319/1792
f 4014/5327/1796 4013/5324/1796 4018/5333/1796 4017/5332/1796
f 4020/5335/1797 4019/5334/1797 4016/5330/1797 4015/5328/1797
f 4017/5332/1798 4018/5333/1798 4022/5337/1798 4021/5336/1798
f 4020/5335/1799 4024/5339/1799 4023/5338/1799 4019/5334/1799
f 4021/5336/1800 4022/5337/1800 4026/5341/1800 4025/5340/1800
f 4024/5339/1801 4028/5343/1801 4027/5342/1801 4023/5338/1801
f 4025/5340/1802 4026/5341/1802 4030/5345/1802 4029/5344/1802
f 4028/5343/1803 4032/5347/1803 4031/5346/1803 4027/5342/1803
f 4029/5344/1804 4030/5345/1804 4034/5349/1804 4033/5348/1804
f 4036/5351/1805 4035/5350/1805 4031/5346/1805 4032/5347/1805
f 4033/5348/1806 4034/5349/1806 4038/5353/1806 4037/5352/1806
f 4036/5351/1807 4040/5355/1807 4039/5354/1807 4035/5350/1807
f 4037/5352/1808 4038/5353/1808 4042/5357/1808 4041/5356/1808
f 4040/5355/1809 4044/5359/1809 4043/5358/1809 4039/5354/1809
f 4041/5356/1810 4042/5357/1810 4046/5361/1810 4045/5360/1810
f 4044/5359/1811 4048/5363/1811 4047/5362/1811 4043/5358/1811
f 4045/5360/1812 4046/5361/1812 4050/5365/1812 4049/5364/1812
f 4052/5367/1813 4051/5366/1813 4047/5362/1813 4048/5363/1813
f 4049/5364/1814 4050/5365/1814 4054/5369/1814 4053/5368/1814
f 4052/5367/1815 4056/5371/1815 4055/5370/1815 4051/5366/1815
f 4053/5368/1816 4054/5369/1816 4058/5373/1816 4057/5372/1816
f 4056/5371/1817 4060/5375/1817 4059/5374/1817 4055/5370/1817
f 4057/5372/1818 4058/5373/1818 4062/5377/1818 4061/5376/1818
f 4064/5379/1819 4063/5378/1819 4059/5374/1819 4060/5375/1819
f 4061/5376/1820 4062/5377/1820 4066/5381/1820 4065/5380/1820
f 4064/5379/1821 4068/5383/1821 4067/5382/1821 4063/5378/1821
f 4065/5380/1822 4066/5381/1822 4070/5385/1822 4069/5384/1822
f 4072/5387/1823 4071/5386/1823 4067/5382/1823 4068/5383/1823
f 4069/5384/1824 4070/5385/1824 4074/5389/1824 4073/5388/1824
f 4072/5387/1825 4076/5391/1825 4075/5390/1825 4071/5386/1825
f 4073/5388/1826 4074/5389/1826 4078/5393/1826 4077/5392/1826
f 4076/5391/1827 4080/5395/1827 4079/5394/1827 4075/5390/1827
f 4077/5392/1828 4078/5393/1828 4082/5397/1828 4081/5396/1828
f 4080/5395/1829 4084/5399/1829 4083/5398/1829 4079/5394/1829
f 4081/5396/1830 4082/5397/1830 4086/5401/1830 4085/5400/1830
f 4084/5399/1831 4088/5403/1831 4087/5402/1831 4083/5398/1831
f 4085/5400/1832 4086/5401/1832 4090/5405/1832 4089/5404/1832
f 4088/5403/1833 4092/5407/1833 4091/5406/1833 4087/5402/1833
f 4014/5326/1834 4089/5404/1834 4090/5405/1834 4013/5325/1834
f 4015/5329/1835 4016/5331/1835 4091/5406/1835 4092/5407/1835
f 4017/5332/1619 3754/5053/1619 3753/5052/1619 4014/5327/1619
f 4129/5482/1837 4093/5408/1837 4095/5412/1837 4108/5438/1837 4111/5444/1837 4114/5451/1837 4124/5472/1837
f 4076/5391/1622 4153/5515/1622 4154/5516/1622 4080/5395/1622
f 4040/5355/1622 4144/5506/1622 4145/5507/1622 4044/5359/1622
f 4015/5328/1622 4137/5498/1622 4138/5500/1622 4020/5335/1622
f 4056/5371/1622 4148/5510/1622 4149/5511/1622 4060/5375/1622
f 4020/5335/1622 4138/5500/1622 4140/5502/1622 4024/5339/1622
f 4072/5387/1622 4152/5514/1622 4153/5515/1622 4076/5391/1622
f 4036/5351/1622 4143/5505/1622 4144/5506/1622 4040/5355/1622
f 4088/5403/1622 4156/5518/1622 4139/5501/1622 4092/5407/1622
f 4052/5367/1622 4147/5509/1622 4148/5510/1622 4056/5371/1622
f 4092/5407/1622 4139/5501/1622 4137/5499/1622 4015/5329/1622
f 4068/5383/1622 4151/5513/1622 4152/5514/1622 4072/5387/1622
f 4032/5347/1622 4142/5504/1622 4143/5505/1622 4036/5351/1622
f 4084/5399/1622 4155/5517/1622 4156/5518/1622 4088/5403/1622
f 4048/5363/1622 4146/5508/1622 4147/5509/1622 4052/5367/1622
f 4064/5379/1622 4150/5512/1622 4151/5513/1622 4068/5383/1622
f 4028/5343/1622 4141/5503/1622 4142/5504/1622 4032/5347/1622
f 4080/5395/1622 4154/5516/1622 4155/5517/1622 4084/5399/1622
f 4044/5359/1622 4145/5507/1622 4146/5508/1622 4048/5363/1622
f 4060/5375/1622 4149/5511/1622 4150/5512/1622 4064/5379/1622
f 4024/5339/1622 4140/5502/1622 4141/5503/1622 4028/5343/1622
f 4177/5540/1619 4178/5543/1619 4179/5545/1619 4180/5547/1619 4181/5549/1619 4182/5551/1619 4183/5553/1619 4184/5555/1619 4185/5557/1619 4186/5559/1619 4187/5561/1619 4188/5563/1619 4189/5565/1619 4190/5567/1619 4191/5569/1619 4192/5571/1619 4193/5573/1619 4194/5575/1619 4195/5577/1619 4196/5579/1619
f 4197/5581/1839 4198/5584/1839 4199/5586/1839 4200/5588/1839 4201/5590/1839 4202/5592/1839 4203/5594/1839 4204/5596/1839 4205/5598/1839 4206/5600/1839 4207/5602/1839 4208/5604/1839 4209/5606/1839 4210/5608/1839 4211/5610/1839 4212/5612/1839 4213/5614/1839 4214/5616/1839 4215/5618/1839 4216/5620/1839
f 4217/5622/1619 4218/5625/1619 4219/5627/1619 4220/5629/1619 4221/5631/1619 4222/5633/1619 4223/5635/1619 4224/5637/1619 4225/5639/1619 4226/5641/1619 4227/5643/1619 4228/5645/1619 4229/5647/1619 4230/5649/1619 4231/5651/1619 4232/5653/1619 4233/5655/1619 4234/5657/1619 4235/5659/1619 4236/5661/1619
f 4237/5663/1619 4238/5666/1619 4239/5668/1619 4240/5670/1619 4241/5672/1619 4242/5674/1619 4243/5676/1619 4244/5678/1619 4245/5680/1619 4246/5682/1619 4247/5684/1619 4248/5686/1619 4249/5688/1619 4250/5690/1619 4251/5692/1619 4252/5694/1619 4253/5696/1619 4254/5698/1619 4255/5700/1619 4256/5702/1619
f 4257/5704/1619 4258/5707/1619 4259/5709/1619 4260/5711/1619 4261/5713/1619 4262/5715/1619 4263/5717/1619 4264/5719/1619 4265/5721/1619 4266/5723/1619 4267/5725/1619 4268/5727/1619 4269/5729/1619 4270/5731/1619 4271/5733/1619 4272/5735/1619 4273/5737/1619 4274/5739/1619 4275/5741/1619 4276/5743/1619
f 4280/5752/1840 4198/5585/1840 4197/5582/1840 4277/5745/1840
f 4281/5754/1841 4282/5756/1841 4199/5587/1841 4198/5585/1841 4280/5752/1841
f 4283/5758/1842 4200/5589/1842 4199/5587/1842 4282/5756/1842
f 4284/5760/1843 4201/5591/1843 4200/5589/1843 4283/5758/1843
f 4201/5591/1844 4284/5760/1844 4285/5762/1844 4202/5593/1844
f 4202/5593/1845 4285/5762/1845 4287/5766/1845 4286/5764/1845 4203/5595/1845
f 4288/5768/1846 4204/5597/1846 4203/5595/1846 4286/5764/1846
f 4289/5770/1847 4205/5599/1847 4204/5597/1847 4288/5768/1847
f 4290/5772/1848 4206/5601/1848 4205/5599/1848 4289/5770/1848
f 4291/5774/1849 4207/5603/1849 4206/5601/1849 4290/5772/1849
f 4293/5778/1850 4208/5605/1850 4207/5603/1850 4291/5774/1850 4292/5776/1850
f 4294/5780/1851 4209/5607/1851 4208/5605/1851 4293/5778/1851
f 4295/5782/1852 4210/5609/1852 4209/5607/1852 4294/5780/1852
f 4298/5788/1853 4211/5611/1853 4210/5609/1853 4295/5782/1853
f 4299/5790/1854 4212/5613/1854 4211/5611/1854 4298/5788/1854
f 4300/5792/1855 4213/5615/1855 4212/5613/1855 4299/5790/1855
f 4214/5617/1856 4213/5615/1856 4300/5792/1856 4297/5786/1856 4296/5784/1856
f 4278/5748/1857 4215/5619/1857 4214/5617/1857 4296/5784/1857
f 4279/5750/1858 4216/5621/1858 4215/5619/1858 4278/5748/1858
f 4277/5746/1859 4197/5583/1859 4216/5621/1859 4279/5750/1859
f 4231/5652/1860 4230/5650/1860 4281/5755/1860 4280/5753/1860 4277/5747/1860 4279/5751/1860 4278/5749/1860 4296/5785/1860 4297/5787/1860
f 4179/5546/1861 4178/5544/1861 4303/5798/1861 4306/5804/1861 4305/5802/1861
f 4180/5548/1862 4179/5546/1862 4305/5802/1862 4309/5810/1862
f 4181/5550/1863 4180/5548/1863 4309/5810/1863 4311/5814/1863 4310/5812/1863
f 4308/5808/1864 4307/5806/1864 4182/5552/1864 4181/5550/1864 4310/5812/1864
f 4304/5800/1865 4183/5554/1865 4182/5552/1865 4307/5806/1865
f 4301/5794/1866 4184/5556/1866 4183/5554/1866 4304/5800/1866 4302/5796/1866
f 4184/5556/1867 4301/5794/1867 4312/5816/1867 4185/5558/1867
f 4185/5558/1868 4312/5816/1868 4313/5818/1868 4314/5820/1868 4186/5560/1868
f 4302/5797/1869 4251/5693/1869 4250/5691/1869 4313/5819/1869 4312/5817/1869 4301/5795/1869
f 4307/5807/1870 4308/5809/1870 4252/5695/1870 4251/5693/1870 4302/5797/1870 4304/5801/1870
f 4253/5697/1871 4252/5695/1871 4308/5809/1871 4310/5813/1871 4311/5815/1871
f 4305/5803/1872 4306/5805/1872 4254/5699/1872 4253/5697/1872 4311/5815/1872 4309/5811/1872
f 4315/5822/1622 4334/5861/1622 4333/5859/1622 4332/5857/1622 4331/5855/1622 4330/5853/1622 4329/5851/1622 4328/5849/1622 4327/5847/1622 4326/5845/1622 4325/5843/1622 4324/5841/1622 4323/5839/1622 4322/5837/1622 4321/5835/1622 4320/5833/1622 4319/5831/1622 4318/5829/1622 4317/5827/1622 4316/5825/1622
f 4335/5863/1873 4354/5902/1873 4353/5900/1873 4352/5898/1873 4351/5896/1873 4350/5894/1873 4349/5892/1873 4348/5890/1873 4347/5888/1873 4346/5886/1873 4345/5884/1873 4344/5882/1873 4343/5880/1873 4342/5878/1873 4341/5876/1873 4340/5874/1873 4339/5872/1873 4338/5870/1873 4337/5868/1873 4336/5866/1873
f 4355/5904/1622 4374/5943/1622 4373/5941/1622 4372/5939/1622 4371/5937/1622 4370/5935/1622 4369/5933/1622 4368/5931/1622 4367/5929/1622 4366/5927/1622 4365/5925/1622 4364/5923/1622 4363/5921/1622 4362/5919/1622 4361/5917/1622 4360/5915/1622 4359/5913/1622 4358/5911/1622 4357/5909/1622 4356/5907/1622
f 4375/5945/1622 4394/5984/1622 4393/5982/1622 4392/5980/1622 4391/5978/1622 4390/5976/1622 4389/5974/1622 4388/5972/1622 4387/5970/1622 4386/5968/1622 4385/5966/1622 4384/5964/1622 4383/5962/1622 4382/5960/1622 4381/5958/1622 4380/5956/1622 4379/5954/1622 4378/5952/1622 4377/5950/1622 4376/5948/1622
f 4395/5986/1622 4414/6025/1622 4413/6023/1622 4412/6021/1622 4411/6019/1622 4410/6017/1622 4409/6015/1622 4408/6013/1622 4407/6011/1622 4406/6009/1622 4405/6007/1622 4404/6005/1622 4403/6003/1622 4402/6001/1622 4401/5999/1622 4400/5997/1622 4399/5995/1622 4398/5993/1622 4397/5991/1622 4396/5989/1622
f 4418/6034/1874 4415/6027/1874 4335/5864/1874 4336/5867/1874
f 4419/6036/1875 4418/6034/1875 4336/5867/1875 4337/5869/1875 4420/6038/1875
f 4421/6040/1876 4420/6038/1876 4337/5869/1876 4338/5871/1876
f 4422/6042/1877 4421/6040/1877 4338/5871/1877 4339/5873/1877
f 4339/5873/1878 4340/5875/1878 4423/6044/1878 4422/6042/1878
f 4340/5875/1879 4341/5877/1879 4424/6046/1879 4425/6048/1879 4423/6044/1879
f 4426/6050/1880 4424/6046/1880 4341/5877/1880 4342/5879/1880
f 4427/6052/1881 4426/6050/1881 4342/5879/1881 4343/5881/1881
f 4428/6054/1882 4427/6052/1882 4343/5881/1882 4344/5883/1882
f 4429/6056/1883 4428/6054/1883 4344/5883/1883 4345/5885/1883
f 4431/6060/1884 4430/6058/1884 4429/6056/1884 4345/5885/1884 4346/5887/1884
f 4432/6062/1885 4431/6060/1885 4346/5887/1885 4347/5889/1885
f 4433/6064/1886 4432/6062/1886 4347/5889/1886 4348/5891/1886
f 4436/6070/1887 4433/6064/1887 4348/5891/1887 4349/5893/1887
f 4437/6072/1888 4436/6070/1888 4349/5893/1888 4350/5895/1888
f 4438/6074/1889 4437/6072/1889 4350/5895/1889 4351/5897/1889
f 4352/5899/1890 4434/6066/1890 4435/6068/1890 4438/6074/1890 4351/5897/1890
f 4416/6030/1891 4434/6066/1891 4352/5899/1891 4353/5901/1891
f 4417/6032/1892 4416/6030/1892 4353/5901/1892 4354/5903/1892
f 4415/6028/1893 4417/6032/1893 4354/5903/1893 4335/5865/1893
f 4369/5934/1894 4435/6069/1894 4434/6067/1894 4416/6031/1894 4417/6033/1894 4415/6029/1894 4418/6035/1894 4419/6037/1894 4368/5932/1894
f 4317/5828/1895 4443/6084/1895 4444/6086/1895 4441/6080/1895 4316/5826/1895
f 4318/5830/1896 4447/6092/1896 4443/6084/1896 4317/5828/1896
f 4319/5832/1897 4448/6094/1897 4449/6096/1897 4447/6092/1897 4318/5830/1897
f 4446/6090/1898 4448/6094/1898 4319/5832/1898 4320/5834/1898 4445/6088/1898
f 4442/6082/1899 4445/6088/1899 4320/5834/1899 4321/5836/1899
f 4439/6076/1900 4440/6078/1900 4442/6082/1900 4321/5836/1900 4322/5838/1900
f 4322/5838/1901 4323/5840/1901 4450/6098/1901 4439/6076/1901
f 4323/5840/1902 4324/5842/1902 4452/6102/1902 4451/6100/1902 4450/6098/1902
f 4440/6079/1869 4439/6077/1869 4450/6099/1869 4451/6101/1869 4388/5973/1869 4389/5975/1869
f 4445/6089/1870 4442/6083/1870 4440/6079/1870 4389/5975/1870 4390/5977/1870 4446/6091/1870
f 4391/5979/1871 4449/6097/1871 4448/6095/1871 4446/6091/1871 4390/5977/1871
f 4443/6085/1872 4447/6093/1872 4449/6097/1872 4391/5979/1872 4392/5981/1872 4444/6087/1872
f 4713/6378/1631 4790/6458/1631 4791/6459/1631 4716/6384/1631
f 4721/6389/1622 4457/6110/1622 4454/6106/1622 4717/6385/1622
f 4725/6393/1622 4459/6112/1622 4457/6110/1622 4721/6389/1622
f 4729/6397/1622 4461/6114/1622 4459/6112/1622 4725/6393/1622
f 4733/6401/1622 4463/6116/1622 4461/6114/1622 4729/6397/1622
f 4737/6405/1622 4465/6118/1622 4463/6116/1622 4733/6401/1622
f 4741/6409/1622 4467/6120/1622 4465/6118/1622 4737/6405/1622
f 4745/6413/1622 4469/6122/1622 4467/6120/1622 4741/6409/1622
f 4749/6417/1622 4471/6124/1622 4469/6122/1622 4745/6413/1622
f 4753/6421/1622 4473/6126/1622 4471/6124/1622 4749/6417/1622
f 4757/6425/1622 4475/6128/1622 4473/6126/1622 4753/6421/1622
f 4761/6429/1622 4477/6130/1622 4475/6128/1622 4757/6425/1622
f 4765/6433/1622 4479/6132/1622 4477/6130/1622 4761/6429/1622
f 4769/6437/1622 4481/6134/1622 4479/6132/1622 4765/6433/1622
f 4773/6441/1622 4483/6136/1622 4481/6134/1622 4769/6437/1622
f 4777/6445/1622 4485/6138/1622 4483/6136/1622 4773/6441/1622
f 4781/6449/1622 4487/6140/1622 4485/6138/1622 4777/6445/1622
f 4785/6453/1622 4489/6142/1622 4487/6140/1622 4781/6449/1622
f 4789/6457/1622 4491/6144/1622 4489/6142/1622 4785/6453/1622
f 4714/6379/1622 4453/6104/1622 4491/6144/1622 4789/6457/1622
f 4742/6410/1624 4743/6411/1624 4747/6415/1624 4746/6414/1624
f 4778/6446/1623 4779/6447/1623 4783/6451/1623 4782/6450/1623
f 4858/6573/1619 4458/6111/1619 4460/6113/1619 4859/6574/1619
f 4867/6582/1619 4476/6129/1619 4478/6131/1619 4868/6583/1619
f 4726/6394/1621 4727/6395/1621 4731/6399/1621 4730/6398/1621
f 4762/6430/1620 4763/6431/1620 4767/6435/1620 4766/6434/1620
f 4863/6578/1619 4468/6121/1619 4470/6123/1619 4864/6579/1619
f 4872/6587/1619 4486/6139/1619 4488/6141/1619 4873/6588/1619
f 4746/6414/1638 4747/6415/1638 4751/6419/1638 4750/6418/1638
f 4782/6450/1637 4783/6451/1637 4787/6455/1637 4786/6454/1637
f 4859/6574/1619 4460/6113/1619 4462/6115/1619 4860/6575/1619
f 4868/6583/1619 4478/6131/1619 4480/6133/1619 4869/6584/1619
f 4730/6398/1636 4731/6399/1636 4735/6403/1636 4734/6402/1636
f 4766/6434/1635 4767/6435/1635 4771/6439/1635 4770/6438/1635
f 4864/6579/1619 4470/6123/1619 4472/6125/1619 4865/6580/1619
f 4873/6588/1619 4488/6141/1619 4490/6143/1619 4874/6589/1619
f 4750/6418/1634 4751/6419/1634 4755/6423/1634 4754/6422/1634
f 4786/6454/1639 4787/6455/1639 4791/6459/1639 4790/6458/1639
f 4860/6575/1619 4462/6115/1619 4464/6117/1619 4861/6576/1619
f 4869/6584/1619 4480/6133/1619 4482/6135/1619 4870/6585/1619
f 4713/6377/1618 4716/6383/1618 4719/6387/1618 4718/6386/1618
f 4734/6402/1633 4735/6403/1633 4739/6407/1633 4738/6406/1633
f 4770/6438/1632 4771/6439/1632 4775/6443/1632 4774/6442/1632
f 4876/6592/1619 4492/6145/1619 4456/6108/1619 4875/6591/1619
f 4865/6580/1619 4472/6125/1619 4474/6127/1619 4866/6581/1619
f 4874/6589/1619 4490/6143/1619 4492/6145/1619 4876/6592/1619
f 4754/6422/1629 4755/6423/1629 4759/6427/1629 4758/6426/1629
f 4861/6576/1619 4464/6117/1619 4466/6119/1619 4862/6577/1619
f 4870/6585/1619 4482/6135/1619 4484/6137/1619 4871/6586/1619
f 4738/6406/1628 4739/6407/1628 4743/6411/1628 4742/6410/1628
f 4774/6442/1627 4775/6443/1627 4779/6447/1627 4778/6446/1627
f 4857/6572/1619 4455/6107/1619 4458/6111/1619 4858/6573/1619
f 4866/6581/1619 4474/6127/1619 4476/6129/1619 4867/6582/1619
f 4875/6590/1619 4456/6109/1619 4455/6107/1619 4857/6572/1619
f 4722/6390/1626 4723/6391/1626 4727/6395/1626 4726/6394/1626
f 4758/6426/1625 4759/6427/1625 4763/6431/1625 4762/6430/1625
f 4718/6386/1630 4719/6387/1630 4723/6391/1630 4722/6390/1630
f 4862/6577/1619 4466/6119/1619 4468/6121/1619 4863/6578/1619
f 4871/6586/1619 4484/6137/1619 4486/6139/1619 4872/6587/1619
f 4453/6105/1629 4454/6106/1629 4494/6148/1629 4493/6147/1629
f 4479/6132/1621 4481/6134/1621 4507/6162/1621 4539/6194/1621
f 4461/6114/1632 4463/6116/1632 4513/6168/1632 4509/6164/1632
f 4490/6143/1624 4488/6141/1624 4549/6205/1624 4517/6172/1624
f 4472/6125/1639 4470/6123/1639 4523/6178/1639 4525/6180/1639
f 4487/6140/1624 4489/6142/1624 4534/6189/1624 4548/6204/1624
f 4469/6122/1639 4471/6124/1639 4526/6181/1639 4522/6177/1639
f 4480/6133/1626 4478/6131/1626 4537/6192/1626 4540/6195/1626
f 4462/6115/1635 4460/6113/1635 4506/6161/1635 4510/6165/1635
f 4477/6130/1626 4479/6132/1626 4539/6194/1626 4536/6191/1626
f 4459/6112/1635 4461/6114/1635 4509/6164/1635 4505/6160/1635
f 4488/6141/1628 4486/6139/1628 4546/6202/1628 4549/6205/1628
f 4470/6123/1637 4468/6121/1637 4519/6174/1637 4523/6178/1637
f 4485/6138/1628 4487/6140/1628 4548/6204/1628 4545/6201/1628
f 4467/6120/1637 4469/6122/1637 4522/6177/1637 4518/6173/1637
f 4478/6131/1630 4476/6129/1630 4533/6188/1630 4537/6192/1630
f 4460/6113/1620 4458/6111/1620 4502/6157/1620 4506/6161/1620
f 4475/6128/1630 4477/6130/1630 4536/6191/1630 4532/6187/1630
f 4457/6110/1620 4459/6112/1620 4505/6160/1620 4501/6156/1620
f 4486/6139/1633 4484/6137/1633 4497/6152/1633 4546/6202/1633
f 4468/6121/1623 4466/6119/1623 4499/6154/1623 4519/6174/1623
f 4483/6136/1633 4485/6138/1633 4545/6201/1633 4504/6159/1633
f 4465/6118/1623 4467/6120/1623 4518/6173/1623 4512/6167/1623
f 4456/6108/1634 4492/6145/1634 4520/6175/1634 4496/6150/1634
f 4476/6129/1618 4474/6127/1618 4527/6182/1618 4533/6188/1618
f 4458/6111/1625 4455/6107/1625 4495/6149/1625 4502/6157/1625
f 4491/6144/1634 4453/6104/1634 4493/6146/1634 4531/6186/1634
f 4473/6126/1618 4475/6128/1618 4532/6187/1618 4529/6184/1618
f 4454/6106/1625 4457/6110/1625 4501/6156/1625 4494/6148/1625
f 4484/6137/1636 4482/6135/1636 4542/6197/1636 4497/6152/1636
f 4466/6119/1627 4464/6117/1627 4514/6169/1627 4499/6154/1627
f 4481/6134/1636 4483/6136/1636 4504/6159/1636 4507/6162/1636
f 4463/6116/1627 4465/6118/1627 4512/6167/1627 4513/6168/1627
f 4492/6145/1638 4490/6143/1638 4517/6172/1638 4520/6175/1638
f 4474/6127/1631 4472/6125/1631 4525/6180/1631 4527/6182/1631
f 4489/6142/1638 4491/6144/1638 4531/6186/1638 4534/6189/1638
f 4471/6124/1631 4473/6126/1631 4529/6184/1631 4526/6181/1631
f 4455/6107/1629 4456/6109/1629 4496/6151/1629 4495/6149/1629
f 4482/6135/1621 4480/6133/1621 4540/6195/1621 4542/6197/1621
f 4464/6117/1632 4462/6115/1632 4510/6165/1632 4514/6169/1632
f 4629/6289/1914 4692/6356/1914 4711/6375/1914
f 4538/6193/1622 4579/6236/1622 4610/6269/1622 4607/6266/1622
f 4665/6327/1940 4681/6343/1940 4628/6288/1940
f 4699/6363/1987 4680/6342/1987 4709/6373/1987
f 4700/6364/1992 4675/6337/1992 4701/6365/1992
f 4689/6353/1998 4712/6376/1998 4690/6354/1998
f 4691/6355/2000 4711/6375/2000 4692/6356/2000
f 4624/6283/2018 4706/6370/2018 4687/6349/2018
f 4626/6286/2030 4677/6339/2030 4708/6372/2030
f 4714/6380/1835 4713/6377/1835 4718/6386/1835 4717/6385/1835
f 4720/6388/1834 4719/6387/1834 4716/6383/1834 4715/6381/1834
f 4717/6385/2034 4718/6386/2034 4722/6390/2034 4721/6389/2034
f 4720/6388/1832 4724/6392/1832 4723/6391/1832 4719/6387/1832
f 4721/6389/1831 4722/6390/1831 4726/6394/1831 4725/6393/1831
f 4724/6392/1830 4728/6396/1830 4727/6395/1830 4723/6391/1830
f 4725/6393/2035 4726/6394/2035 4730/6398/2035 4729/6397/2035
f 4728/6396/1828 4732/6400/1828 4731/6399/1828 4727/6395/1828
f 4729/6397/1827 4730/6398/1827 4734/6402/1827 4733/6401/1827
f 4736/6404/1826 4735/6403/1826 4731/6399/1826 4732/6400/1826
f 4733/6401/1825 4734/6402/1825 4738/6406/1825 4737/6405/1825
f 4736/6404/1824 4740/6408/1824 4739/6407/1824 4735/6403/1824
f 4737/6405/1823 4738/6406/1823 4742/6410/1823 4741/6409/1823
f 4740/6408/2036 4744/6412/2036 4743/6411/2036 4739/6407/2036
f 4741/6409/1821 4742/6410/1821 4746/6414/1821 4745/6413/1821
f 4744/6412/1820 4748/6416/1820 4747/6415/1820 4743/6411/1820
f 4745/6413/2037 4746/6414/2037 4750/6418/2037 4749/6417/2037
f 4752/6420/1818 4751/6419/1818 4747/6415/1818 4748/6416/1818
f 4749/6417/1817 4750/6418/1817 4754/6422/1817 4753/6421/1817
f 4752/6420/1816 4756/6424/1816 4755/6423/1816 4751/6419/1816
f 4753/6421/1815 4754/6422/1815 4758/6426/1815 4757/6425/1815
f 4756/6424/1814 4760/6428/1814 4759/6427/1814 4755/6423/1814
f 4757/6425/2038 4758/6426/2038 4762/6430/2038 4761/6429/2038
f 4764/6432/1812 4763/6431/1812 4759/6427/1812 4760/6428/1812
f 4761/6429/1811 4762/6430/1811 4766/6434/1811 4765/6433/1811
f 4764/6432/1810 4768/6436/1810 4767/6435/1810 4763/6431/1810
f 4765/6433/2039 4766/6434/2039 4770/6438/2039 4769/6437/2039
f 4772/6440/1808 4771/6439/1808 4767/6435/1808 4768/6436/1808
f 4769/6437/1807 4770/6438/1807 4774/6442/1807 4773/6441/1807
f 4772/6440/1806 4776/6444/1806 4775/6443/1806 4771/6439/1806
f 4773/6441/1805 4774/6442/1805 4778/6446/1805 4777/6445/1805
f 4776/6444/1804 4780/6448/1804 4779/6447/1804 4775/6443/1804
f 4777/6445/2040 4778/6446/2040 4782/6450/2040 4781/6449/2040
f 4780/6448/1802 4784/6452/1802 4783/6451/1802 4779/6447/1802
f 4781/6449/1801 4782/6450/1801 4786/6454/1801 4785/6453/1801
f 4784/6452/1800 4788/6456/1800 4787/6455/1800 4783/6451/1800
f 4785/6453/2041 4786/6454/2041 4790/6458/2041 4789/6457/2041
f 4788/6456/1798 4792/6460/1798 4791/6459/1798 4787/6455/1798
f 4714/6379/1797 4789/6457/1797 4790/6458/1797 4713/6378/1797
f 4715/6382/1796 4716/6384/1796 4791/6459/1796 4792/6460/1796
f 4717/6385/1622 4454/6106/1622 4453/6105/1622 4714/6380/1622
f 4815/6505/1836 4794/6464/1836 4793/6462/1836 4829/6535/1836 4813/6502/1836 4801/6477/1836 4802/6479/1836 4819/6515/1836 4817/6511/1836 4807/6489/1836 4805/6484/1836
f 4829/6536/1837 4793/6461/1837 4795/6465/1837 4808/6491/1837 4811/6497/1837 4814/6504/1837 4824/6525/1837
f 4776/6444/1619 4853/6568/1619 4854/6569/1619 4780/6448/1619
f 4740/6408/1619 4844/6559/1619 4845/6560/1619 4744/6412/1619
f 4715/6381/1619 4837/6551/1619 4838/6553/1619 4720/6388/1619
f 4756/6424/1619 4848/6563/1619 4849/6564/1619 4760/6428/1619
f 4720/6388/1619 4838/6553/1619 4840/6555/1619 4724/6392/1619
f 4772/6440/1619 4852/6567/1619 4853/6568/1619 4776/6444/1619
f 4736/6404/1619 4843/6558/1619 4844/6559/1619 4740/6408/1619
f 4788/6456/1619 4856/6571/1619 4839/6554/1619 4792/6460/1619
f 4752/6420/1619 4847/6562/1619 4848/6563/1619 4756/6424/1619
f 4792/6460/1619 4839/6554/1619 4837/6552/1619 4715/6382/1619
f 4768/6436/1619 4851/6566/1619 4852/6567/1619 4772/6440/1619
f 4732/6400/1619 4842/6557/1619 4843/6558/1619 4736/6404/1619
f 4784/6452/1619 4855/6570/1619 4856/6571/1619 4788/6456/1619
f 4748/6416/1619 4846/6561/1619 4847/6562/1619 4752/6420/1619
f 4764/6432/1619 4850/6565/1619 4851/6566/1619 4768/6436/1619
f 4728/6396/1619 4841/6556/1619 4842/6557/1619 4732/6400/1619
f 4780/6448/1619 4854/6569/1619 4855/6570/1619 4784/6452/1619
f 4744/6412/1619 4845/6560/1619 4846/6561/1619 4748/6416/1619
f 4760/6428/1619 4849/6564/1619 4850/6565/1619 4764/6432/1619
f 4724/6392/1619 4840/6555/1619 4841/6556/1619 4728/6396/1619
f 4879/6597/2042 4326/5846/2042 4327/5848/2042 4878/6595/2042
f 4878/6595/2043 4327/5848/2043 4328/5850/2043 4881/6601/2043
f 4881/6601/2044 4328/5850/2044 4329/5852/2044 4885/6609/2044
f 4885/6609/2045 4329/5852/2045 4330/5854/2045 4889/6618/2045
f 4889/6618/2046 4330/5854/2046 4331/5856/2046 4893/6626/2046 4894/6628/2046
f 4332/5858/2047 4899/6640/2047 4893/6626/2047 4331/5856/2047
f 4333/5860/2048 4906/6657/2048 4899/6640/2048 4332/5858/2048
f 4334/5862/2049 4910/6666/2049 4906/6657/2049 4333/5860/2049
f 4356/5908/2050 4914/6675/2050 4913/6672/2050 4355/5905/2050
f 4357/5910/2051 4919/6685/2051 4920/6687/2051 4914/6675/2051 4356/5908/2051
f 4358/5912/2052 4927/6702/2052 4919/6685/2052 4357/5910/2052
f 4359/5914/2053 4929/6706/2053 4927/6702/2053 4358/5912/2053
f 4929/6706/2054 4359/5914/2054 4360/5916/2054 4931/6710/2054
f 4931/6710/2055 4360/5916/2055 4361/5918/2055 4933/6714/2055
f 4933/6714/2056 4361/5918/2056 4362/5920/2056 4937/6722/2056
f 4937/6722/2057 4362/5920/2057 4363/5922/2057 4938/6724/2057
f 4942/6732/2058 4938/6724/2058 4363/5922/2058 4364/5924/2058 4941/6730/2058
f 4941/6730/2059 4364/5924/2059 4365/5926/2059 4944/6737/2059 4946/6741/2059
f 4944/6737/2060 4365/5926/2060 4366/5928/2060 4948/6745/2060
f 4948/6745/2061 4366/5928/2061 4367/5930/2061 4950/6749/2061
f 4895/6630/2062 4370/5936/2062 4371/5938/2062 4953/6755/2062
f 4953/6755/2063 4371/5938/2063 4372/5940/2063 4954/6757/2063 4955/6759/2063
f 4373/5942/2064 4958/6765/2064 4954/6757/2064 4372/5940/2064
f 4374/5944/2065 4959/6767/2065 4958/6765/2065 4373/5942/2065
f 4355/5906/2066 4913/6673/2066 4960/6769/2066 4959/6767/2066 4374/5944/2066
f 4902/6647/2067 4375/5946/2067 4376/5949/2067 4926/6700/2067
f 4926/6700/2068 4376/5949/2068 4377/5951/2068 4925/6698/2068
f 4925/6698/2069 4377/5951/2069 4378/5953/2069 4923/6694/2069
f 4923/6694/2070 4378/5953/2070 4379/5955/2070 4922/6692/2070
f 4379/5955/2071 4380/5957/2071 4917/6681/2071 4922/6692/2071
f 4380/5957/2072 4381/5959/2072 4918/6683/2072 4917/6681/2072
f 4918/6683/2073 4381/5959/2073 4382/5961/2073 4877/6593/2073
f 4877/6593/2074 4382/5961/2074 4383/5963/2074 4880/6599/2074
f 4880/6599/2075 4383/5963/2075 4384/5965/2075 4882/6603/2075
f 4882/6603/2076 4384/5965/2076 4385/5967/2076 4884/6607/2076
f 4888/6616/2077 4884/6607/2077 4385/5967/2077 4386/5969/2077 4887/6614/2077 4886/6611/2077
f 4887/6614/2078 4386/5969/2078 4387/5971/2078 4891/6622/2078 4890/6620/2078
f 4892/6624/2079 4393/5983/2079 4394/5985/2079 4896/6632/2079
f 4896/6632/2080 4394/5985/2080 4375/5947/2080 4902/6648/2080 4904/6652/2080 4901/6644/2080 4903/6650/2080
f 4395/5987/2081 4396/5990/2081 4907/6659/2081 4908/6661/2081 4909/6663/2081
f 4907/6659/2082 4396/5990/2082 4397/5992/2082 4911/6668/2082
f 4397/5992/2083 4398/5994/2083 4915/6677/2083 4911/6668/2083
f 4398/5994/2084 4399/5996/2084 4916/6679/2084 4915/6677/2084
f 4916/6679/2085 4399/5996/2085 4400/5998/2085 4921/6690/2085
f 4921/6690/2086 4400/5998/2086 4401/6000/2086 4924/6696/2086
f 4402/6002/2087 4928/6704/2087 4924/6696/2087 4401/6000/2087
f 4403/6004/2088 4930/6708/2088 4928/6704/2088 4402/6002/2088
f 4404/6006/2089 4932/6712/2089 4930/6708/2089 4403/6004/2089
f 4405/6008/2090 4934/6716/2090 4932/6712/2090 4404/6006/2090
f 4406/6010/2091 4936/6720/2091 4935/6718/2091 4934/6716/2091 4405/6008/2091
f 4407/6012/2092 4939/6726/2092 4936/6720/2092 4406/6010/2092
f 4408/6014/2093 4940/6728/2093 4939/6726/2093 4407/6012/2093
f 4409/6016/2094 4943/6735/2094 4940/6728/2094 4408/6014/2094
f 4943/6735/2095 4409/6016/2095 4410/6018/2095 4945/6739/2095
f 4945/6739/2096 4410/6018/2096 4411/6020/2096 4947/6743/2096
f 4411/6020/2097 4412/6022/2097 4949/6747/2097 4947/6743/2097
f 4412/6022/2098 4413/6024/2098 4951/6751/2098 4949/6747/2098
f 4413/6024/2099 4414/6026/2099 4952/6753/2099 4951/6751/2099
f 4414/6026/2100 4395/5988/2100 4909/6664/2100 4952/6753/2100
f 4422/6043/2101 4423/6045/2101 4425/6049/2101 4957/6763/2101 4956/6761/2101 4950/6749/2101 4367/5930/2101 4368/5932/2101 4419/6037/2101 4420/6039/2101 4421/6041/2101
f 4957/6763/1894 4425/6049/1894 4424/6047/1894 4426/6051/1894 4427/6053/1894 4428/6055/1894 4429/6057/1894 4430/6059/1894 4883/6605/1894
f 4883/6605/2102 4430/6059/2102 4431/6061/2102 4432/6063/2102 4433/6065/2102 4436/6071/2102 4437/6073/2102 4438/6075/2102 4435/6069/2102 4369/5934/2102 4370/5936/2102 4895/6630/2102
f 4316/5826/2103 4441/6080/2103 4897/6634/2103 4898/6637/2103 4315/5823/2103
f 4905/6654/2104 4452/6102/2104 4324/5842/2104 4325/5844/2104 4900/6642/2104
f 4900/6642/2105 4325/5844/2105 4326/5846/2105 4879/6597/2105
f 4315/5824/2106 4898/6638/2106 4912/6670/2106 4910/6666/2106 4334/5862/2106
f 4452/6103/2107 4905/6655/2107 4891/6622/2107 4387/5971/2107 4388/5973/2107 4451/6101/2107
f 4897/6635/2108 4441/6081/2108 4444/6087/2108 4392/5981/2108 4393/5983/2108 4892/6624/2108
f 5004/6863/2112 4116/5456/2112 4094/5411/2112 4962/6773/2112
f 4961/6771/2112 4093/5409/2112 4129/5483/2112 4113/5449/2112 4101/5424/2112 4102/5426/2112 5012/6880/2112
f 5042/6944/2117 4189/5566/2117 4188/5564/2117 5040/6940/2117
f 5043/6946/2118 4190/5568/2118 4189/5566/2118 5042/6944/2118
f 5044/6948/2119 4191/5570/2119 4190/5568/2119 5043/6946/2119
f 5041/6942/2120 4192/5572/2120 4191/5570/2120 5044/6948/2120
f 4193/5574/2121 4192/5572/2121 5041/6942/2121 4995/6844/2121 4994/6842/2121
f 4996/6846/2122 4194/5576/2122 4193/5574/2122 4994/6842/2122
f 4992/6838/2123 4195/5578/2123 4194/5576/2123 4996/6846/2123
f 4196/5580/2124 4195/5578/2124 4992/6838/2124 4999/6853/2124
f 5036/6931/2125 4218/5626/2125 4217/5623/2125 5014/6885/2125
f 4219/5628/2126 4218/5626/2126 5036/6931/2126 4966/6783/2126 4964/6778/2126
f 4220/5630/2127 4219/5628/2127 4964/6778/2127 4977/6805/2127
f 4984/6820/2128 4221/5632/2128 4220/5630/2128 4977/6805/2128
f 4986/6824/2129 4222/5634/2129 4221/5632/2129 4984/6820/2129
f 4222/5634/2130 4986/6824/2130 4991/6836/2130 4223/5636/2130
f 4993/6840/2131 4224/5638/2131 4223/5636/2131 4991/6836/2131
f 4997/6848/2132 4225/5640/2132 4224/5638/2132 4993/6840/2132
f 5000/6855/2133 4226/5642/2133 4225/5640/2133 4997/6848/2133 4998/6851/2133
f 5002/6859/2134 4227/5644/2134 4226/5642/2134 5000/6855/2134 5001/6857/2134
f 5003/6861/2135 4228/5646/2135 4227/5644/2135 5002/6859/2135
f 5005/6866/2136 4229/5648/2136 4228/5646/2136 5003/6861/2136
f 4971/6793/2137 4233/5656/2137 4232/5654/2137 4973/6797/2137
f 4234/5658/2138 4233/5656/2138 4971/6793/2138 4972/6795/2138 5007/6870/2138
f 5006/6868/2139 4235/5660/2139 4234/5658/2139 5007/6870/2139
f 4236/5662/2140 4235/5660/2140 5006/6868/2140 5009/6874/2140
f 4217/5624/2141 4236/5662/2141 5009/6874/2141 5008/6872/2141 5014/6886/2141
f 4983/6818/2067 4238/5667/2067 4237/5664/2067 4982/6815/2067
f 4981/6813/2068 4239/5669/2068 4238/5667/2068 4983/6818/2068
f 4979/6809/2069 4240/5671/2069 4239/5669/2069 4981/6813/2069
f 4978/6807/2070 4241/5673/2070 4240/5671/2070 4979/6809/2070
f 4242/5675/2071 4241/5673/2071 4978/6807/2071 4974/6799/2071
f 4243/5677/2072 4242/5675/2072 4974/6799/2072 4976/6803/2072
f 4244/5679/2073 4243/5677/2073 4976/6803/2073 4975/6801/2073
f 4245/5681/2074 4244/5679/2074 4975/6801/2074 4980/6811/2074
f 4246/5683/2075 4245/5681/2075 4980/6811/2075 4963/6776/2075
f 4247/5685/2076 4246/5683/2076 4963/6776/2076 4965/6780/2076
f 5010/6876/2077 4248/5687/2077 4247/5685/2077 4965/6780/2077 4961/6772/2077 5012/6881/2077
f 4249/5689/2078 4248/5687/2078 5010/6876/2078 5011/6878/2078 5037/6933/2078
f 4985/6822/2079 4256/5703/2079 4255/5701/2079 4990/6834/2079
f 4962/6774/2080 4982/6816/2080 4237/5665/2080 4256/5703/2080 4985/6822/2080 4967/6785/2080 5004/6864/2080
f 4258/5708/2142 4257/5705/2142 5018/6894/2142 5015/6888/2142 5013/6883/2142
f 4259/5710/2143 4258/5708/2143 5013/6883/2143 5031/6921/2143
f 4260/5712/2144 4259/5710/2144 5031/6921/2144 5025/6909/2144
f 4261/5714/2145 4260/5712/2145 5025/6909/2145 5024/6907/2145
f 4261/5714/2146 5024/6907/2146 5023/6905/2146 4262/5716/2146
f 4263/5718/2147 4262/5716/2147 5023/6905/2147 5022/6903/2147
f 5026/6911/2148 4264/5720/2148 4263/5718/2148 5022/6903/2148
f 5033/6925/2149 4265/5722/2149 4264/5720/2149 5026/6911/2149
f 5035/6929/2150 4266/5724/2150 4265/5722/2150 5033/6925/2150
f 5017/6892/2151 4267/5726/2151 4266/5724/2151 5035/6929/2151
f 5019/6897/2152 4268/5728/2152 4267/5726/2152 5017/6892/2152 5016/6890/2152
f 5021/6901/2153 4269/5730/2153 4268/5728/2153 5019/6897/2153
f 5028/6915/2154 4270/5732/2154 4269/5730/2154 5021/6901/2154
f 5030/6919/2155 4271/5734/2155 4270/5732/2155 5028/6915/2155
f 4272/5736/2156 4271/5734/2156 5030/6919/2156 5032/6923/2156
f 5034/6927/2157 4273/5738/2157 4272/5736/2157 5032/6923/2157
f 4274/5740/2158 4273/5738/2158 5034/6927/2158 5029/6917/2158
f 4275/5742/2159 4274/5740/2159 5029/6917/2159 5027/6913/2159
f 4276/5744/2160 4275/5742/2160 5027/6913/2160 5020/6899/2160
f 4257/5706/2161 4276/5744/2161 5020/6899/2161 5018/6895/2161
f 4969/6789/2162 4287/5767/2162 4285/5763/2162 4284/5761/2162 4283/5759/2162 4282/5757/2162 4281/5755/2162 4230/5650/2162 4229/5648/2162 5005/6866/2162 4968/6787/2162
f 4970/6791/1860 4292/5777/1860 4291/5775/1860 4290/5773/1860 4289/5771/1860 4288/5769/1860 4286/5765/1860 4287/5767/1860 4969/6789/1860
f 4973/6797/2163 4232/5654/2163 4231/5652/2163 4297/5787/2163 4300/5793/2163 4299/5791/2163 4298/5789/2163 4295/5783/2163 4294/5781/2163 4293/5779/2163 4292/5777/2163 4970/6791/2163
f 4303/5798/2164 4178/5544/2164 4177/5541/2164 4989/6831/2164 4988/6828/2164
f 5039/6938/2165 4187/5562/2165 4186/5560/2165 4314/5820/2165 5038/6935/2165
f 4188/5564/2166 4187/5562/2166 5039/6938/2166 5040/6940/2166
f 4177/5542/2167 4196/5580/2167 4999/6853/2167 4987/6826/2167 4989/6832/2167
f 4314/5821/2107 4313/5819/2107 4250/5691/2107 4249/5689/2107 5037/6933/2107 5038/6936/2107
f 4990/6834/2108 4255/5701/2108 4254/5699/2108 4306/5805/2108 4303/5799/2108 4988/6829/2108
usemtl rims
f 3799/5101/1622 3800/5102/1622 3870/5174/1622 3819/5121/1622
f 3804/5106/1619 3845/5148/1619 3885/5189/1619 3803/5105/1619
f 3812/5114/1619 3818/5120/1619 3869/5173/1619 3811/5113/1619
f 3796/5097/1622 3820/5122/1622 3821/5123/1622 3843/5146/1622
f 3827/5129/1622 3828/5130/1622 3880/5184/1622 3833/5135/1622
f 3802/5104/1622 3795/5096/1622 3844/5147/1622 3858/5162/1622
f 3831/5133/1619 3793/5093/1619 3853/5157/1619 3830/5132/1619
f 3829/5131/1619 3832/5134/1619 3879/5183/1619 3838/5140/1619
f 3794/5095/1619 3801/5103/1619 3857/5161/1619 3854/5158/1619
f 3797/5099/1622 3842/5144/1622 3850/5153/1622 3798/5100/1622
f 3799/5101/1622 3814/5116/1622 3852/5155/1622 3800/5102/1622
f 3804/5106/1619 3803/5105/1619 3808/5110/1619 3807/5109/1619
f 3812/5114/1619 3811/5113/1619 3815/5117/1619 3813/5115/1619
f 3817/5119/1622 3816/5118/1622 3821/5123/1622 3820/5122/1622
f 3825/5127/1622 3824/5126/1622 3828/5130/1622 3827/5129/1622
f 3831/5133/1619 3830/5132/1619 3835/5137/1619 3834/5136/1619
f 3826/5128/1619 3829/5131/1619 3838/5140/1619 3841/5143/1619
f 3795/5096/1622 3796/5098/1622 3843/5145/1622 3844/5147/1622
f 3840/5142/1622 3847/5150/1622 3850/5153/1622 3842/5144/1622
f 3814/5116/1622 3810/5112/1622 3851/5154/1622 3852/5155/1622
f 3844/5147/1640 3843/5145/1640 3934/5241/1640 3933/5240/1640
f 3850/5153/1641 3847/5150/1641 3935/5243/1641 3951/5259/1641
f 3852/5155/1642 3851/5154/1642 3939/5247/1642 3940/5248/1642
f 3854/5158/1619 3894/5199/1619 3893/5197/1619 3853/5156/1619
f 3865/5169/1619 3808/5110/1619 3912/5218/1619 3864/5168/1619
f 3863/5167/1619 3815/5117/1619 3900/5206/1619 3868/5172/1619
f 3816/5118/1643 3876/5180/1643 3945/5253/1643 3955/5263/1643
f 3824/5126/1644 3873/5177/1644 3943/5251/1644 3944/5252/1644
f 3835/5137/1619 3855/5159/1619 3883/5187/1619 3884/5188/1619
f 3841/5143/1619 3856/5160/1619 3887/5191/1619 3872/5176/1619
f 3882/5186/1645 3949/5257/1645 3935/5243/1645 3847/5150/1645
f 3851/5154/1646 3861/5165/1646 3937/5245/1646 3939/5247/1646
f 3865/5169/1619 3864/5168/1619 3867/5171/1619 3866/5170/1619
f 3860/5164/1619 3863/5167/1619 3868/5172/1619 3871/5175/1619
f 3876/5180/1647 3875/5179/1647 3952/5260/1647 3945/5253/1647
f 3873/5177/1648 3870/5174/1648 3941/5249/1648 3943/5251/1648
f 3884/5188/1619 3883/5187/1619 3886/5190/1619 3885/5189/1619
f 3872/5176/1619 3887/5191/1619 3888/5192/1619 3869/5173/1619
f 3882/5186/1649 3880/5184/1649 3947/5255/1649 3949/5257/1649
f 3861/5165/1650 3858/5162/1650 3938/5246/1650 3937/5245/1650
f 3797/5099/1622 3798/5100/1622 3875/5179/1622 3846/5149/1622
f 3801/5103/1619 3805/5107/1619 3860/5164/1619 3857/5161/1619
f 3832/5134/1619 3836/5138/1619 3866/5170/1619 3879/5183/1619
f 3806/5108/1622 3802/5104/1622 3858/5162/1622 3861/5165/1622
f 3837/5139/1622 3833/5135/1622 3880/5184/1622 3882/5186/1622
f 3822/5124/1619 3872/5176/1619 3869/5173/1619 3818/5120/1619
f 3845/5148/1619 3848/5151/1619 3884/5188/1619 3885/5189/1619
f 3823/5125/1622 3819/5121/1622 3870/5174/1622 3873/5177/1622
f 3849/5152/1622 3846/5149/1622 3875/5179/1622 3876/5180/1622
f 3805/5107/1619 3809/5111/1619 3863/5167/1619 3860/5164/1619
f 3836/5138/1619 3839/5141/1619 3865/5169/1619 3866/5170/1619
f 3810/5112/1622 3806/5108/1622 3861/5165/1622 3851/5154/1622
f 3840/5142/1622 3837/5139/1622 3882/5186/1622 3847/5150/1622
f 3822/5124/1619 3826/5128/1619 3841/5143/1619 3872/5176/1619
f 3834/5136/1619 3835/5137/1619 3884/5188/1619 3848/5151/1619
f 3825/5127/1622 3823/5125/1622 3873/5177/1622 3824/5126/1622
f 3817/5119/1622 3849/5152/1622 3876/5180/1622 3816/5118/1622
f 3809/5111/1619 3813/5115/1619 3815/5117/1619 3863/5167/1619
f 3807/5109/1619 3808/5110/1619 3865/5169/1619 3839/5141/1619
f 3793/5094/1619 3794/5095/1619 3854/5158/1619 3853/5156/1619
f 3930/5237/1651 3992/5303/1651 3929/5236/1651
f 3935/5243/1653 3936/5244/1653 3969/5278/1653 3951/5259/1653
f 3859/5163/1654 3994/5305/1654 3995/5306/1654 3898/5204/1654
f 4101/5423/1655 3864/5168/1655 3912/5218/1655 4102/5425/1655
f 3868/5172/1656 3900/5206/1656 4106/5433/1656 4104/5429/1656
f 3945/5253/1657 3946/5254/1657 3972/5281/1657 3955/5263/1657
f 3877/5181/1658 3874/5178/1658 3976/5285/1658 4000/5311/1658
f 3887/5191/1659 3856/5160/1659 4111/5443/1659 4108/5437/1659 4109/5439/1659
f 3898/5204/1660 3995/5306/1660 3967/5276/1660
f 3967/5276/1661 3995/5306/1661 3984/5293/1661
f 3895/5200/1662 3896/5201/1662 3988/5298/1662 3993/5304/1662
f 3867/5171/1663 3864/5168/1663 4101/5423/1663 4113/5448/1663
f 4115/5452/1664 3871/5175/1664 3868/5172/1664 4104/5429/1664
f 3915/5221/1665 3991/5302/1665 3976/5285/1665 3874/5178/1665
f 3965/5274/1666 3967/5276/1666 3984/5293/1666 3981/5290/1666
f 4119/5461/1667 3888/5192/1667 3887/5191/1667 4109/5439/1667
f 3903/5209/1668 3926/5233/1668 4008/5319/1668 3998/5309/1668
f 3913/5219/1669 4003/5314/1669 3991/5302/1669 3915/5221/1669
f 3838/5140/1619 3907/5213/1619 3856/5160/1619 3841/5143/1619
f 3830/5132/1619 3920/5226/1619 3855/5159/1619 3835/5137/1619
f 3828/5130/1670 3824/5126/1670 3944/5252/1670 3948/5256/1670
f 3821/5123/1671 3816/5118/1671 3955/5263/1671 3954/5262/1671
f 3815/5117/1619 3811/5113/1619 3902/5208/1619 3900/5206/1619
f 3808/5110/1619 3803/5105/1619 3914/5220/1619 3912/5218/1619
f 3852/5155/1672 3940/5248/1672 3942/5250/1672 3800/5102/1672
f 3798/5100/1673 3850/5153/1673 3951/5259/1673 3950/5258/1673
f 3854/5158/1619 3857/5161/1619 3897/5203/1619 3894/5199/1619
f 3853/5157/1619 3893/5198/1619 3920/5226/1619 3830/5132/1619
f 3858/5162/1674 3844/5147/1674 3933/5240/1674 3938/5246/1674
f 3880/5184/1675 3828/5130/1675 3948/5256/1675 3947/5255/1675
f 3843/5146/1676 3821/5123/1676 3954/5262/1676 3934/5242/1676
f 3811/5113/1619 3869/5173/1619 3888/5192/1619 3902/5208/1619
f 3803/5105/1619 3885/5189/1619 3886/5190/1619 3914/5220/1619
f 3870/5174/1677 3800/5102/1677 3942/5250/1677 3941/5249/1677
f 3875/5179/1678 3798/5100/1678 3950/5258/1678 3952/5260/1678
f 3857/5161/1619 3860/5164/1619 3871/5175/1619 3897/5203/1619
f 3866/5170/1619 3867/5171/1619 3910/5216/1619 3879/5183/1619
f 3956/5264/1679 3957/5265/1679 4112/5445/1679 4120/5463/1679
f 3953/5261/1638 3956/5264/1638 4120/5463/1638 4123/5469/1638
f 3922/5228/1624 3953/5261/1624 4123/5469/1624 4125/5473/1624
f 4126/5475/1628 3899/5205/1628 3922/5228/1628 4125/5473/1628
f 4127/5477/1633 3960/5269/1633 3899/5205/1633 4126/5475/1633
f 4128/5479/1636 3962/5271/1636 3960/5269/1636 4127/5477/1636
f 4130/5484/1621 3909/5215/1621 3962/5271/1621 4128/5479/1621
f 4131/5486/1626 3911/5217/1626 3909/5215/1626 4130/5484/1626
f 4132/5488/1630 3964/5273/1630 3911/5217/1630 4131/5486/1630
f 4133/5490/1680 3966/5275/1680 3964/5273/1680 4132/5488/1680
f 4134/5492/1681 3916/5222/1681 3966/5275/1681 4133/5490/1681
f 4135/5494/1639 3917/5223/1639 3916/5222/1639 4134/5492/1639
f 4136/5496/1637 3936/5244/1637 3917/5223/1637 4135/5494/1637
f 4097/5414/1682 3969/5278/1682 3936/5244/1682 4136/5496/1682
f 4100/5421/1683 3968/5277/1683 3969/5278/1683 4097/5414/1683
f 4103/5427/1684 3904/5210/1684 3968/5277/1684 4100/5421/1684
f 4105/5431/1635 3946/5254/1635 3904/5210/1635 4103/5427/1635
f 3972/5281/1620 3946/5254/1620 4105/5431/1620 4107/5435/1620
f 3971/5280/1625 3972/5281/1625 4107/5435/1625 4110/5441/1625
f 3957/5266/1629 3971/5280/1629 4110/5441/1629 4112/5446/1629
f 4111/5443/1685 3856/5160/1685 3907/5213/1685 4114/5450/1685
f 3944/5252/1686 3964/5273/1686 3966/5275/1686 3948/5256/1686
f 3928/5235/1688 3981/5290/1688 4010/5321/1688
f 4106/5433/1689 3900/5206/1689 3902/5208/1689 4118/5459/1689
f 3940/5248/1690 3960/5269/1690 3962/5271/1690 3942/5250/1690
f 3908/5214/1691 3928/5235/1691 4010/5321/1691 4002/5313/1691
f 3907/5213/1692 3910/5216/1692 4124/5471/1692 4114/5450/1692
f 3933/5240/1693 3956/5264/1693 3953/5261/1693 3938/5246/1693
f 3859/5163/1694 3890/5194/1694 3983/5292/1694 3994/5305/1694
f 3927/5234/1695 4009/5320/1695 3963/5272/1695
f 3963/5272/1696 4009/5320/1696 3980/5289/1696
f 4118/5459/1697 3902/5208/1697 3888/5192/1697 4119/5461/1697
f 3895/5200/1698 3993/5304/1698 4006/5317/1698 3923/5229/1698
f 3890/5194/1699 3889/5193/1699 3982/5291/1699 3983/5292/1699
f 3897/5203/1700 3871/5175/1700 4115/5452/1700 4121/5466/1700
f 4124/5471/1701 3910/5216/1701 3867/5171/1701 4113/5448/1701 4129/5481/1701
f 3895/5200/1702 3933/5240/1702 3934/5241/1702 3896/5201/1702
f 3859/5163/1703 3898/5204/1703 3936/5244/1703 3935/5243/1703
f 3891/5195/1704 3892/5196/1704 3937/5245/1704 3938/5246/1704
f 3892/5196/1705 3862/5166/1705 3939/5247/1705 3937/5245/1705
f 3901/5207/1706 3940/5248/1706 3939/5247/1706 3862/5166/1706
f 3903/5209/1707 3878/5182/1707 3941/5249/1707 3942/5250/1707
f 3878/5182/1708 3881/5185/1708 3943/5251/1708 3941/5249/1708
f 3905/5211/1709 3944/5252/1709 3943/5251/1709 3881/5185/1709
f 3877/5181/1710 3906/5212/1710 3946/5254/1710 3945/5253/1710
f 3908/5214/1711 3889/5193/1711 3947/5255/1711 3948/5256/1711
f 3889/5193/1712 3890/5194/1712 3949/5257/1712 3947/5255/1712
f 3859/5163/1713 3935/5243/1713 3949/5257/1713 3890/5194/1713
f 3913/5219/1714 3915/5221/1714 3950/5258/1714 3951/5259/1714
f 3915/5221/1715 3874/5178/1715 3952/5260/1715 3950/5258/1715
f 3877/5181/1716 3945/5253/1716 3952/5260/1716 3874/5178/1716
f 3891/5195/1717 3938/5246/1717 3953/5261/1717 3919/5225/1717
f 3918/5224/1718 3921/5227/1718 3954/5262/1718 3955/5263/1718
f 3896/5202/1719 3934/5242/1719 3954/5262/1719 3921/5227/1719
f 3923/5229/1720 3924/5230/1720 3957/5265/1720 3956/5264/1720
f 3919/5225/1721 3953/5261/1721 3922/5228/1721 3958/5267/1721
f 3958/5267/1705 3922/5228/1705 3899/5205/1705 3959/5268/1705
f 3959/5268/1722 3899/5205/1722 3960/5269/1722 3925/5232/1722
f 3926/5233/1723 3962/5271/1723 3909/5215/1723 3961/5270/1723
f 3961/5270/1724 3909/5215/1724 3911/5217/1724 3963/5272/1724
f 3963/5272/1725 3911/5217/1725 3964/5273/1725 3927/5234/1725
f 3928/5235/1726 3966/5275/1726 3916/5222/1726 3965/5274/1726
f 3965/5274/1727 3916/5222/1727 3917/5223/1727 3967/5276/1727
f 3898/5204/1728 3967/5276/1728 3917/5223/1728 3936/5244/1728
f 3929/5236/1729 3969/5278/1729 3968/5277/1729 3930/5237/1729
f 3930/5237/1715 3968/5277/1715 3904/5210/1715 3970/5279/1715
f 3970/5279/1730 3904/5210/1730 3946/5254/1730 3906/5212/1730
f 3931/5238/1731 3972/5281/1731 3971/5280/1731 3932/5239/1731
f 3932/5239/1732 3971/5280/1732 3957/5266/1732 3924/5231/1732
f 3905/5211/1733 3927/5234/1733 3964/5273/1733 3944/5252/1733
f 3918/5224/1734 3955/5263/1734 3972/5281/1734 3931/5238/1734
f 3901/5207/1735 3925/5232/1735 3960/5269/1735 3940/5248/1735
f 3913/5219/1736 3951/5259/1736 3969/5278/1736 3929/5236/1736
f 3895/5200/1737 3923/5229/1737 3956/5264/1737 3933/5240/1737
f 3908/5214/1738 3948/5256/1738 3966/5275/1738 3928/5235/1738
f 3903/5209/1739 3942/5250/1739 3962/5271/1739 3926/5233/1739
f 3993/5304/1741 3987/5296/1741 4006/5317/1741
f 3997/5308/1743 3974/5283/1743 4007/5318/1743
f 3994/5305/1747 3984/5293/1747 3995/5306/1747
f 3985/5294/1754 4004/5315/1754 3986/5295/1754
f 3982/5291/1760 4010/5321/1760 3981/5290/1760
f 3978/5287/1763 4008/5319/1763 3977/5286/1763
f 3891/5195/1765 3919/5225/1765 4004/5315/1765 3996/5307/1765
f 3891/5195/1766 3996/5307/1766 3985/5294/1766 3892/5196/1766
f 3970/5279/1767 3975/5284/1767 3992/5303/1767 3930/5237/1767
f 3918/5224/1768 4005/5316/1768 3989/5300/1768 3921/5227/1768
f 3892/5196/1769 3985/5294/1769 3973/5282/1769 3862/5166/1769
f 3906/5212/1770 4001/5312/1770 3970/5279/1770
f 3970/5279/1771 4001/5312/1771 3975/5284/1771
f 3921/5227/1772 3989/5300/1772 3988/5299/1772 3896/5202/1772
f 3901/5207/1773 3862/5166/1773 3973/5282/1773 3997/5308/1773
f 3932/5239/1774 3990/5301/1774 3931/5238/1774
f 3931/5238/1775 3990/5301/1775 4012/5323/1775
f 3923/5229/1776 4006/5317/1776 3924/5230/1776
f 3903/5209/1778 3998/5309/1778 3978/5287/1778 3878/5182/1778
f 3932/5239/1779 3924/5231/1779 3987/5297/1779 3990/5301/1779
f 3958/5267/1780 3986/5295/1780 3919/5225/1780
f 3919/5225/1781 3986/5295/1781 4004/5315/1781
f 3881/5185/1782 3878/5182/1782 3978/5287/1782 3979/5288/1782
f 3905/5211/1783 3999/5310/1783 4009/5320/1783 3927/5234/1783
f 3958/5267/1784 3959/5268/1784 3974/5283/1784 3986/5295/1784
f 3905/5211/1785 3881/5185/1785 3979/5288/1785 3999/5310/1785
f 3918/5224/1786 3931/5238/1786 4012/5323/1786 4005/5316/1786
f 3925/5232/1787 4007/5318/1787 3959/5268/1787
f 3959/5268/1788 4007/5318/1788 3974/5283/1788
f 3877/5181/1789 4000/5311/1789 4001/5312/1789 3906/5212/1789
f 3901/5207/1790 3997/5308/1790 4007/5318/1790 3925/5232/1790
f 3961/5270/1791 3977/5286/1791 3926/5233/1791
f 3908/5214/1793 4002/5313/1793 3982/5291/1793 3889/5193/1793
f 3913/5219/1794 3929/5236/1794 4011/5322/1794 4003/5314/1794
f 3961/5270/1795 3963/5272/1795 3980/5289/1795 3977/5286/1795
f 4109/5440/1836 4108/5438/1836 4095/5412/1836 4096/5413/1836 4122/5467/1836 4121/5465/1836 4115/5453/1836 4104/5430/1836 4106/5434/1836 4118/5460/1836 4119/5462/1836
f 4097/5415/1622 4136/5497/1622 4135/5495/1622 4134/5493/1622 4133/5491/1622 4132/5489/1622 4131/5487/1622 4130/5485/1622 4128/5480/1622 4127/5478/1622 4126/5476/1622 4125/5474/1622 4123/5470/1622 4120/5464/1622 4112/5447/1622 4110/5442/1622 4107/5436/1622 4105/5432/1622 4103/5428/1622 4100/5422/1622
f 4122/5467/1838 4096/5413/1838 4094/5410/1838 4116/5454/1838 4117/5457/1838 4098/5416/1838 4099/5419/1838
f 4499/6154/1619 4500/6155/1619 4570/6227/1619 4519/6174/1619
f 4504/6159/1622 4545/6201/1622 4585/6242/1622 4503/6158/1622
f 4512/6167/1622 4518/6173/1622 4569/6226/1622 4511/6166/1622
f 4496/6150/1619 4520/6175/1619 4521/6176/1619 4543/6199/1619
f 4527/6182/1619 4528/6183/1619 4580/6237/1619 4533/6188/1619
f 4502/6157/1619 4495/6149/1619 4544/6200/1619 4558/6215/1619
f 4531/6186/1622 4493/6146/1622 4553/6210/1622 4530/6185/1622
f 4529/6184/1622 4532/6187/1622 4579/6236/1622 4538/6193/1622
f 4494/6148/1622 4501/6156/1622 4557/6214/1622 4554/6211/1622
f 4497/6152/1619 4542/6197/1619 4550/6206/1619 4498/6153/1619
f 4499/6154/1619 4514/6169/1619 4552/6208/1619 4500/6155/1619
f 4504/6159/1622 4503/6158/1622 4508/6163/1622 4507/6162/1622
f 4512/6167/1622 4511/6166/1622 4515/6170/1622 4513/6168/1622
f 4517/6172/1619 4516/6171/1619 4521/6176/1619 4520/6175/1619
f 4525/6180/1619 4524/6179/1619 4528/6183/1619 4527/6182/1619
f 4531/6186/1622 4530/6185/1622 4535/6190/1622 4534/6189/1622
f 4526/6181/1622 4529/6184/1622 4538/6193/1622 4541/6196/1622
f 4495/6149/1619 4496/6151/1619 4543/6198/1619 4544/6200/1619
f 4540/6195/1619 4547/6203/1619 4550/6206/1619 4542/6197/1619
f 4514/6169/1619 4510/6165/1619 4551/6207/1619 4552/6208/1619
f 4544/6200/1903 4543/6198/1903 4634/6294/1903 4633/6293/1903
f 4550/6206/1904 4547/6203/1904 4635/6296/1904 4651/6312/1904
f 4552/6208/1905 4551/6207/1905 4639/6300/1905 4640/6301/1905
f 4554/6211/1622 4594/6252/1622 4593/6250/1622 4553/6209/1622
f 4565/6222/1622 4508/6163/1622 4612/6271/1622 4564/6221/1622
f 4563/6220/1622 4515/6170/1622 4600/6259/1622 4568/6225/1622
f 4516/6171/1906 4576/6233/1906 4645/6306/1906 4655/6316/1906
f 4524/6179/1907 4573/6230/1907 4643/6304/1907 4644/6305/1907
f 4535/6190/1622 4555/6212/1622 4583/6240/1622 4584/6241/1622
f 4541/6196/1622 4556/6213/1622 4587/6244/1622 4572/6229/1622
f 4582/6239/1908 4649/6310/1908 4635/6296/1908 4547/6203/1908
f 4551/6207/1909 4561/6218/1909 4637/6298/1909 4639/6300/1909
f 4565/6222/1622 4564/6221/1622 4567/6224/1622 4566/6223/1622
f 4560/6217/1622 4563/6220/1622 4568/6225/1622 4571/6228/1622
f 4576/6233/1910 4575/6232/1910 4652/6313/1910 4645/6306/1910
f 4573/6230/1911 4570/6227/1911 4641/6302/1911 4643/6304/1911
f 4584/6241/1622 4583/6240/1622 4586/6243/1622 4585/6242/1622
f 4572/6229/1622 4587/6244/1622 4588/6245/1622 4569/6226/1622
f 4582/6239/1912 4580/6237/1912 4647/6308/1912 4649/6310/1912
f 4561/6218/1913 4558/6215/1913 4638/6299/1913 4637/6298/1913
f 4497/6152/1619 4498/6153/1619 4575/6232/1619 4546/6202/1619
f 4501/6156/1622 4505/6160/1622 4560/6217/1622 4557/6214/1622
f 4532/6187/1622 4536/6191/1622 4566/6223/1622 4579/6236/1622
f 4506/6161/1619 4502/6157/1619 4558/6215/1619 4561/6218/1619
f 4537/6192/1619 4533/6188/1619 4580/6237/1619 4582/6239/1619
f 4522/6177/1622 4572/6229/1622 4569/6226/1622 4518/6173/1622
f 4545/6201/1622 4548/6204/1622 4584/6241/1622 4585/6242/1622
f 4523/6178/1619 4519/6174/1619 4570/6227/1619 4573/6230/1619
f 4549/6205/1619 4546/6202/1619 4575/6232/1619 4576/6233/1619
f 4505/6160/1622 4509/6164/1622 4563/6220/1622 4560/6217/1622
f 4536/6191/1622 4539/6194/1622 4565/6222/1622 4566/6223/1622
f 4510/6165/1619 4506/6161/1619 4561/6218/1619 4551/6207/1619
f 4540/6195/1619 4537/6192/1619 4582/6239/1619 4547/6203/1619
f 4522/6177/1622 4526/6181/1622 4541/6196/1622 4572/6229/1622
f 4534/6189/1622 4535/6190/1622 4584/6241/1622 4548/6204/1622
f 4525/6180/1619 4523/6178/1619 4573/6230/1619 4524/6179/1619
f 4517/6172/1619 4549/6205/1619 4576/6233/1619 4516/6171/1619
f 4509/6164/1622 4513/6168/1622 4515/6170/1622 4563/6220/1622
f 4507/6162/1622 4508/6163/1622 4565/6222/1622 4539/6194/1622
f 4493/6147/1622 4494/6148/1622 4554/6211/1622 4553/6209/1622
f 4630/6290/1665 4692/6356/1665 4629/6289/1665
f 4635/6296/1697 4636/6297/1697 4669/6331/1697 4651/6312/1697
f 4559/6216/1915 4694/6358/1915 4695/6359/1915 4598/6257/1915
f 4801/6476/1739 4564/6221/1739 4612/6271/1739 4802/6478/1739
f 4645/6306/1700 4646/6307/1700 4672/6334/1700 4655/6316/1700
f 4577/6234/1916 4574/6231/1916 4676/6338/1916 4700/6364/1916
f 4583/6240/1717 4555/6212/1717 4805/6485/1717 4807/6488/1717
f 4587/6244/1917 4556/6213/1917 4811/6496/1917 4808/6490/1917 4809/6492/1917
f 4598/6257/1918 4695/6359/1918 4667/6329/1918
f 4667/6329/1919 4695/6359/1919 4684/6346/1919
f 4595/6253/1920 4596/6254/1920 4688/6351/1920 4693/6357/1920
f 4567/6224/1921 4564/6221/1921 4801/6476/1921 4813/6501/1921
f 4615/6274/1651 4691/6355/1651 4676/6338/1651 4574/6231/1651
f 4665/6327/1922 4667/6329/1922 4684/6346/1922 4681/6343/1922
f 4586/6243/1923 4583/6240/1923 4807/6488/1923 4817/6510/1923
f 4820/6516/1703 4588/6245/1703 4587/6244/1703 4809/6492/1703
f 4603/6262/1924 4626/6286/1924 4708/6372/1924 4698/6362/1924
f 4613/6272/1925 4703/6367/1925 4691/6355/1925 4615/6274/1925
f 4538/6193/1622 4607/6266/1622 4556/6213/1622 4541/6196/1622
f 4530/6185/1622 4620/6279/1622 4555/6212/1622 4535/6190/1622
f 4528/6183/1926 4524/6179/1926 4644/6305/1926 4648/6309/1926
f 4521/6176/1927 4516/6171/1927 4655/6316/1927 4654/6315/1927
f 4515/6170/1622 4511/6166/1622 4602/6261/1622 4600/6259/1622
f 4508/6163/1622 4503/6158/1622 4614/6273/1622 4612/6271/1622
f 4552/6208/1928 4640/6301/1928 4642/6303/1928 4500/6155/1928
f 4498/6153/1929 4550/6206/1929 4651/6312/1929 4650/6311/1929
f 4554/6211/1622 4557/6214/1622 4597/6256/1622 4594/6252/1622
f 4553/6210/1622 4593/6251/1622 4620/6279/1622 4530/6185/1622
f 4558/6215/1930 4544/6200/1930 4633/6293/1930 4638/6299/1930
f 4580/6237/1931 4528/6183/1931 4648/6309/1931 4647/6308/1931
f 4543/6199/1932 4521/6176/1932 4654/6315/1932 4634/6295/1932
f 4511/6166/1622 4569/6226/1622 4588/6245/1622 4602/6261/1622
f 4503/6158/1622 4585/6242/1622 4586/6243/1622 4614/6273/1622
f 4570/6227/1933 4500/6155/1933 4642/6303/1933 4641/6302/1933
f 4575/6232/1934 4498/6153/1934 4650/6311/1934 4652/6313/1934
f 4557/6214/1622 4560/6217/1622 4571/6228/1622 4597/6256/1622
f 4566/6223/1622 4567/6224/1622 4610/6269/1622 4579/6236/1622
f 4656/6317/1935 4657/6318/1935 4812/6498/1935 4821/6518/1935
f 4653/6314/1625 4656/6317/1625 4821/6518/1625 4823/6522/1625
f 4622/6281/1620 4653/6314/1620 4823/6522/1620 4825/6526/1620
f 4826/6528/1635 4599/6258/1635 4622/6281/1635 4825/6526/1635
f 4827/6530/1632 4660/6322/1632 4599/6258/1632 4826/6528/1632
f 4828/6532/1627 4662/6324/1627 4660/6322/1627 4827/6530/1627
f 4830/6537/1623 4609/6268/1623 4662/6324/1623 4828/6532/1623
f 4831/6539/1637 4611/6270/1637 4609/6268/1637 4830/6537/1637
f 4832/6541/1639 4664/6326/1639 4611/6270/1639 4831/6539/1639
f 4833/6543/1681 4666/6328/1681 4664/6326/1681 4832/6541/1681
f 4834/6545/1680 4616/6275/1680 4666/6328/1680 4833/6543/1680
f 4835/6547/1630 4617/6276/1630 4616/6275/1630 4834/6545/1630
f 4836/6549/1626 4636/6297/1626 4617/6276/1626 4835/6547/1626
f 4797/6467/1936 4669/6331/1936 4636/6297/1936 4836/6549/1936
f 4800/6474/1937 4668/6330/1937 4669/6331/1937 4797/6467/1937
f 4803/6480/1938 4604/6263/1938 4668/6330/1938 4800/6474/1938
f 4804/6482/1628 4646/6307/1628 4604/6263/1628 4803/6480/1628
f 4672/6334/1624 4646/6307/1624 4804/6482/1624 4806/6486/1624
f 4671/6333/1638 4672/6334/1638 4806/6486/1638 4810/6494/1638
f 4657/6319/1634 4671/6333/1634 4810/6494/1634 4812/6499/1634
f 4811/6496/1738 4556/6213/1738 4607/6266/1738 4814/6503/1738
f 4644/6305/1939 4664/6326/1939 4666/6328/1939 4648/6309/1939
f 4628/6288/1941 4681/6343/1941 4710/6374/1941
f 4612/6271/1690 4614/6273/1690 4819/6514/1690 4802/6478/1690
f 4640/6301/1942 4660/6322/1942 4662/6324/1942 4642/6303/1942
f 4608/6267/1943 4628/6288/1943 4710/6374/1943 4702/6366/1943
f 4607/6266/1686 4610/6269/1686 4824/6524/1686 4814/6503/1686
f 4633/6293/1944 4656/6317/1944 4653/6314/1944 4638/6299/1944
f 4559/6216/1945 4590/6247/1945 4683/6345/1945 4694/6358/1945
f 4627/6287/1946 4709/6373/1946 4663/6325/1946
f 4663/6325/1947 4709/6373/1947 4680/6342/1947
f 4818/6512/1653 4602/6261/1653 4588/6245/1653 4820/6516/1653
f 4586/6243/1735 4817/6510/1735 4819/6514/1735 4614/6273/1735
f 4595/6253/1948 4693/6357/1948 4706/6370/1948 4623/6282/1948
f 4590/6247/1949 4589/6246/1949 4682/6344/1949 4683/6345/1949
f 4824/6524/1950 4610/6269/1950 4567/6224/1950 4813/6501/1950 4829/6534/1950
f 4595/6253/1951 4633/6293/1951 4634/6294/1951 4596/6254/1951
f 4559/6216/1952 4598/6257/1952 4636/6297/1952 4635/6296/1952
f 4591/6248/1953 4592/6249/1953 4637/6298/1953 4638/6299/1953
f 4592/6249/1954 4562/6219/1954 4639/6300/1954 4637/6298/1954
f 4601/6260/1955 4640/6301/1955 4639/6300/1955 4562/6219/1955
f 4603/6262/1956 4578/6235/1956 4641/6302/1956 4642/6303/1956
f 4578/6235/1957 4581/6238/1957 4643/6304/1957 4641/6302/1957
f 4605/6264/1958 4644/6305/1958 4643/6304/1958 4581/6238/1958
f 4577/6234/1664 4606/6265/1664 4646/6307/1664 4645/6306/1664
f 4608/6267/1959 4589/6246/1959 4647/6308/1959 4648/6309/1959
f 4589/6246/1960 4590/6247/1960 4649/6310/1960 4647/6308/1960
f 4559/6216/1961 4635/6296/1961 4649/6310/1961 4590/6247/1961
f 4613/6272/1962 4615/6274/1962 4650/6311/1962 4651/6312/1962
f 4615/6274/1963 4574/6231/1963 4652/6313/1963 4650/6311/1963
f 4577/6234/1964 4645/6306/1964 4652/6313/1964 4574/6231/1964
f 4591/6248/1965 4638/6299/1965 4653/6314/1965 4619/6278/1965
f 4618/6277/1966 4621/6280/1966 4654/6315/1966 4655/6316/1966
f 4596/6255/1967 4634/6295/1967 4654/6315/1967 4621/6280/1967
f 4623/6282/1968 4624/6283/1968 4657/6318/1968 4656/6317/1968
f 4619/6278/1969 4653/6314/1969 4622/6281/1969 4658/6320/1969
f 4658/6320/1954 4622/6281/1954 4599/6258/1954 4659/6321/1954
f 4659/6321/1970 4599/6258/1970 4660/6322/1970 4625/6285/1970
f 4626/6286/1971 4662/6324/1971 4609/6268/1971 4661/6323/1971
f 4661/6323/1972 4609/6268/1972 4611/6270/1972 4663/6325/1972
f 4663/6325/1973 4611/6270/1973 4664/6326/1973 4627/6287/1973
f 4628/6288/1974 4666/6328/1974 4616/6275/1974 4665/6327/1974
f 4665/6327/1960 4616/6275/1960 4617/6276/1960 4667/6329/1960
f 4598/6257/1975 4667/6329/1975 4617/6276/1975 4636/6297/1975
f 4629/6289/1976 4669/6331/1976 4668/6330/1976 4630/6290/1976
f 4630/6290/1963 4668/6330/1963 4604/6263/1963 4670/6332/1963
f 4670/6332/1977 4604/6263/1977 4646/6307/1977 4606/6265/1977
f 4631/6291/1978 4672/6334/1978 4671/6333/1978 4632/6292/1978
f 4632/6292/1967 4671/6333/1967 4657/6319/1967 4624/6284/1967
f 4605/6264/1701 4627/6287/1701 4664/6326/1701 4644/6305/1701
f 4618/6277/1979 4655/6316/1979 4672/6334/1979 4631/6291/1979
f 4601/6260/1980 4625/6285/1980 4660/6322/1980 4640/6301/1980
f 4613/6272/1689 4651/6312/1689 4669/6331/1689 4629/6289/1689
f 4595/6253/1981 4623/6282/1981 4656/6317/1981 4633/6293/1981
f 4608/6267/1685 4648/6309/1685 4666/6328/1685 4628/6288/1685
f 4603/6262/1655 4642/6303/1655 4662/6324/1655 4626/6286/1655
f 4693/6357/1983 4687/6349/1983 4706/6370/1983
f 4697/6361/1985 4674/6336/1985 4707/6371/1985
f 4694/6358/1989 4684/6346/1989 4695/6359/1989
f 4685/6347/1996 4704/6368/1996 4686/6348/1996
f 4682/6344/2002 4710/6374/2002 4681/6343/2002
f 4678/6340/2005 4708/6372/2005 4677/6339/2005
f 4591/6248/2007 4619/6278/2007 4704/6368/2007 4696/6360/2007
f 4591/6248/2008 4696/6360/2008 4685/6347/2008 4592/6249/2008
f 4670/6332/2009 4675/6337/2009 4692/6356/2009 4630/6290/2009
f 4618/6277/2010 4705/6369/2010 4689/6353/2010 4621/6280/2010
f 4592/6249/1791 4685/6347/1791 4673/6335/1791 4562/6219/1791
f 4606/6265/2011 4701/6365/2011 4670/6332/2011
f 4670/6332/2012 4701/6365/2012 4675/6337/2012
f 4621/6280/2013 4689/6353/2013 4688/6352/2013 4596/6255/2013
f 4601/6260/2014 4562/6219/2014 4673/6335/2014 4697/6361/2014
f 4632/6292/2015 4690/6354/2015 4631/6291/2015
f 4631/6291/2016 4690/6354/2016 4712/6376/2016
f 4623/6282/2017 4706/6370/2017 4624/6283/2017
f 4603/6262/2019 4698/6362/2019 4678/6340/2019 4578/6235/2019
f 4632/6292/2020 4624/6284/2020 4687/6350/2020 4690/6354/2020
f 4658/6320/1782 4686/6348/1782 4619/6278/1782
f 4619/6278/2021 4686/6348/2021 4704/6368/2021
f 4581/6238/1780 4578/6235/1780 4678/6340/1780 4679/6341/1780
f 4605/6264/2022 4699/6363/2022 4709/6373/2022 4627/6287/2022
f 4658/6320/2023 4659/6321/2023 4674/6336/2023 4686/6348/2023
f 4605/6264/2024 4581/6238/2024 4679/6341/2024 4699/6363/2024
f 4618/6277/2025 4631/6291/2025 4712/6376/2025 4705/6369/2025
f 4625/6285/2026 4707/6371/2026 4659/6321/2026
f 4659/6321/2027 4707/6371/2027 4674/6336/2027
f 4577/6234/2028 4700/6364/2028 4701/6365/2028 4606/6265/2028
f 4601/6260/2029 4697/6361/2029 4707/6371/2029 4625/6285/2029
f 4661/6323/1769 4677/6339/1769 4626/6286/1769
f 4608/6267/2031 4702/6366/2031 4682/6344/2031 4589/6246/2031
f 4613/6272/2032 4629/6289/2032 4711/6375/2032 4703/6367/2032
f 4661/6323/2033 4663/6325/2033 4680/6342/2033 4677/6339/2033
f 4797/6468/1619 4836/6550/1619 4835/6548/1619 4834/6546/1619 4833/6544/1619 4832/6542/1619 4831/6540/1619 4830/6538/1619 4828/6533/1619 4827/6531/1619 4826/6529/1619 4825/6527/1619 4823/6523/1619 4821/6519/1619 4812/6500/1619 4810/6495/1619 4806/6487/1619 4804/6483/1619 4803/6481/1619 4800/6475/1619
f 4822/6521/1838 4796/6466/1838 4794/6463/1838 4815/6506/1838 4816/6508/1838 4798/6469/1838 4799/6472/1838
f 4888/6617/1622 4795/6465/1622 4793/6462/1622 4794/6464/1622 4796/6466/1622 4904/6653/1622 4902/6649/1622 4926/6701/1622 4925/6699/1622 4923/6695/1622 4922/6693/1622 4917/6682/1622 4918/6684/1622 4877/6594/1622 4880/6600/1622 4882/6604/1622 4884/6608/1622
f 4593/6250/2109 4594/6252/2109 4960/6770/2109 4913/6674/2109 4914/6676/2109 4920/6688/2109
f 4799/6473/2109 4798/6470/2109 4942/6733/2109 4941/6731/2109 4946/6742/2109
f 4905/6656/2110 4900/6643/2110 4879/6598/2110 4878/6596/2110 4881/6602/2110 4885/6610/2110 4889/6619/2110 4894/6629/2110 4568/6225/2110 4600/6259/2110 4890/6621/2110 4891/6623/2110
f 4912/6671/2111 4571/6228/2111 4568/6225/2111 4894/6629/2111 4893/6627/2111 4899/6641/2111 4906/6658/2111 4910/6667/2111
f 4816/6509/1693 4815/6507/1693 4805/6485/1693 4555/6212/1693 4620/6279/1693 4908/6662/1693 4907/6660/1693 4911/6669/1693 4915/6678/1693 4916/6680/1693 4921/6691/1693 4924/6697/1693 4928/6705/1693 4930/6709/1693 4932/6713/1693 4934/6717/1693 4935/6719/1693
f 4602/6261/1736 4818/6512/1736 4886/6612/1736 4887/6615/1736 4890/6621/1736 4600/6259/1736
f 4960/6770/1755 4594/6252/1755 4597/6256/1755 4955/6760/1755 4954/6758/1755 4958/6766/1755 4959/6768/1755
f 4903/6651/1755 4901/6645/1755 4822/6520/1755 4799/6473/1755 4946/6742/1755 4944/6738/1755 4948/6746/1755 4950/6750/1755 4956/6762/1755
f 4620/6279/1737 4593/6251/1737 4920/6689/1737 4919/6686/1737 4927/6703/1737 4929/6707/1737 4931/6711/1737 4933/6715/1737 4937/6723/1737 4938/6725/1737 4942/6734/1737 4798/6471/1737 4816/6509/1737 4935/6719/1737 4936/6721/1737 4939/6727/1737 4940/6729/1737 4943/6736/1737 4945/6740/1737 4947/6744/1737 4949/6748/1737 4951/6752/1737 4952/6754/1737 4909/6665/1737 4908/6662/1737
f 4892/6625/1657 4896/6633/1657 4903/6651/1657 4956/6762/1657 4957/6764/1657 4883/6606/1657 4895/6631/1657 4953/6756/1657 4955/6760/1657 4597/6256/1657 4571/6228/1657 4912/6671/1657 4898/6639/1657 4897/6636/1657
f 4904/6653/2112 4796/6466/2112 4822/6521/2112 4901/6646/2112
f 4886/6613/2112 4818/6513/2112 4820/6517/2112 4809/6493/2112 4808/6491/2112 4795/6465/2112 4888/6617/2112
f 4962/6773/1619 4094/5411/1619 4096/5413/1619 4095/5412/1619 4093/5409/1619 4961/6771/1619 4965/6779/1619 4963/6775/1619 4980/6810/1619 4975/6800/1619 4976/6802/1619 4974/6798/1619 4978/6806/1619 4979/6808/1619 4981/6812/1619 4983/6817/1619 4982/6814/1619
f 4099/5420/2113 4098/5417/2113 4998/6849/2113 4997/6847/2113 4993/6839/2113 4991/6835/2113 4986/6823/2113 4984/6819/2113 4977/6804/2113 4964/6777/2113 4966/6781/2113 3893/5197/2113 3894/5199/2113 5015/6887/2113 5018/6893/2113 5020/6898/2113 5027/6912/2113 5029/6916/2113 5034/6926/2113 5032/6922/2113 5030/6918/2113 5028/6914/2113 5021/6900/2113 5019/6896/2113 5016/6889/2113
f 4988/6827/1965 4989/6830/1965 4987/6825/1965 3883/5187/1965 3855/5159/1965 4972/6794/1965 4971/6792/1965 4973/6796/1965 4970/6790/1965 4969/6788/1965 4968/6786/1965 4967/6784/1965 4985/6821/1965 4990/6833/1965
f 4995/6843/2114 3886/5190/2114 3883/5187/2114 4987/6825/2114 4999/6852/2114 4992/6837/2114 4996/6845/2114 4994/6841/2114
f 4972/6794/1944 3855/5159/1944 3920/5226/1944 5008/6871/1944 5009/6873/1944 5006/6867/1944 5007/6869/1944
f 5001/6856/2115 4117/5458/2115 4116/5455/2115 5004/6862/2115 4967/6784/2115 4968/6786/2115 5005/6865/2115 5003/6860/2115 5002/6858/2115
f 5012/6879/1942 4102/5425/1942 3912/5218/1942 3914/5220/1942 5011/6877/1942 5010/6875/1942
f 5015/6887/1979 3894/5199/1979 3897/5203/1979 4121/5466/1979 4122/5468/1979 4099/5420/1979 5016/6889/1979 5017/6891/1979 5035/6928/1979 5033/6924/1979 5026/6910/1979 5022/6902/1979 5023/6904/1979 5024/6906/1979 5025/6908/1979 5031/6920/1979 5013/6882/1979
f 5014/6884/1981 5008/6871/1981 3920/5226/1981 3893/5198/1981 4966/6782/1981 5036/6930/1981
f 4998/6850/2116 4098/5418/2116 4117/5458/2116 5001/6856/2116 5000/6854/2116
f 5039/6937/1980 5038/6934/1980 5037/6932/1980 5011/6877/1980 3914/5220/1980 3886/5190/1980 4995/6843/1980 5041/6941/1980 5044/6947/1980 5043/6945/1980 5042/6943/1980 5040/6939/1980
usemtl dark
f 3988/5298/1740 3987/5296/1740 3993/5304/1740
f 3973/5282/1742 3974/5283/1742 3997/5308/1742
f 3979/5288/1744 3980/5289/1744 3999/5310/1744
f 3983/5292/1746 3984/5293/1746 3994/5305/1746
f 3985/5294/1748 3986/5295/1748 3974/5283/1748 3973/5282/1748
f 3976/5285/1749 3975/5284/1749 4000/5311/1749
f 3978/5287/1751 3977/5286/1751 3980/5289/1751 3979/5288/1751
f 3982/5291/1752 3981/5290/1752 3984/5293/1752 3983/5292/1752
f 3996/5307/1753 4004/5315/1753 3985/5294/1753
f 4005/5316/1755 4012/5323/1755 3989/5300/1755
f 4003/5314/1757 4011/5322/1757 3991/5302/1757
f 4002/5313/1759 4010/5321/1759 3982/5291/1759
f 3989/5300/1761 3990/5301/1761 3987/5297/1761 3988/5299/1761
f 3998/5309/1762 4008/5319/1762 3978/5287/1762
f 3976/5285/1764 3991/5302/1764 3992/5303/1764 3975/5284/1764
f 4688/6351/1982 4687/6349/1982 4693/6357/1982
f 4673/6335/1984 4674/6336/1984 4697/6361/1984
f 4679/6341/1986 4680/6342/1986 4699/6363/1986
f 4683/6345/1988 4684/6346/1988 4694/6358/1988
f 4685/6347/1990 4686/6348/1990 4674/6336/1990 4673/6335/1990
f 4676/6338/1991 4675/6337/1991 4700/6364/1991
f 4678/6340/1993 4677/6339/1993 4680/6342/1993 4679/6341/1993
f 4682/6344/1994 4681/6343/1994 4684/6346/1994 4683/6345/1994
f 4696/6360/1995 4704/6368/1995 4685/6347/1995
f 4705/6369/1997 4712/6376/1997 4689/6353/1997
f 4703/6367/1999 4711/6375/1999 4691/6355/1999
f 4702/6366/2001 4710/6374/2001 4682/6344/2001
f 4689/6353/2003 4690/6354/2003 4687/6350/2003 4688/6352/2003
f 4698/6362/2004 4708/6372/2004 4678/6340/2004
f 4676/6338/2006 4691/6355/2006 4692/6356/2006 4675/6337/2006
usemtl tyre_type_colour
f 4153/5515/1622 4171/5533/1622 4172/5534/1622 4154/5516/1622
f 4144/5506/1622 4162/5524/1622 4163/5525/1622 4145/5507/1622
f 4137/5498/1622 4175/5537/1622 4157/5519/1622 4138/5500/1622
f 4148/5510/1622 4166/5528/1622 4167/5529/1622 4149/5511/1622
f 4138/5500/1622 4157/5519/1622 4158/5520/1622 4140/5502/1622
f 4152/5514/1622 4170/5532/1622 4171/5533/1622 4153/5515/1622
f 4143/5505/1622 4161/5523/1622 4162/5524/1622 4144/5506/1622
f 4156/5518/1622 4174/5536/1622 4176/5539/1622 4139/5501/1622
f 4147/5509/1622 4165/5527/1622 4166/5528/1622 4148/5510/1622
f 4139/5501/1622 4176/5539/1622 4175/5538/1622 4137/5499/1622
f 4151/5513/1622 4169/5531/1622 4170/5532/1622 4152/5514/1622
f 4142/5504/1622 4160/5522/1622 4161/5523/1622 4143/5505/1622
f 4155/5517/1622 4173/5535/1622 4174/5536/1622 4156/5518/1622
f 4146/5508/1622 4164/5526/1622 4165/5527/1622 4147/5509/1622
f 4150/5512/1622 4168/5530/1622 4169/5531/1622 4151/5513/1622
f 4141/5503/1622 4159/5521/1622 4160/5522/1622 4142/5504/1622
f 4154/5516/1622 4172/5534/1622 4173/5535/1622 4155/5517/1622
f 4145/5507/1622 4163/5525/1622 4164/5526/1622 4146/5508/1622
f 4149/5511/1622 4167/5529/1622 4168/5530/1622 4150/5512/1622
f 4140/5502/1622 4158/5520/1622 4159/5521/1622 4141/5503/1622
f 4853/6568/1619 4871/6586/1619 4872/6587/1619 4854/6569/1619
f 4844/6559/1619 4862/6577/1619 4863/6578/1619 4845/6560/1619
f 4837/6551/1619 4875/6590/1619 4857/6572/1619 4838/6553/1619
f 4848/6563/1619 4866/6581/1619 4867/6582/1619 4849/6564/1619
f 4838/6553/1619 4857/6572/1619 4858/6573/1619 4840/6555/1619
f 4852/6567/1619 4870/6585/1619 4871/6586/1619 4853/6568/1619
f 4843/6558/1619 4861/6576/1619 4862/6577/1619 4844/6559/1619
f 4856/6571/1619 4874/6589/1619 4876/6592/1619 4839/6554/1619
f 4847/6562/1619 4865/6580/1619 4866/6581/1619 4848/6563/1619
f 4839/6554/1619 4876/6592/1619 4875/6591/1619 4837/6552/1619
f 4851/6566/1619 4869/6584/1619 4870/6585/1619 4852/6567/1619
f 4842/6557/1619 4860/6575/1619 4861/6576/1619 4843/6558/1619
f 4855/6570/1619 4873/6588/1619 4874/6589/1619 4856/6571/1619
f 4846/6561/1619 4864/6579/1619 4865/6580/1619 4847/6562/1619
f 4850/6565/1619 4868/6583/1619 4869/6584/1619 4851/6566/1619
f 4841/6556/1619 4859/6574/1619 4860/6575/1619 4842/6557/1619
f 4854/6569/1619 4872/6587/1619 4873/6588/1619 4855/6570/1619
f 4845/6560/1619 4863/6578/1619 4864/6579/1619 4846/6561/1619
f 4849/6564/1619 4867/6582/1619 4868/6583/1619 4850/6565/1619
f 4840/6555/1619 4858/6573/1619 4859/6574/1619 4841/6556/1619
o Cube.008
v -1.188807 2.394552 0.065515
v -1.188807 2.394458 0.064617
v -1.188808 2.394178 0.063759
v -1.188808 2.393727 0.062977
v -1.188808 2.393123 0.062306
v -1.188808 2.392392 0.061775
v -1.188808 2.391568 0.061408
v -1.188808 2.390685 0.061220
v -1.188808 2.389782 0.061220
v -1.188808 2.388899 0.061408
v -1.188808 2.388074 0.061775
v -1.188808 2.387343 0.062306
v -1.188808 2.386739 0.062977
v -1.188808 2.386288 0.063759
v -1.188807 2.386009 0.064617
v -1.188807 2.385914 0.065515
v -1.188807 2.386009 0.066413
v -1.188807 2.386288 0.067272
v -1.188807 2.386739 0.068054
v -1.188807 2.387343 0.068725
v -1.188806 2.388074 0.069255
v -1.188806 2.388899 0.069623
v -1.188806 2.389782 0.069810
v -1.188806 2.390685 0.069810
v -1.188806 2.391568 0.069623
v -1.188806 2.392392 0.069255
v -1.188807 2.393123 0.068725
v -1.188807 2.393727 0.068054
v -1.188807 2.394178 0.067272
v -1.188807 2.394458 0.066413
v -1.188810 2.394552 0.054348
v -1.188810 2.394458 0.053450
v -1.188810 2.394178 0.052591
v -1.188811 2.393727 0.051809
v -1.188811 2.393123 0.051138
v -1.188811 2.392392 0.050608
v -1.188811 2.391568 0.050241
v -1.188811 2.390685 0.050053
v -1.188811 2.389782 0.050053
v -1.188811 2.388899 0.050241
v -1.188811 2.388074 0.050608
v -1.188811 2.387343 0.051138
v -1.188811 2.386739 0.051809
v -1.188810 2.386288 0.052591
v -1.188810 2.386009 0.053450
v -1.188810 2.385914 0.054348
v -1.188810 2.386009 0.055246
v -1.188810 2.386288 0.056105
v -1.188809 2.386739 0.056886
v -1.188809 2.387343 0.057557
v -1.188809 2.388074 0.058088
v -1.188809 2.388899 0.058455
v -1.188809 2.389782 0.058643
v -1.188809 2.390685 0.058643
v -1.188809 2.391568 0.058455
v -1.188809 2.392392 0.058088
v -1.188809 2.393123 0.057557
v -1.188809 2.393727 0.056886
v -1.188810 2.394178 0.056105
v -1.188810 2.394458 0.055246
v -1.188813 2.394552 0.043181
v -1.188813 2.394458 0.042283
v -1.188813 2.394178 0.041424
v -1.188813 2.393727 0.040642
v -1.188813 2.393123 0.039971
v -1.188814 2.392392 0.039440
v -1.188814 2.391568 0.039073
v -1.188814 2.390685 0.038885
v -1.188814 2.389782 0.038885
v -1.188814 2.388899 0.039073
v -1.188814 2.388074 0.039440
v -1.188813 2.387343 0.039971
v -1.188813 2.386739 0.040642
v -1.188813 2.386288 0.041424
v -1.188813 2.386009 0.042283
v -1.188813 2.385914 0.043181
v -1.188812 2.386009 0.044079
v -1.188812 2.386288 0.044937
v -1.188812 2.386739 0.045719
v -1.188812 2.387343 0.046390
v -1.188812 2.388074 0.046921
v -1.188812 2.388899 0.047288
v -1.188812 2.389782 0.047476
v -1.188812 2.390685 0.047476
v -1.188812 2.391568 0.047288
v -1.188812 2.392392 0.046921
v -1.188812 2.393123 0.046390
v -1.188812 2.393727 0.045719
v -1.188812 2.394178 0.044937
v -1.188812 2.394458 0.044079
v -1.188815 2.394552 0.032013
v -1.188816 2.394458 0.031115
v -1.188816 2.394178 0.030257
v -1.188816 2.393727 0.029475
v -1.188816 2.393123 0.028804
v -1.188816 2.392392 0.028273
v -1.188816 2.391568 0.027906
v -1.188816 2.390685 0.027718
v -1.188816 2.389782 0.027718
v -1.188816 2.388899 0.027906
v -1.188816 2.388074 0.028273
v -1.188816 2.387343 0.028804
v -1.188816 2.386739 0.029475
v -1.188816 2.386288 0.030257
v -1.188816 2.386009 0.031115
v -1.188815 2.385914 0.032013
v -1.188815 2.386009 0.032911
v -1.188815 2.386288 0.033770
v -1.188815 2.386739 0.034552
v -1.188815 2.387343 0.035223
v -1.188815 2.388074 0.035753
v -1.188814 2.388899 0.036121
v -1.188814 2.389782 0.036308
v -1.188814 2.390685 0.036308
v -1.188814 2.391568 0.036121
v -1.188815 2.392392 0.035753
v -1.188815 2.393123 0.035223
v -1.188815 2.393727 0.034552
v -1.188815 2.394178 0.033770
v -1.188815 2.394458 0.032911
v -1.188818 2.394552 0.020846
v -1.188818 2.394458 0.019948
v -1.188819 2.394178 0.019089
v -1.188819 2.393727 0.018307
v -1.188819 2.393123 0.017636
v -1.188819 2.392392 0.017106
v -1.188819 2.391568 0.016739
v -1.188819 2.390685 0.016551
v -1.188819 2.389782 0.016551
v -1.188819 2.388899 0.016739
v -1.188819 2.388074 0.017106
v -1.188819 2.387343 0.017636
v -1.188819 2.386739 0.018307
v -1.188819 2.386288 0.019089
v -1.188818 2.386009 0.019948
v -1.188818 2.385914 0.020846
v -1.188818 2.386009 0.021744
v -1.188818 2.386288 0.022603
v -1.188818 2.386739 0.023384
v -1.188817 2.387343 0.024055
v -1.188817 2.388074 0.024586
v -1.188817 2.388899 0.024953
v -1.188817 2.389782 0.025141
v -1.188817 2.390685 0.025141
v -1.188817 2.391568 0.024953
v -1.188817 2.392392 0.024586
v -1.188817 2.393123 0.024055
v -1.188818 2.393727 0.023384
v -1.188818 2.394178 0.022603
v -1.188818 2.394458 0.021744
v -1.188821 2.394552 0.009679
v -1.188821 2.394458 0.008781
v -1.188821 2.394178 0.007922
v -1.188821 2.393727 0.007140
v -1.188822 2.393123 0.006469
v -1.188822 2.392392 0.005938
v -1.188822 2.391568 0.005571
v -1.188822 2.390685 0.005383
v -1.188822 2.389782 0.005383
v -1.188822 2.388899 0.005571
v -1.188822 2.388074 0.005938
v -1.188822 2.387343 0.006469
v -1.188821 2.386739 0.007140
v -1.188821 2.386288 0.007922
v -1.188821 2.386009 0.008781
v -1.188821 2.385914 0.009679
v -1.188821 2.386009 0.010577
v -1.188820 2.386288 0.011435
v -1.188820 2.386739 0.012217
v -1.188820 2.387343 0.012888
v -1.188820 2.388074 0.013419
v -1.188820 2.388899 0.013786
v -1.188820 2.389782 0.013974
v -1.188820 2.390685 0.013974
v -1.188820 2.391568 0.013786
v -1.188820 2.392392 0.013419
v -1.188820 2.393123 0.012888
v -1.188820 2.393727 0.012217
v -1.188820 2.394178 0.011435
v -1.188821 2.394458 0.010577
v -1.188823 2.394552 -0.001489
v -1.188824 2.394458 -0.002387
v -1.188824 2.394178 -0.003245
v -1.188824 2.393727 -0.004027
v -1.188824 2.393123 -0.004698
v -1.188824 2.392392 -0.005229
v -1.188825 2.391568 -0.005596
v -1.188825 2.390685 -0.005784
v -1.188825 2.389782 -0.005784
v -1.188825 2.388899 -0.005596
v -1.188824 2.388074 -0.005229
v -1.188824 2.387343 -0.004698
v -1.188824 2.386739 -0.004027
v -1.188824 2.386288 -0.003245
v -1.188824 2.386009 -0.002387
v -1.188823 2.385914 -0.001489
v -1.188823 2.386009 -0.000591
v -1.188823 2.386288 0.000268
v -1.188823 2.386739 0.001050
v -1.188823 2.387343 0.001721
v -1.188823 2.388074 0.002251
v -1.188823 2.388899 0.002619
v -1.188823 2.389782 0.002806
v -1.188823 2.390685 0.002806
v -1.188823 2.391568 0.002619
v -1.188823 2.392392 0.002251
v -1.188823 2.393123 0.001721
v -1.188823 2.393727 0.001050
v -1.188823 2.394178 0.000268
v -1.188823 2.394458 -0.000591
v -1.188826 2.394552 -0.012656
v -1.188826 2.394458 -0.013554
v -1.188827 2.394178 -0.014413
v -1.188827 2.393727 -0.015195
v -1.188827 2.393123 -0.015866
v -1.188827 2.392392 -0.016396
v -1.188827 2.391568 -0.016763
v -1.188827 2.390685 -0.016951
v -1.188827 2.389782 -0.016951
v -1.188827 2.388899 -0.016763
v -1.188827 2.388074 -0.016396
v -1.188827 2.387343 -0.015866
v -1.188827 2.386739 -0.015195
v -1.188827 2.386288 -0.014413
v -1.188826 2.386009 -0.013554
v -1.188826 2.385914 -0.012656
v -1.188826 2.386009 -0.011758
v -1.188826 2.386288 -0.010899
v -1.188826 2.386739 -0.010117
v -1.188825 2.387343 -0.009447
v -1.188825 2.388074 -0.008916
v -1.188825 2.388899 -0.008549
v -1.188825 2.389782 -0.008361
v -1.188825 2.390685 -0.008361
v -1.188825 2.391568 -0.008549
v -1.188825 2.392392 -0.008916
v -1.188825 2.393123 -0.009447
v -1.188826 2.393727 -0.010117
v -1.188826 2.394178 -0.010899
v -1.188826 2.394458 -0.011758
v -1.188829 2.394552 -0.023823
v -1.188829 2.394458 -0.024721
v -1.188829 2.394178 -0.025580
v -1.188830 2.393727 -0.026362
v -1.188830 2.393123 -0.027033
v -1.188830 2.392392 -0.027564
v -1.188830 2.391568 -0.027931
v -1.188830 2.390685 -0.028118
v -1.188830 2.389782 -0.028118
v -1.188830 2.388899 -0.027931
v -1.188830 2.388074 -0.027564
v -1.188830 2.387343 -0.027033
v -1.188830 2.386739 -0.026362
v -1.188829 2.386288 -0.025580
v -1.188829 2.386009 -0.024721
v -1.188829 2.385914 -0.023823
v -1.188829 2.386009 -0.022925
v -1.188828 2.386288 -0.022067
v -1.188828 2.386739 -0.021285
v -1.188828 2.387343 -0.020614
v -1.188828 2.388074 -0.020083
v -1.188828 2.388899 -0.019716
v -1.188828 2.389782 -0.019528
v -1.188828 2.390685 -0.019528
v -1.188828 2.391568 -0.019716
v -1.188828 2.392392 -0.020083
v -1.188828 2.393123 -0.020614
v -1.188828 2.393727 -0.021285
v -1.188828 2.394178 -0.022067
v -1.188829 2.394458 -0.022925
v -1.188832 2.394552 -0.034991
v -1.188832 2.394458 -0.035889
v -1.188832 2.394178 -0.036747
v -1.188832 2.393727 -0.037529
v -1.188832 2.393123 -0.038200
v -1.188833 2.392392 -0.038731
v -1.188833 2.391568 -0.039098
v -1.188833 2.390685 -0.039286
v -1.188833 2.389782 -0.039286
v -1.188833 2.388899 -0.039098
v -1.188833 2.388074 -0.038731
v -1.188832 2.387343 -0.038200
v -1.188832 2.386739 -0.037529
v -1.188832 2.386288 -0.036747
v -1.188832 2.386009 -0.035889
v -1.188832 2.385914 -0.034991
v -1.188831 2.386009 -0.034093
v -1.188831 2.386288 -0.033234
v -1.188831 2.386739 -0.032452
v -1.188831 2.387343 -0.031781
v -1.188831 2.388074 -0.031250
v -1.188831 2.388899 -0.030883
v -1.188831 2.389782 -0.030696
v -1.188831 2.390685 -0.030696
v -1.188831 2.391568 -0.030883
v -1.188831 2.392392 -0.031250
v -1.188831 2.393123 -0.031781
v -1.188831 2.393727 -0.032452
v -1.188831 2.394178 -0.033234
v -1.188831 2.394458 -0.034093
v -1.188834 2.394552 -0.046158
v -1.188835 2.394458 -0.047056
v -1.188835 2.394178 -0.047915
v -1.188835 2.393727 -0.048697
v -1.188835 2.393123 -0.049367
v -1.188835 2.392392 -0.049898
v -1.188835 2.391568 -0.050265
v -1.188835 2.390685 -0.050453
v -1.188835 2.389782 -0.050453
v -1.188835 2.388899 -0.050265
v -1.188835 2.388074 -0.049898
v -1.188835 2.387343 -0.049367
v -1.188835 2.386739 -0.048697
v -1.188835 2.386288 -0.047915
v -1.188835 2.386009 -0.047056
v -1.188834 2.385914 -0.046158
v -1.188834 2.386009 -0.045260
v -1.188834 2.386288 -0.044401
v -1.188834 2.386739 -0.043619
v -1.188834 2.387343 -0.042949
v -1.188833 2.388074 -0.042418
v -1.188833 2.388899 -0.042051
v -1.188833 2.389782 -0.041863
v -1.188833 2.390685 -0.041863
v -1.188833 2.391568 -0.042051
v -1.188833 2.392392 -0.042418
v -1.188834 2.393123 -0.042949
v -1.188834 2.393727 -0.043619
v -1.188834 2.394178 -0.044401
v -1.188834 2.394458 -0.045260
v -1.188837 2.394552 -0.057325
v -1.188837 2.394458 -0.058223
v -1.188837 2.394178 -0.059082
v -1.188838 2.393727 -0.059864
v -1.188838 2.393123 -0.060535
v -1.188838 2.392392 -0.061066
v -1.188838 2.391568 -0.061433
v -1.188838 2.390685 -0.061620
v -1.188838 2.389782 -0.061620
v -1.188838 2.388899 -0.061433
v -1.188838 2.388074 -0.061066
v -1.188838 2.387343 -0.060535
v -1.188838 2.386739 -0.059864
v -1.188837 2.386288 -0.059082
v -1.188837 2.386009 -0.058223
v -1.188837 2.385914 -0.057325
v -1.188837 2.386009 -0.056427
v -1.188837 2.386288 -0.055569
v -1.188836 2.386739 -0.054787
v -1.188836 2.387343 -0.054116
v -1.188836 2.388074 -0.053585
v -1.188836 2.388899 -0.053218
v -1.188836 2.389782 -0.053030
v -1.188836 2.390685 -0.053030
v -1.188836 2.391568 -0.053218
v -1.188836 2.392392 -0.053585
v -1.188836 2.393123 -0.054116
v -1.188836 2.393727 -0.054787
v -1.188837 2.394178 -0.055569
v -1.188837 2.394458 -0.056427
v -1.188840 2.394552 -0.068493
v -1.188840 2.394458 -0.069391
v -1.188840 2.394178 -0.070249
v -1.188840 2.393727 -0.071031
v -1.188841 2.393123 -0.071702
v -1.188841 2.392392 -0.072233
v -1.188841 2.391568 -0.072600
v -1.188841 2.390685 -0.072788
v -1.188841 2.389782 -0.072788
v -1.188841 2.388899 -0.072600
v -1.188841 2.388074 -0.072233
v -1.188841 2.387343 -0.071702
v -1.188840 2.386739 -0.071031
v -1.188840 2.386288 -0.070249
v -1.188840 2.386009 -0.069391
v -1.188840 2.385914 -0.068493
v -1.188840 2.386009 -0.067595
v -1.188839 2.386288 -0.066736
v -1.188839 2.386739 -0.065954
v -1.188839 2.387343 -0.065283
v -1.188839 2.388074 -0.064752
v -1.188839 2.388899 -0.064385
v -1.188839 2.389782 -0.064198
v -1.188839 2.390685 -0.064198
v -1.188839 2.391568 -0.064385
v -1.188839 2.392392 -0.064752
v -1.188839 2.393123 -0.065283
v -1.188839 2.393727 -0.065954
v -1.188839 2.394178 -0.066736
v -1.188840 2.394458 -0.067595
v -1.188842 2.394552 -0.079660
v -1.188843 2.394458 -0.080558
v -1.188843 2.394178 -0.081417
v -1.188843 2.393727 -0.082199
v -1.188843 2.393123 -0.082869
v -1.188843 2.392392 -0.083400
v -1.188843 2.391568 -0.083767
v -1.188843 2.390685 -0.083955
v -1.188843 2.389782 -0.083955
v -1.188843 2.388899 -0.083767
v -1.188843 2.388074 -0.083400
v -1.188843 2.387343 -0.082869
v -1.188843 2.386739 -0.082199
v -1.188843 2.386288 -0.081417
v -1.188843 2.386009 -0.080558
v -1.188842 2.385914 -0.079660
v -1.188842 2.386009 -0.078762
v -1.188842 2.386288 -0.077903
v -1.188842 2.386739 -0.077121
v -1.188842 2.387343 -0.076451
v -1.188842 2.388074 -0.075920
v -1.188841 2.388899 -0.075553
v -1.188841 2.389782 -0.075365
v -1.188841 2.390685 -0.075365
v -1.188841 2.391568 -0.075553
v -1.188842 2.392392 -0.075920
v -1.188842 2.393123 -0.076451
v -1.188842 2.393727 -0.077121
v -1.188842 2.394178 -0.077903
v -1.188842 2.394458 -0.078762
v -1.190336 2.329887 0.116825
v -1.190336 2.403728 0.116825
v -1.251558 2.329887 0.116840
v -1.251558 2.403728 0.116840
v -1.190395 2.329887 -0.126550
v -1.190395 2.403728 -0.126550
v -1.251617 2.329887 -0.126535
v -1.251617 2.403728 -0.126535
v -1.251549 2.341634 0.155346
v -1.190327 2.341634 0.155331
v -1.190320 2.393444 0.184632
v -1.251541 2.393444 0.184647
v -1.251633 2.393444 -0.194342
v -1.251626 2.341634 -0.165041
v -1.190404 2.341634 -0.165056
v -1.190411 2.393444 -0.194357
v -1.251546 2.335333 0.166488
v -1.190324 2.335333 0.166473
v -1.190317 2.383119 0.195774
v -1.251539 2.383119 0.195789
v -1.251636 2.383119 -0.205483
v -1.251629 2.335333 -0.176182
v -1.190407 2.335333 -0.176197
v -1.190414 2.383119 -0.205498
v -1.251542 2.297074 0.183178
v -1.190320 2.297074 0.183163
v -1.190307 2.312593 0.235612
v -1.251529 2.312593 0.235627
v -1.251646 2.312594 -0.245322
v -1.251633 2.297074 -0.192872
v -1.190411 2.297074 -0.192887
v -1.190424 2.312594 -0.245336
v -1.251558 2.273369 0.116840
v -1.190336 2.273369 0.116825
v -1.251617 2.273369 -0.126535
v -1.190395 2.273369 -0.126550
v -1.251558 2.196298 0.116840
v -1.190336 2.196298 0.116825
v -1.251617 2.196298 -0.126535
v -1.190395 2.196298 -0.126550
v -1.251558 2.153267 0.116840
v -1.190336 2.153267 0.116825
v -1.251617 2.153267 -0.126535
v -1.190395 2.153267 -0.126550
v -1.251555 2.267810 0.127969
v -1.190333 2.267810 0.127954
v -1.190398 2.267810 -0.137679
v -1.251620 2.267810 -0.137664
v -1.251555 2.196298 0.127969
v -1.190333 2.196298 0.127954
v -1.190398 2.196298 -0.137679
v -1.251620 2.196298 -0.137664
v -1.251555 2.170782 0.127969
v -1.190333 2.170782 0.127954
v -1.190398 2.170782 -0.137679
v -1.251620 2.170782 -0.137664
v -1.251553 2.267810 0.138913
v -1.190331 2.267810 0.138898
v -1.190400 2.267810 -0.148623
v -1.251622 2.267810 -0.148608
v -1.251553 2.196298 0.135300
v -1.190331 2.196298 0.135285
v -1.190399 2.196298 -0.145010
v -1.251621 2.196298 -0.144995
v -1.251544 2.263924 0.174868
v -1.190322 2.263924 0.174853
v -1.190409 2.263924 -0.184578
v -1.251631 2.263924 -0.184563
v -1.251545 2.213737 0.171255
v -1.190323 2.213737 0.171240
v -1.190408 2.213737 -0.180965
v -1.251630 2.213737 -0.180950
v -1.251541 2.273509 0.185103
v -1.190319 2.273509 0.185088
v -1.190411 2.273509 -0.194813
v -1.251633 2.273509 -0.194798
v -1.251541 2.205937 0.186802
v -1.190319 2.205937 0.186787
v -1.190412 2.205937 -0.196511
v -1.251634 2.205937 -0.196496
v -1.251530 2.274641 0.230144
v -1.190309 2.274641 0.230129
v -1.190422 2.274641 -0.239853
v -1.251644 2.274641 -0.239838
v -1.251530 2.207069 0.231842
v -1.190308 2.207069 0.231827
v -1.190423 2.207069 -0.241552
v -1.251645 2.207069 -0.241537
v -1.251546 2.122538 0.167383
v -1.190324 2.122538 0.167368
v -1.190407 2.122539 -0.177092
v -1.251629 2.122539 -0.177077
v -1.251537 2.107809 0.204357
v -1.190315 2.107809 0.204342
v -1.190416 2.107809 -0.214067
v -1.251638 2.107809 -0.214052
v -1.251605 2.318750 -0.078891
v -1.251608 2.403728 -0.090028
v -1.190386 2.329887 -0.090043
v -1.190385 2.398285 -0.087374
v -1.251608 2.273369 -0.090028
v -1.190386 2.273369 -0.090043
v -1.251608 2.196298 -0.090028
v -1.190386 2.196298 -0.090043
v -1.251608 2.137092 -0.090028
v -1.190386 2.137092 -0.090043
v -1.251571 2.318750 0.064329
v -1.190347 2.398285 0.072782
v -1.251568 2.273369 0.075466
v -1.251568 2.196298 0.075466
v -1.251568 2.137092 0.075466
v -1.251568 2.403728 0.075466
v -1.190346 2.329887 0.075451
v -1.190346 2.273369 0.075451
v -1.190346 2.196298 0.075451
v -1.190346 2.137092 0.075451
v -1.190336 2.377884 0.116825
v -1.251558 2.377884 0.116840
v -1.251617 2.377884 -0.126535
v -1.190395 2.377884 -0.126550
v -1.190322 2.375311 0.174377
v -1.251544 2.375311 0.174392
v -1.251631 2.375311 -0.184087
v -1.190409 2.375311 -0.184101
v -1.190319 2.366394 0.185518
v -1.251541 2.366394 0.185533
v -1.251634 2.366394 -0.195228
v -1.190412 2.366394 -0.195243
v -1.190312 2.307162 0.217255
v -1.251534 2.307162 0.217270
v -1.251641 2.307162 -0.226964
v -1.190419 2.307162 -0.226979
v -1.190419 2.206673 -0.225788
v -1.190419 2.274245 -0.224089
v -1.251534 2.206673 0.216078
v -1.251534 2.274245 0.214380
v -1.190312 2.206673 0.216063
v -1.190312 2.274245 0.214365
v -1.251641 2.274245 -0.224074
v -1.251641 2.206673 -0.225773
v -1.190413 2.112964 -0.201126
v -1.251540 2.112964 0.191416
v -1.190318 2.112964 0.191401
v -1.251635 2.112964 -0.201111
v -1.190385 2.383326 -0.087374
v -1.251608 2.377884 -0.090028
v -1.251568 2.377884 0.075466
v -1.190347 2.383326 0.072782
v -1.190336 2.290325 0.116825
v -1.190395 2.290325 -0.126550
v -1.251617 2.290325 -0.126535
v -1.251558 2.290325 0.116840
v -1.251605 2.301462 -0.078891
v -1.190386 2.290325 -0.090043
v -1.251571 2.301462 0.064329
v -1.190346 2.290325 0.075451
v -1.196883 2.329887 0.075453
v -1.196923 2.329887 -0.090042
v -1.196923 2.377884 -0.090042
v -1.196883 2.377884 0.075453
v -1.196923 2.290325 -0.090042
v -1.196883 2.290325 0.075453
v -1.190386 2.403728 -0.090043
v -1.190346 2.403728 0.075451
v -1.190386 2.377884 -0.090043
v -1.190346 2.377884 0.075451
v -1.188288 2.398285 -0.087374
v -1.188249 2.398285 0.072782
v -1.188288 2.383326 -0.087374
v -1.188249 2.383326 0.072782
v -1.188251 2.394552 0.065515
v -1.188270 2.394458 -0.013554
v -1.188259 2.385914 0.032013
v -1.188251 2.394458 0.064617
v -1.188259 2.386009 0.032911
v -1.188270 2.394178 -0.014413
v -1.188251 2.394178 0.063758
v -1.188259 2.386288 0.033770
v -1.188271 2.393727 -0.015195
v -1.188271 2.393123 -0.015866
v -1.188252 2.393727 0.062977
v -1.188259 2.386739 0.034552
v -1.188271 2.392392 -0.016396
v -1.188252 2.393123 0.062306
v -1.188258 2.387343 0.035223
v -1.188252 2.392392 0.061775
v -1.188271 2.391568 -0.016764
v -1.188258 2.388074 0.035753
v -1.188252 2.391568 0.061408
v -1.188271 2.390685 -0.016951
v -1.188258 2.388899 0.036121
v -1.188252 2.390685 0.061220
v -1.188271 2.389782 -0.016951
v -1.188258 2.389782 0.036308
v -1.188271 2.388899 -0.016764
v -1.188258 2.390685 0.036308
v -1.188271 2.388074 -0.016396
v -1.188252 2.389782 0.061220
v -1.188258 2.391568 0.036121
v -1.188271 2.387343 -0.015866
v -1.188252 2.388899 0.061408
v -1.188258 2.392392 0.035753
v -1.188271 2.386739 -0.015195
v -1.188258 2.393123 0.035223
v -1.188270 2.386288 -0.014413
v -1.188252 2.388074 0.061775
v -1.188270 2.386009 -0.013554
v -1.188259 2.393727 0.034552
v -1.188252 2.387343 0.062306
v -1.188270 2.385914 -0.012656
v -1.188259 2.394178 0.033770
v -1.188252 2.386739 0.062977
v -1.188270 2.386009 -0.011758
v -1.188259 2.394458 0.032911
v -1.188251 2.386288 0.063758
v -1.188270 2.386288 -0.010900
v -1.188259 2.394552 0.032013
v -1.188262 2.394552 0.020846
v -1.188269 2.386739 -0.010118
v -1.188251 2.386009 0.064617
v -1.188262 2.394458 0.019948
v -1.188269 2.387343 -0.009447
v -1.188251 2.385914 0.065515
v -1.188262 2.394178 0.019089
v -1.188269 2.388074 -0.008916
v -1.188251 2.386009 0.066413
v -1.188263 2.393727 0.018307
v -1.188269 2.388899 -0.008549
v -1.188251 2.386288 0.067272
v -1.188263 2.393123 0.017636
v -1.188269 2.389782 -0.008361
v -1.188251 2.386739 0.068054
v -1.188263 2.392392 0.017106
v -1.188269 2.390685 -0.008361
v -1.188250 2.387343 0.068725
v -1.188263 2.391568 0.016738
v -1.188269 2.391568 -0.008549
v -1.188250 2.388074 0.069255
v -1.188263 2.390685 0.016551
v -1.188250 2.388899 0.069623
v -1.188269 2.392392 -0.008916
v -1.188263 2.389782 0.016551
v -1.188250 2.389782 0.069810
v -1.188269 2.393123 -0.009447
v -1.188263 2.388899 0.016738
v -1.188250 2.390685 0.069810
v -1.188269 2.393727 -0.010118
v -1.188250 2.391568 0.069623
v -1.188263 2.388074 0.017106
v -1.188270 2.394178 -0.010900
v -1.188250 2.392392 0.069255
v -1.188263 2.387343 0.017636
v -1.188270 2.394458 -0.011758
v -1.188250 2.393123 0.068725
v -1.188263 2.386739 0.018307
v -1.188270 2.394552 -0.012656
v -1.188251 2.393727 0.068054
v -1.188273 2.394552 -0.023823
v -1.188262 2.386288 0.019089
v -1.188273 2.394458 -0.024721
v -1.188251 2.394178 0.067272
v -1.188262 2.386009 0.019948
v -1.188273 2.394178 -0.025580
v -1.188251 2.394458 0.066413
v -1.188262 2.385914 0.020846
v -1.188273 2.393727 -0.026362
v -1.188262 2.386009 0.021744
v -1.188254 2.394552 0.054348
v -1.188254 2.394458 0.053450
v -1.188274 2.393123 -0.027033
v -1.188262 2.386288 0.022602
v -1.188254 2.394178 0.052591
v -1.188274 2.392392 -0.027564
v -1.188261 2.386739 0.023384
v -1.188254 2.393727 0.051809
v -1.188274 2.391568 -0.027931
v -1.188261 2.387343 0.024055
v -1.188255 2.393123 0.051138
v -1.188274 2.390685 -0.028119
v -1.188255 2.392392 0.050608
v -1.188261 2.388074 0.024586
v -1.188274 2.389782 -0.028119
v -1.188255 2.391568 0.050240
v -1.188261 2.388899 0.024953
v -1.188255 2.390685 0.050053
v -1.188261 2.389782 0.025141
v -1.188274 2.388899 -0.027931
v -1.188255 2.389782 0.050053
v -1.188261 2.390685 0.025141
v -1.188274 2.388074 -0.027564
v -1.188255 2.388899 0.050240
v -1.188261 2.391568 0.024953
v -1.188274 2.387343 -0.027033
v -1.188255 2.388074 0.050608
v -1.188261 2.392392 0.024586
v -1.188273 2.386739 -0.026362
v -1.188261 2.393123 0.024055
v -1.188255 2.387343 0.051138
v -1.188273 2.386288 -0.025580
v -1.188261 2.393727 0.023384
v -1.188254 2.386739 0.051809
v -1.188273 2.386009 -0.024721
v -1.188262 2.394178 0.022602
v -1.188254 2.386288 0.052591
v -1.188273 2.385914 -0.023823
v -1.188254 2.386009 0.053450
v -1.188262 2.394458 0.021744
v -1.188254 2.385914 0.054348
v -1.188265 2.394552 0.009678
v -1.188265 2.394458 0.008781
v -1.188254 2.386009 0.055246
v -1.188265 2.394178 0.007922
v -1.188253 2.386288 0.056104
v -1.188273 2.386009 -0.022926
v -1.188265 2.393727 0.007140
v -1.188253 2.386739 0.056886
v -1.188272 2.386288 -0.022067
v -1.188265 2.393123 0.006469
v -1.188253 2.387343 0.057557
v -1.188272 2.386739 -0.021285
v -1.188266 2.392392 0.005938
v -1.188253 2.388074 0.058088
v -1.188272 2.387343 -0.020614
v -1.188266 2.391568 0.005571
v -1.188253 2.388899 0.058455
v -1.188272 2.388074 -0.020083
v -1.188266 2.390685 0.005383
v -1.188253 2.389782 0.058643
v -1.188272 2.388899 -0.019716
v -1.188253 2.390685 0.058643
v -1.188266 2.389782 0.005383
v -1.188272 2.389782 -0.019528
v -1.188253 2.391568 0.058455
v -1.188266 2.388899 0.005571
v -1.188272 2.390685 -0.019528
v -1.188253 2.392392 0.058088
v -1.188266 2.388074 0.005938
v -1.188272 2.391568 -0.019716
v -1.188253 2.393123 0.057557
v -1.188265 2.387343 0.006469
v -1.188272 2.392392 -0.020083
v -1.188265 2.386739 0.007140
v -1.188272 2.393123 -0.020614
v -1.188272 2.393727 -0.021285
v -1.188265 2.386288 0.007922
v -1.188272 2.394178 -0.022067
v -1.188265 2.386009 0.008781
v -1.188273 2.394458 -0.022926
v -1.188265 2.385914 0.009678
v -1.188264 2.386009 0.010576
v -1.188275 2.394552 -0.034991
v -1.188276 2.394458 -0.035889
v -1.188264 2.386288 0.011435
v -1.188276 2.394178 -0.036747
v -1.188264 2.386739 0.012217
v -1.188276 2.393727 -0.037529
v -1.188264 2.387343 0.012888
v -1.188276 2.393123 -0.038200
v -1.188264 2.388074 0.013419
v -1.188264 2.388899 0.013786
v -1.188276 2.392392 -0.038731
v -1.188264 2.389782 0.013974
v -1.188276 2.391568 -0.039098
v -1.188264 2.390685 0.013974
v -1.188277 2.390685 -0.039286
v -1.188264 2.391568 0.013786
v -1.188277 2.389782 -0.039286
v -1.188264 2.392392 0.013419
v -1.188276 2.388899 -0.039098
v -1.188264 2.393123 0.012888
v -1.188276 2.388074 -0.038731
v -1.188264 2.393727 0.012217
v -1.188276 2.387343 -0.038200
v -1.188264 2.394178 0.011435
v -1.188264 2.394458 0.010576
v -1.188276 2.386739 -0.037529
v -1.188253 2.393727 0.056886
v -1.188276 2.386288 -0.036747
v -1.188267 2.394552 -0.001489
v -1.188253 2.394178 0.056104
v -1.188276 2.386009 -0.035889
v -1.188268 2.394458 -0.002387
v -1.188275 2.385914 -0.034991
v -1.188268 2.394178 -0.003245
v -1.188254 2.394458 0.055246
v -1.188275 2.386009 -0.034093
v -1.188268 2.393727 -0.004027
v -1.188275 2.386288 -0.033234
v -1.188268 2.393123 -0.004698
v -1.188257 2.394552 0.043180
v -1.188257 2.394458 0.042283
v -1.188275 2.386739 -0.032452
v -1.188268 2.392392 -0.005229
v -1.188257 2.394178 0.041424
v -1.188275 2.387343 -0.031781
v -1.188268 2.391568 -0.005596
v -1.188275 2.388074 -0.031251
v -1.188257 2.393727 0.040642
v -1.188268 2.390685 -0.005784
v -1.188275 2.388899 -0.030883
v -1.188257 2.393123 0.039971
v -1.188268 2.389782 -0.005784
v -1.188257 2.392392 0.039440
v -1.188268 2.388899 -0.005596
v -1.188274 2.389782 -0.030696
v -1.188258 2.391568 0.039073
v -1.188268 2.388074 -0.005229
v -1.188274 2.390685 -0.030696
v -1.188258 2.390685 0.038885
v -1.188275 2.391568 -0.030883
v -1.188268 2.387343 -0.004698
v -1.188258 2.389782 0.038885
v -1.188275 2.392392 -0.031251
v -1.188268 2.386739 -0.004027
v -1.188258 2.388899 0.039073
v -1.188268 2.386288 -0.003245
v -1.188275 2.393123 -0.031781
v -1.188257 2.388074 0.039440
v -1.188268 2.386009 -0.002387
v -1.188275 2.393727 -0.032452
v -1.188257 2.387343 0.039971
v -1.188267 2.385914 -0.001489
v -1.188275 2.394178 -0.033234
v -1.188257 2.386739 0.040642
v -1.188267 2.386009 -0.000591
v -1.188275 2.394458 -0.034093
v -1.188257 2.386288 0.041424
v -1.188267 2.386288 0.000268
v -1.188267 2.386739 0.001050
v -1.188278 2.394552 -0.046158
v -1.188257 2.386009 0.042283
v -1.188278 2.394458 -0.047056
v -1.188267 2.387343 0.001721
v -1.188279 2.394178 -0.047915
v -1.188266 2.388074 0.002251
v -1.188257 2.385914 0.043180
v -1.188279 2.393727 -0.048697
v -1.188266 2.388899 0.002619
v -1.188256 2.386009 0.044078
v -1.188279 2.393123 -0.049368
v -1.188266 2.389782 0.002806
v -1.188256 2.386288 0.044937
v -1.188279 2.392392 -0.049898
v -1.188266 2.390685 0.002806
v -1.188256 2.386739 0.045719
v -1.188279 2.391568 -0.050266
v -1.188266 2.391568 0.002619
v -1.188256 2.387343 0.046390
v -1.188279 2.390685 -0.050453
v -1.188266 2.392392 0.002251
v -1.188256 2.388074 0.046921
v -1.188279 2.389782 -0.050453
v -1.188267 2.393123 0.001721
v -1.188256 2.388899 0.047288
v -1.188279 2.388899 -0.050266
v -1.188267 2.393727 0.001050
v -1.188256 2.389782 0.047476
v -1.188279 2.388074 -0.049898
v -1.188267 2.394178 0.000268
v -1.188256 2.390685 0.047476
v -1.188279 2.387343 -0.049368
v -1.188267 2.394458 -0.000591
v -1.188256 2.391568 0.047288
v -1.188279 2.386739 -0.048697
v -1.188256 2.392392 0.046921
v -1.188260 2.394178 0.030257
v -1.188256 2.393123 0.046390
v -1.188260 2.393727 0.029475
v -1.188260 2.393123 0.028804
v -1.188256 2.393727 0.045719
v -1.188279 2.386288 -0.047915
v -1.188260 2.392392 0.028273
v -1.188256 2.394178 0.044937
v -1.188278 2.386009 -0.047056
v -1.188260 2.391568 0.027906
v -1.188256 2.394458 0.044078
v -1.188278 2.385914 -0.046158
v -1.188260 2.390685 0.027718
v -1.188278 2.386009 -0.045260
v -1.188260 2.389782 0.027718
v -1.188259 2.394458 0.031115
v -1.188260 2.388899 0.027906
v -1.188278 2.386288 -0.044402
v -1.188285 2.389782 -0.072788
v -1.188285 2.388899 -0.072600
v -1.188278 2.386739 -0.043620
v -1.188260 2.388074 0.028273
v -1.188285 2.388074 -0.072233
v -1.188277 2.387343 -0.042949
v -1.188260 2.387343 0.028804
v -1.188284 2.387343 -0.071702
v -1.188277 2.388074 -0.042418
v -1.188260 2.386739 0.029475
v -1.188284 2.386739 -0.071031
v -1.188277 2.388899 -0.042051
v -1.188260 2.386288 0.030257
v -1.188284 2.386288 -0.070249
v -1.188277 2.389782 -0.041863
v -1.188259 2.386009 0.031115
v -1.188284 2.386009 -0.069391
v -1.188277 2.390685 -0.041863
v -1.188284 2.385914 -0.068493
v -1.188287 2.392392 -0.083400
v -1.188277 2.391568 -0.042051
v -1.188283 2.386009 -0.067595
v -1.188287 2.391568 -0.083768
v -1.188277 2.392392 -0.042418
v -1.188287 2.390685 -0.083955
v -1.188283 2.386288 -0.066736
v -1.188277 2.393123 -0.042949
v -1.188287 2.389782 -0.083955
v -1.188283 2.386739 -0.065954
v -1.188278 2.393727 -0.043620
v -1.188287 2.388899 -0.083768
v -1.188278 2.394178 -0.044402
v -1.188283 2.387343 -0.065283
v -1.188287 2.388074 -0.083400
v -1.188278 2.394458 -0.045260
v -1.188283 2.388074 -0.064753
v -1.188287 2.387343 -0.082870
v -1.188283 2.388899 -0.064385
v -1.188281 2.394552 -0.057325
v -1.188287 2.386739 -0.082199
v -1.188281 2.394458 -0.058223
v -1.188282 2.389782 -0.064198
v -1.188287 2.386288 -0.081417
v -1.188281 2.394178 -0.059082
v -1.188282 2.390685 -0.064198
v -1.188287 2.386009 -0.080558
v -1.188282 2.393727 -0.059864
v -1.188283 2.391568 -0.064385
v -1.188286 2.385914 -0.079660
v -1.188282 2.393123 -0.060535
v -1.188283 2.392392 -0.064753
v -1.188286 2.386009 -0.078762
v -1.188283 2.393123 -0.065283
v -1.188282 2.392392 -0.061066
v -1.188286 2.386288 -0.077904
v -1.188283 2.393727 -0.065954
v -1.188282 2.391568 -0.061433
v -1.188286 2.386739 -0.077122
v -1.188283 2.394178 -0.066736
v -1.188282 2.390685 -0.061621
v -1.188285 2.387343 -0.076451
v -1.188283 2.394458 -0.067595
v -1.188282 2.389782 -0.061621
v -1.188285 2.388074 -0.075920
v -1.188285 2.388899 -0.075553
v -1.188282 2.388899 -0.061433
v -1.188285 2.389782 -0.075365
v -1.188282 2.388074 -0.061066
v -1.188285 2.390685 -0.075365
v -1.188282 2.387343 -0.060535
v -1.188285 2.391568 -0.075553
v -1.188282 2.386739 -0.059864
v -1.188284 2.394552 -0.068493
v -1.188285 2.392392 -0.075920
v -1.188281 2.386288 -0.059082
v -1.188286 2.394552 -0.079660
v -1.188287 2.394458 -0.080558
v -1.188285 2.393123 -0.076451
v -1.188281 2.386009 -0.058223
v -1.188287 2.394178 -0.081417
v -1.188286 2.393727 -0.077122
v -1.188281 2.385914 -0.057325
v -1.188287 2.393727 -0.082199
v -1.188281 2.386009 -0.056428
v -1.188286 2.394178 -0.077904
v -1.188287 2.393123 -0.082870
v -1.188280 2.386288 -0.055569
v -1.188286 2.394458 -0.078762
v -1.188280 2.392392 -0.053585
v -1.188280 2.386739 -0.054787
v -1.188280 2.387343 -0.054116
v -1.188280 2.393123 -0.054116
v -1.188280 2.388074 -0.053585
v -1.188280 2.393727 -0.054787
v -1.188280 2.388899 -0.053218
v -1.188280 2.394178 -0.055569
v -1.188280 2.389782 -0.053030
v -1.188281 2.394458 -0.056428
v -1.188280 2.390685 -0.053030
v -1.188284 2.394458 -0.069391
v -1.188280 2.391568 -0.053218
v -1.188284 2.394178 -0.070249
v -1.188284 2.393727 -0.071031
v -1.188284 2.393123 -0.071702
v -1.188285 2.392392 -0.072233
v -1.188285 2.391568 -0.072600
v -1.188285 2.390685 -0.072788
v -1.251608 2.329887 -0.090028
v -1.251568 2.329887 0.075466
v -1.251608 2.290325 -0.090028
v -1.251568 2.290325 0.075466
v -1.269765 2.318750 -0.078886
v -1.269730 2.318750 0.064333
v -1.269765 2.301462 -0.078886
v -1.269730 2.301462 0.064333
v -1.269936 2.294200 0.088682
v -1.269936 2.321924 0.088682
v -1.269983 2.294200 -0.103235
v -1.269983 2.321924 -0.103235
v -1.269766 2.321924 -0.082060
v -1.269729 2.321924 0.067507
v -1.269766 2.298288 -0.082060
v -1.269729 2.298288 0.067507
v -1.276573 2.321341 -0.081476
v -1.276537 2.321341 0.066926
v -1.276573 2.298871 -0.081476
v -1.276537 2.298871 0.066926
v -1.276790 2.321341 -0.102651
v -1.276790 2.294782 -0.102651
v -1.276744 2.321341 0.088101
v -1.276744 2.294782 0.088101
v -1.277437 2.321341 0.159125
v -1.277437 2.283383 0.159125
v -1.277517 2.321341 -0.173675
v -1.277517 2.283383 -0.173675
v -1.270629 2.321924 0.159706
v -1.270629 2.282800 0.159706
v -1.270710 2.321924 -0.174259
v -1.270710 2.282800 -0.174259
vn 1.0000 -0.0000 -0.0002
vn -1.0000 -0.0000 0.0002
vn -0.0000 1.0000 -0.0000
vn 0.0002 0.7335 0.6797
vn -0.0000 0.9887 -0.1499
vn -0.0000 0.9887 0.1499
vn 0.0001 -0.9565 0.2918
vn -0.0001 -0.9565 -0.2918
vn -0.0002 0.4918 -0.8707
vn -0.0001 -0.8704 -0.4923
vn 0.0001 -0.8704 0.4923
vn -0.0002 0.7335 -0.6797
vn 0.0002 -0.1430 0.9897
vn 0.0002 0.4918 0.8707
vn -0.0002 -0.3998 -0.9166
vn 0.0002 -0.3998 0.9166
vn -0.0001 0.8946 -0.4469
vn 0.0002 -0.0000 1.0000
vn -0.0002 -0.0000 -1.0000
vn -0.0001 -0.9143 -0.4051
vn 0.0002 -0.5363 0.8440
vn 0.0001 0.8946 0.4469
vn -0.0002 -0.5363 -0.8440
vn -0.0000 -1.0000 -0.0000
vn -0.0002 0.7299 -0.6835
vn -0.0001 -0.8938 -0.4484
vn -0.0001 -0.8998 -0.4364
vn -0.0000 0.9942 -0.1074
vn 0.0001 -0.8998 0.4364
vn -0.0000 0.9942 0.1074
vn 0.0001 -0.8938 0.4484
vn 0.0002 0.7299 0.6835
vn 0.0002 0.0251 0.9997
vn -0.0002 0.0251 -0.9997
vn -0.0002 -0.2669 -0.9637
vn 0.0002 -0.0814 0.9967
vn -0.0002 -0.0814 -0.9967
vn -0.0002 -0.1430 -0.9897
vn -0.0001 -0.9290 -0.3701
vn 0.0001 -0.9290 0.3701
vn -0.0002 0.2268 -0.9739
vn 0.0002 -0.2669 0.9637
vn 0.0002 0.2268 0.9739
vn 0.0001 -0.9314 0.3641
vn -0.0000 -0.9945 0.1045
vn 0.0001 -0.9511 0.3090
vn 0.0001 -0.8660 0.5000
vn 0.0002 -0.7431 0.6691
vn 0.0002 -0.5878 0.8090
vn 0.0002 -0.4067 0.9135
vn 0.0002 -0.2079 0.9781
vn 0.0002 0.2079 0.9781
vn 0.0002 0.4067 0.9135
vn 0.0002 0.5878 0.8090
vn 0.0002 0.7431 0.6691
vn 0.0001 0.8660 0.5000
vn 0.0001 0.9511 0.3090
vn -0.0000 0.9945 0.1045
vn -0.0000 0.9945 -0.1045
vn -0.0001 0.9511 -0.3090
vn -0.0001 0.8660 -0.5000
vn -0.0002 0.7431 -0.6691
vn -0.0002 0.5878 -0.8090
vn -0.0002 0.4067 -0.9135
vn -0.0002 0.2079 -0.9781
vn -0.0002 -0.2079 -0.9781
vn -0.0002 -0.4067 -0.9135
vn -0.0002 -0.5878 -0.8090
vn -0.0002 -0.7431 -0.6691
vn -0.0001 -0.8660 -0.5000
vn -0.0001 -0.9511 -0.3090
vn -0.0000 -0.9945 -0.1045
vn 0.0002 0.4068 0.9135
vn -0.0002 0.4068 -0.9135
vn -0.0002 -0.4068 -0.9135
vn -0.0707 -0.9848 -0.1588
vn -0.0853 -0.9964 -0.0000
vn -0.0852 0.9964 0.0009
vn 0.9999 -0.0000 -0.0102
vn -0.0853 0.9964 -0.0000
vn -0.0676 -0.9795 -0.1898
vn -1.0000 -0.0000 -0.0098
vn 1.0000 -0.0000 0.0098
vn -0.0852 0.9964 -0.0008
vn -0.0675 -0.9795 0.1898
vn -0.9999 -0.0000 0.0102
vn -0.0855 -0.0000 -0.9963
vn -0.0850 -0.0000 0.9964
vn -0.0706 -0.9848 0.1588
vt 1.000000 0.500000
vt -0.000000 0.500000
vt 0.750000 0.490000
vt 0.966667 0.500000
vt 0.799899 0.484755
vt 0.933333 0.500000
vt 0.847617 0.469251
vt 0.900000 0.500000
vt 0.891068 0.444164
vt 0.866667 0.500000
vt 0.928355 0.410591
vt 0.833333 0.500000
vt 0.957846 0.370000
vt 0.800000 0.500000
vt 0.978254 0.324164
vt 0.766666 0.500000
vt 0.988685 0.275087
vt 0.733333 0.500000
vt 0.988685 0.224913
vt 0.700000 0.500000
vt 0.978254 0.175836
vt 0.666666 0.500000
vt 0.957846 0.130000
vt 0.633333 0.500000
vt 0.928355 0.089409
vt 0.600000 0.500000
vt 0.891068 0.055836
vt 0.566666 0.500000
vt 0.847617 0.030749
vt 0.533333 0.500000
vt 0.799899 0.015245
vt 0.500000 0.500000
vt 0.750000 0.010000
vt 0.466666 0.500000
vt 0.700101 0.015245
vt 0.433333 0.500000
vt 0.652383 0.030749
vt 0.400000 0.500000
vt 0.608932 0.055836
vt 0.366666 0.500000
vt 0.571645 0.089409
vt 0.333333 0.500000
vt 0.542154 0.130000
vt 0.300000 0.500000
vt 0.521746 0.175836
vt 0.266666 0.500000
vt 0.511315 0.224913
vt 0.233333 0.500000
vt 0.511315 0.275087
vt 0.200000 0.500000
vt 0.521746 0.324164
vt 0.166666 0.500000
vt 0.542154 0.370000
vt 0.133333 0.500000
vt 0.571645 0.410591
vt 0.100000 0.500000
vt 0.608931 0.444164
vt 0.066666 0.500000
vt 0.652383 0.469251
vt 0.033333 0.500000
vt 0.700101 0.484755
vt 1.000000 0.500000
vt -0.000000 0.500000
vt 0.750000 0.490000
vt 0.966667 0.500000
vt 0.799899 0.484755
vt 0.933333 0.500000
vt 0.847617 0.469251
vt 0.900000 0.500000
vt 0.891068 0.444164
vt 0.866667 0.500000
vt 0.928355 0.410591
vt 0.833333 0.500000
vt 0.957846 0.370000
vt 0.800000 0.500000
vt 0.978254 0.324164
vt 0.766666 0.500000
vt 0.988685 0.275087
vt 0.733333 0.500000
vt 0.988685 0.224913
vt 0.700000 0.500000
vt 0.978254 0.175836
vt 0.666666 0.500000
vt 0.957846 0.130000
vt 0.633333 0.500000
vt 0.928355 0.089409
vt 0.600000 0.500000
vt 0.891068 0.055836
vt 0.566666 0.500000
vt 0.847617 0.030749
vt 0.533333 0.500000
vt 0.799899 0.015245
vt 0.500000 0.500000
vt 0.750000 0.010000
vt 0.466666 0.500000
vt 0.700101 0.015245
vt 0.433333 0.500000
vt 0.652383 0.030749
vt 0.400000 0.500000
vt 0.608932 0.055836
vt 0.366666 0.500000
vt 0.571645 0.089409
vt 0.333333 0.500000
vt 0.542154 0.130000
vt 0.300000 0.500000
vt 0.521746 0.175836
vt 0.266666 0.500000
vt 0.511315 0.224913
vt 0.233333 0.500000
vt 0.511315 0.275087
vt 0.200000 0.500000
vt 0.521746 0.324164
vt 0.166666 0.500000
vt 0.542154 0.370000
vt 0.133333 0.500000
vt 0.571645 0.410591
vt 0.100000 0.500000
vt 0.608931 0.444164
vt 0.066666 0.500000
vt 0.652383 0.469251
vt 0.033333 0.500000
vt 0.700101 0.484755
vt 1.000000 0.500000
vt -0.000000 0.500000
vt 0.750000 0.490000
vt 0.966667 0.500000
vt 0.799899 0.484755
vt 0.933333 0.500000
vt 0.847617 0.469251
vt 0.900000 0.500000
vt 0.891068 0.444164
vt 0.866667 0.500000
vt 0.928355 0.410591
vt 0.833333 0.500000
vt 0.957846 0.370000
vt 0.800000 0.500000
vt 0.978254 0.324164
vt 0.766666 0.500000
vt 0.988685 0.275087
vt 0.733333 0.500000
vt 0.988685 0.224913
vt 0.700000 0.500000
vt 0.978254 0.175836
vt 0.666666 0.500000
vt 0.957846 0.130000
vt 0.633333 0.500000
vt 0.928355 0.089409
vt 0.600000 0.500000
vt 0.891068 0.055836
vt 0.566666 0.500000
vt 0.847617 0.030749
vt 0.533333 0.500000
vt 0.799899 0.015245
vt 0.500000 0.500000
vt 0.750000 0.010000
vt 0.466666 0.500000
vt 0.700101 0.015245
vt 0.433333 0.500000
vt 0.652383 0.030749
vt 0.400000 0.500000
vt 0.608932 0.055836
vt 0.366666 0.500000
vt 0.571645 0.089409
vt 0.333333 0.500000
vt 0.542154 0.130000
vt 0.300000 0.500000
vt 0.521746 0.175836
vt 0.266666 0.500000
vt 0.511315 0.224913
vt 0.233333 0.500000
vt 0.511315 0.275087
vt 0.200000 0.500000
vt 0.521746 0.324164
vt 0.166666 0.500000
vt 0.542154 0.370000
vt 0.133333 0.500000
vt 0.571645 0.410591
vt 0.100000 0.500000
vt 0.608931 0.444164
vt 0.066666 0.500000
vt 0.652383 0.469251
vt 0.033333 0.500000
vt 0.700101 0.484755
vt 1.000000 0.500000
vt -0.000000 0.500000
vt 0.750000 0.490000
vt 0.966667 0.500000
vt 0.799899 0.484755
vt 0.933333 0.500000
vt 0.847617 0.469251
vt 0.900000 0.500000
vt 0.891068 0.444164
vt 0.866667 0.500000
vt 0.928355 0.410591
vt 0.833333 0.500000
vt 0.957846 0.370000
vt 0.800000 0.500000
vt 0.978254 0.324164
vt 0.766666 0.500000
vt 0.988685 0.275087
vt 0.733333 0.500000
vt 0.988685 0.224913
vt 0.700000 0.500000
vt 0.978254 0.175836
vt 0.666666 0.500000
vt 0.957846 0.130000
vt 0.633333 0.500000
vt 0.928355 0.089409
vt 0.600000 0.500000
vt 0.891068 0.055836
vt 0.566666 0.500000
vt 0.847617 0.030749
vt 0.533333 0.500000
vt 0.799899 0.015245
vt 0.500000 0.500000
vt 0.750000 0.010000
vt 0.466666 0.500000
vt 0.700101 0.015245
vt 0.433333 0.500000
vt 0.652383 0.030749
vt 0.400000 0.500000
vt 0.608932 0.055836
vt 0.366666 0.500000
vt 0.571645 0.089409
vt 0.333333 0.500000
vt 0.542154 0.130000
vt 0.300000 0.500000
vt 0.521746 0.175836
vt 0.266666 0.500000
vt 0.511315 0.224913
vt 0.233333 0.500000
vt 0.511315 0.275087
vt 0.200000 0.500000
vt 0.521746 0.324164
vt 0.166666 0.500000
vt 0.542154 0.370000
vt 0.133333 0.500000
vt 0.571645 0.410591
vt 0.100000 0.500000
vt 0.608931 0.444164
vt 0.066666 0.500000
vt 0.652383 0.469251
vt 0.033333 0.500000
vt 0.700101 0.484755
vt 1.000000 0.500000
vt -0.000000 0.500000
vt 0.750000 0.490000
vt 0.966667 0.500000
vt 0.799899 0.484755
vt 0.933333 0.500000
vt 0.847617 0.469251
vt 0.900000 0.500000
vt 0.891068 0.444164
vt 0.866667 0.500000
vt 0.928355 0.410591
vt 0.833333 0.500000
vt 0.957846 0.370000
vt 0.800000 0.500000
vt 0.978254 0.324164
vt 0.766666 0.500000
vt 0.988685 0.275087
vt 0.733333 0.500000
vt 0.988685 0.224913
vt 0.700000 0.500000
vt 0.978254 0.175836
vt 0.666666 0.500000
vt 0.957846 0.130000
vt 0.633333 0.500000
vt 0.928355 0.089409
vt 0.600000 0.500000
vt 0.891068 0.055836
vt 0.566666 0.500000
vt 0.847617 0.030749
vt 0.533333 0.500000
vt 0.799899 0.015245
vt 0.500000 0.500000
vt 0.750000 0.010000
vt 0.466666 0.500000
vt 0.700101 0.015245
vt 0.433333 0.500000
vt 0.652383 0.030749
vt 0.400000 0.500000
vt 0.608932 0.055836
vt 0.366666 0.500000
vt 0.571645 0.089409
vt 0.333333 0.500000
vt 0.542154 0.130000
vt 0.300000 0.500000
vt 0.521746 0.175836
vt 0.266666 0.500000
vt 0.511315 0.224913
vt 0.233333 0.500000
vt 0.511315 0.275087
vt 0.200000 0.500000
vt 0.521746 0.324164
vt 0.166666 0.500000
vt 0.542154 0.370000
vt 0.133333 0.500000
vt 0.571645 0.410591
vt 0.100000 0.500000
vt 0.608931 0.444164
vt 0.066666 0.500000
vt 0.652383 0.469251
vt 0.033333 0.500000
vt 0.700101 0.484755
vt 1.000000 0.500000
vt -0.000000 0.500000
vt 0.750000 0.490000
vt 0.966667 0.500000
vt 0.799899 0.484755
vt 0.933333 0.500000
vt 0.847617 0.469251
vt 0.900000 0.500000
vt 0.891068 0.444164
vt 0.866667 0.500000
vt 0.928355 0.410591
vt 0.833333 0.500000
vt 0.957846 0.370000
vt 0.800000 0.500000
vt 0.978254 0.324164
vt 0.766666 0.500000
vt 0.988685 0.275087
vt 0.733333 0.500000
vt 0.988685 0.224913
vt 0.700000 0.500000
vt 0.978254 0.175836
vt 0.666666 0.500000
vt 0.957846 0.130000
vt 0.633333 0.500000
vt 0.928355 0.089409
vt 0.600000 0.500000
vt 0.891068 0.055836
vt 0.566666 0.500000
vt 0.847617 0.030749
vt 0.533333 0.500000
vt 0.799899 0.015245
vt 0.500000 0.500000
vt 0.750000 0.010000
vt 0.466666 0.500000
vt 0.700101 0.015245
vt 0.433333 0.500000
vt 0.652383 0.030749
vt 0.400000 0.500000
vt 0.608932 0.055836
vt 0.366666 0.500000
vt 0.571645 0.089409
vt 0.333333 0.500000
vt 0.542154 0.130000
vt 0.300000 0.500000
vt 0.521746 0.175836
vt 0.266666 0.500000
vt 0.511315 0.224913
vt 0.233333 0.500000
vt 0.511315 0.275087
vt 0.200000 0.500000
vt 0.521746 0.324164
vt 0.166666 0.500000
vt 0.542154 0.370000
vt 0.133333 0.500000
vt 0.571645 0.410591
vt 0.100000 0.500000
vt 0.608931 0.444164
vt 0.066666 0.500000
vt 0.652383 0.469251
vt 0.033333 0.500000
vt 0.700101 0.484755
vt 1.000000 0.500000
vt -0.000000 0.500000
vt 0.750000 0.490000
vt 0.966667 0.500000
vt 0.799899 0.484755
vt 0.933333 0.500000
vt 0.847617 0.469251
vt 0.900000 0.500000
vt 0.891068 0.444164
vt 0.866667 0.500000
vt 0.928355 0.410591
vt 0.833333 0.500000
vt 0.957846 0.370000
vt 0.800000 0.500000
vt 0.978254 0.324164
vt 0.766666 0.500000
vt 0.988685 0.275087
vt 0.733333 0.500000
vt 0.988685 0.224913
vt 0.700000 0.500000
vt 0.978254 0.175836
vt 0.666666 0.500000
vt 0.957846 0.130000
vt 0.633333 0.500000
vt 0.928355 0.089409
vt 0.600000 0.500000
vt 0.891068 0.055836
vt 0.566666 0.500000
vt 0.847617 0.030749
vt 0.533333 0.500000
vt 0.799899 0.015245
vt 0.500000 0.500000
vt 0.750000 0.010000
vt 0.466666 0.500000
vt 0.700101 0.015245
vt 0.433333 0.500000
vt 0.652383 0.030749
vt 0.400000 0.500000
vt 0.608932 0.055836
vt 0.366666 0.500000
vt 0.571645 0.089409
vt 0.333333 0.500000
vt 0.542154 0.130000
vt 0.300000 0.500000
vt 0.521746 0.175836
vt 0.266666 0.500000
vt 0.511315 0.224913
vt 0.233333 0.500000
vt 0.511315 0.275087
vt 0.200000 0.500000
vt 0.521746 0.324164
vt 0.166666 0.500000
vt 0.542154 0.370000
vt 0.133333 0.500000
vt 0.571645 0.410591
vt 0.100000 0.500000
vt 0.608931 0.444164
vt 0.066666 0.500000
vt 0.652383 0.469251
vt 0.033333 0.500000
vt 0.700101 0.484755
vt 1.000000 0.500000
vt -0.000000 0.500000
vt 0.750000 0.490000
vt 0.966667 0.500000
vt 0.799899 0.484755
vt 0.933333 0.500000
vt 0.847617 0.469251
vt 0.900000 0.500000
vt 0.891068 0.444164
vt 0.866667 0.500000
vt 0.928355 0.410591
vt 0.833333 0.500000
vt 0.957846 0.370000
vt 0.800000 0.500000
vt 0.978254 0.324164
vt 0.766666 0.500000
vt 0.988685 0.275087
vt 0.733333 0.500000
vt 0.988685 0.224913
vt 0.700000 0.500000
vt 0.978254 0.175836
vt 0.666666 0.500000
vt 0.957846 0.130000
vt 0.633333 0.500000
vt 0.928355 0.089409
vt 0.600000 0.500000
vt 0.891068 0.055836
vt 0.566666 0.500000
vt 0.847617 0.030749
vt 0.533333 0.500000
vt 0.799899 0.015245
vt 0.500000 0.500000
vt 0.750000 0.010000
vt 0.466666 0.500000
vt 0.700101 0.015245
vt 0.433333 0.500000
vt 0.652383 0.030749
vt 0.400000 0.500000
vt 0.608932 0.055836
vt 0.366666 0.500000
vt 0.571645 0.089409
vt 0.333333 0.500000
vt 0.542154 0.130000
vt 0.300000 0.500000
vt 0.521746 0.175836
vt 0.266666 0.500000
vt 0.511315 0.224913
vt 0.233333 0.500000
vt 0.511315 0.275087
vt 0.200000 0.500000
vt 0.521746 0.324164
vt 0.166666 0.500000
vt 0.542154 0.370000
vt 0.133333 0.500000
vt 0.571645 0.410591
vt 0.100000 0.500000
vt 0.608931 0.444164
vt 0.066666 0.500000
vt 0.652383 0.469251
vt 0.033333 0.500000
vt 0.700101 0.484755
vt 1.000000 0.500000
vt -0.000000 0.500000
vt 0.750000 0.490000
vt 0.966667 0.500000
vt 0.799899 0.484755
vt 0.933333 0.500000
vt 0.847617 0.469251
vt 0.900000 0.500000
vt 0.891068 0.444164
vt 0.866667 0.500000
vt 0.928355 0.410591
vt 0.833333 0.500000
vt 0.957846 0.370000
vt 0.800000 0.500000
vt 0.978254 0.324164
vt 0.766666 0.500000
vt 0.988685 0.275087
vt 0.733333 0.500000
vt 0.988685 0.224913
vt 0.700000 0.500000
vt 0.978254 0.175836
vt 0.666666 0.500000
vt 0.957846 0.130000
vt 0.633333 0.500000
vt 0.928355 0.089409
vt 0.600000 0.500000
vt 0.891068 0.055836
vt 0.566666 0.500000
vt 0.847617 0.030749
vt 0.533333 0.500000
vt 0.799899 0.015245
vt 0.500000 0.500000
vt 0.750000 0.010000
vt 0.466666 0.500000
vt 0.700101 0.015245
vt 0.433333 0.500000
vt 0.652383 0.030749
vt 0.400000 0.500000
vt 0.608932 0.055836
vt 0.366666 0.500000
vt 0.571645 0.089409
vt 0.333333 0.500000
vt 0.542154 0.130000
vt 0.300000 0.500000
vt 0.521746 0.175836
vt 0.266666 0.500000
vt 0.511315 0.224913
vt 0.233333 0.500000
vt 0.511315 0.275087
vt 0.200000 0.500000
vt 0.521746 0.324164
vt 0.166666 0.500000
vt 0.542154 0.370000
vt 0.133333 0.500000
vt 0.571645 0.410591
vt 0.100000 0.500000
vt 0.608931 0.444164
vt 0.066666 0.500000
vt 0.652383 0.469251
vt 0.033333 0.500000
vt 0.700101 0.484755
vt 1.000000 0.500000
vt -0.000000 0.500000
vt 0.750000 0.490000
vt 0.966667 0.500000
vt 0.799899 0.484755
vt 0.933333 0.500000
vt 0.847617 0.469251
vt 0.900000 0.500000
vt 0.891068 0.444164
vt 0.866667 0.500000
vt 0.928355 0.410591
vt 0.833333 0.500000
vt 0.957846 0.370000
vt 0.800000 0.500000
vt 0.978254 0.324164
vt 0.766666 0.500000
vt 0.988685 0.275087
vt 0.733333 0.500000
vt 0.988685 0.224913
vt 0.700000 0.500000
vt 0.978254 0.175836
vt 0.666666 0.500000
vt 0.957846 0.130000
vt 0.633333 0.500000
vt 0.928355 0.089409
vt 0.600000 0.500000
vt 0.891068 0.055836
vt 0.566666 0.500000
vt 0.847617 0.030749
vt 0.533333 0.500000
vt 0.799899 0.015245
vt 0.500000 0.500000
vt 0.750000 0.010000
vt 0.466666 0.500000
vt 0.700101 0.015245
vt 0.433333 0.500000
vt 0.652383 0.030749
vt 0.400000 0.500000
vt 0.608932 0.055836
vt 0.366666 0.500000
vt 0.571645 0.089409
vt 0.333333 0.500000
vt 0.542154 0.130000
vt 0.300000 0.500000
vt 0.521746 0.175836
vt 0.266666 0.500000
vt 0.511315 0.224913
vt 0.233333 0.500000
vt 0.511315 0.275087
vt 0.200000 0.500000
vt 0.521746 0.324164
vt 0.166666 0.500000
vt 0.542154 0.370000
vt 0.133333 0.500000
vt 0.571645 0.410591
vt 0.100000 0.500000
vt 0.608931 0.444164
vt 0.066666 0.500000
vt 0.652383 0.469251
vt 0.033333 0.500000
vt 0.700101 0.484755
vt 1.000000 0.500000
vt -0.000000 0.500000
vt 0.750000 0.490000
vt 0.966667 0.500000
vt 0.799899 0.484755
vt 0.933333 0.500000
vt 0.847617 0.469251
vt 0.900000 0.500000
vt 0.891068 0.444164
vt 0.866667 0.500000
vt 0.928355 0.410591
vt 0.833333 0.500000
vt 0.957846 0.370000
vt 0.800000 0.500000
vt 0.978254 0.324164
vt 0.766666 0.500000
vt 0.988685 0.275087
vt 0.733333 0.500000
vt 0.988685 0.224913
vt 0.700000 0.500000
vt 0.978254 0.175836
vt 0.666666 0.500000
vt 0.957846 0.130000
vt 0.633333 0.500000
vt 0.928355 0.089409
vt 0.600000 0.500000
vt 0.891068 0.055836
vt 0.566666 0.500000
vt 0.847617 0.030749
vt 0.533333 0.500000
vt 0.799899 0.015245
vt 0.500000 0.500000
vt 0.750000 0.010000
vt 0.466666 0.500000
vt 0.700101 0.015245
vt 0.433333 0.500000
vt 0.652383 0.030749
vt 0.400000 0.500000
vt 0.608932 0.055836
vt 0.366666 0.500000
vt 0.571645 0.089409
vt 0.333333 0.500000
vt 0.542154 0.130000
vt 0.300000 0.500000
vt 0.521746 0.175836
vt 0.266666 0.500000
vt 0.511315 0.224913
vt 0.233333 0.500000
vt 0.511315 0.275087
vt 0.200000 0.500000
vt 0.521746 0.324164
vt 0.166666 0.500000
vt 0.542154 0.370000
vt 0.133333 0.500000
vt 0.571645 0.410591
vt 0.100000 0.500000
vt 0.608931 0.444164
vt 0.066666 0.500000
vt 0.652383 0.469251
vt 0.033333 0.500000
vt 0.700101 0.484755
vt 1.000000 0.500000
vt -0.000000 0.500000
vt 0.750000 0.490000
vt 0.966667 0.500000
vt 0.799899 0.484755
vt 0.933333 0.500000
vt 0.847617 0.469251
vt 0.900000 0.500000
vt 0.891068 0.444164
vt 0.866667 0.500000
vt 0.928355 0.410591
vt 0.833333 0.500000
vt 0.957846 0.370000
vt 0.800000 0.500000
vt 0.978254 0.324164
vt 0.766666 0.500000
vt 0.988685 0.275087
vt 0.733333 0.500000
vt 0.988685 0.224913
vt 0.700000 0.500000
vt 0.978254 0.175836
vt 0.666666 0.500000
vt 0.957846 0.130000
vt 0.633333 0.500000
vt 0.928355 0.089409
vt 0.600000 0.500000
vt 0.891068 0.055836
vt 0.566666 0.500000
vt 0.847617 0.030749
vt 0.533333 0.500000
vt 0.799899 0.015245
vt 0.500000 0.500000
vt 0.750000 0.010000
vt 0.466666 0.500000
vt 0.700101 0.015245
vt 0.433333 0.500000
vt 0.652383 0.030749
vt 0.400000 0.500000
vt 0.608932 0.055836
vt 0.366666 0.500000
vt 0.571645 0.089409
vt 0.333333 0.500000
vt 0.542154 0.130000
vt 0.300000 0.500000
vt 0.521746 0.175836
vt 0.266666 0.500000
vt 0.511315 0.224913
vt 0.233333 0.500000
vt 0.511315 0.275087
vt 0.200000 0.500000
vt 0.521746 0.324164
vt 0.166666 0.500000
vt 0.542154 0.370000
vt 0.133333 0.500000
vt 0.571645 0.410591
vt 0.100000 0.500000
vt 0.608931 0.444164
vt 0.066666 0.500000
vt 0.652383 0.469251
vt 0.033333 0.500000
vt 0.700101 0.484755
vt 1.000000 0.500000
vt -0.000000 0.500000
vt 0.750000 0.490000
vt 0.966667 0.500000
vt 0.799899 0.484755
vt 0.933333 0.500000
vt 0.847617 0.469251
vt 0.900000 0.500000
vt 0.891068 0.444164
vt 0.866667 0.500000
vt 0.928355 0.410591
vt 0.833333 0.500000
vt 0.957846 0.370000
vt 0.800000 0.500000
vt 0.978254 0.324164
vt 0.766666 0.500000
vt 0.988685 0.275087
vt 0.733333 0.500000
vt 0.988685 0.224913
vt 0.700000 0.500000
vt 0.978254 0.175836
vt 0.666666 0.500000
vt 0.957846 0.130000
vt 0.633333 0.500000
vt 0.928355 0.089409
vt 0.600000 0.500000
vt 0.891068 0.055836
vt 0.566666 0.500000
vt 0.847617 0.030749
vt 0.533333 0.500000
vt 0.799899 0.015245
vt 0.500000 0.500000
vt 0.750000 0.010000
vt 0.466666 0.500000
vt 0.700101 0.015245
vt 0.433333 0.500000
vt 0.652383 0.030749
vt 0.400000 0.500000
vt 0.608932 0.055836
vt 0.366666 0.500000
vt 0.571645 0.089409
vt 0.333333 0.500000
vt 0.542154 0.130000
vt 0.300000 0.500000
vt 0.521746 0.175836
vt 0.266666 0.500000
vt 0.511315 0.224913
vt 0.233333 0.500000
vt 0.511315 0.275087
vt 0.200000 0.500000
vt 0.521746 0.324164
vt 0.166666 0.500000
vt 0.542154 0.370000
vt 0.133333 0.500000
vt 0.571645 0.410591
vt 0.100000 0.500000
vt 0.608931 0.444164
vt 0.066666 0.500000
vt 0.652383 0.469251
vt 0.033333 0.500000
vt 0.700101 0.484755
vt 1.000000 0.500000
vt -0.000000 0.500000
vt 0.750000 0.490000
vt 0.966667 0.500000
vt 0.799899 0.484755
vt 0.933333 0.500000
vt 0.847617 0.469251
vt 0.900000 0.500000
vt 0.891068 0.444164
vt 0.866667 0.500000
vt 0.928355 0.410591
vt 0.833333 0.500000
vt 0.957846 0.370000
vt 0.800000 0.500000
vt 0.978254 0.324164
vt 0.766666 0.500000
vt 0.988685 0.275087
vt 0.733333 0.500000
vt 0.988685 0.224913
vt 0.700000 0.500000
vt 0.978254 0.175836
vt 0.666666 0.500000
vt 0.957846 0.130000
vt 0.633333 0.500000
vt 0.928355 0.089409
vt 0.600000 0.500000
vt 0.891068 0.055836
vt 0.566666 0.500000
vt 0.847617 0.030749
vt 0.533333 0.500000
vt 0.799899 0.015245
vt 0.500000 0.500000
vt 0.750000 0.010000
vt 0.466666 0.500000
vt 0.700101 0.015245
vt 0.433333 0.500000
vt 0.652383 0.030749
vt 0.400000 0.500000
vt 0.608932 0.055836
vt 0.366666 0.500000
vt 0.571645 0.089409
vt 0.333333 0.500000
vt 0.542154 0.130000
vt 0.300000 0.500000
vt 0.521746 0.175836
vt 0.266666 0.500000
vt 0.511315 0.224913
vt 0.233333 0.500000
vt 0.511315 0.275087
vt 0.200000 0.500000
vt 0.521746 0.324164
vt 0.166666 0.500000
vt 0.542154 0.370000
vt 0.133333 0.500000
vt 0.571645 0.410591
vt 0.100000 0.500000
vt 0.608931 0.444164
vt 0.066666 0.500000
vt 0.652383 0.469251
vt 0.033333 0.500000
vt 0.700101 0.484755
vt 0.125000 0.750000
vt 0.375000 1.000000
vt 0.625000 1.000000
vt 0.875000 0.750000
vt 0.375000 0.250000
vt 0.125000 0.500000
vt 0.875000 0.500000
vt 0.625000 0.250000
vt 0.375000 0.750000
vt 0.625000 0.750000
vt 0.375000 0.500000
vt 0.625000 0.500000
vt 0.125000 0.500000
vt 0.375000 0.250000
vt 0.125000 0.750000
vt 0.375000 1.000000
vt 0.875000 0.750000
vt 0.625000 1.000000
vt 0.875000 0.500000
vt 0.625000 0.250000
vt 0.625000 0.500000
vt 0.375000 0.500000
vt 0.375000 0.750000
vt 0.625000 0.750000
vt 0.125000 0.500000
vt 0.375000 0.250000
vt 0.125000 0.750000
vt 0.375000 1.000000
vt 0.875000 0.750000
vt 0.625000 1.000000
vt 0.875000 0.500000
vt 0.625000 0.250000
vt 0.625000 0.500000
vt 0.375000 0.500000
vt 0.375000 0.750000
vt 0.625000 0.750000
vt 0.125000 0.500000
vt 0.375000 0.250000
vt 0.125000 0.750000
vt 0.375000 1.000000
vt 0.875000 0.750000
vt 0.625000 1.000000
vt 0.875000 0.500000
vt 0.625000 0.250000
vt 0.625000 0.500000
vt 0.375000 0.500000
vt 0.375000 0.750000
vt 0.625000 0.750000
vt 0.125000 0.500000
vt 0.375000 0.250000
vt 0.375000 1.000000
vt 0.125000 0.750000
vt 0.375000 0.500000
vt 0.375000 0.750000
vt 0.375000 0.250000
vt 0.375000 1.000000
vt 0.375000 0.500000
vt 0.375000 0.750000
vt 0.125000 0.500000
vt 0.375000 0.250000
vt 0.375000 1.000000
vt 0.125000 0.750000
vt 0.375000 0.500000
vt 0.375000 0.750000
vt 0.375000 0.250000
vt 0.125000 0.500000
vt 0.375000 1.000000
vt 0.125000 0.750000
vt 0.375000 0.750000
vt 0.375000 0.500000
vt 0.375000 0.250000
vt 0.125000 0.500000
vt 0.375000 1.000000
vt 0.125000 0.750000
vt 0.375000 0.750000
vt 0.375000 0.500000
vt 0.125000 0.500000
vt 0.375000 0.250000
vt 0.125000 0.750000
vt 0.375000 1.000000
vt 0.375000 0.750000
vt 0.375000 0.500000
vt 0.375000 0.250000
vt 0.125000 0.500000
vt 0.375000 1.000000
vt 0.125000 0.750000
vt 0.375000 0.750000
vt 0.375000 0.500000
vt 0.375000 0.250000
vt 0.125000 0.500000
vt 0.375000 1.000000
vt 0.125000 0.750000
vt 0.375000 0.750000
vt 0.375000 0.500000
vt 0.125000 0.500000
vt 0.375000 0.250000
vt 0.125000 0.750000
vt 0.375000 1.000000
vt 0.375000 0.750000
vt 0.375000 0.500000
vt 0.125000 0.500000
vt 0.375000 0.250000
vt 0.125000 0.750000
vt 0.375000 1.000000
vt 0.375000 0.750000
vt 0.375000 0.500000
vt 0.125000 0.500000
vt 0.375000 0.250000
vt 0.125000 0.750000
vt 0.375000 1.000000
vt 0.375000 0.750000
vt 0.375000 0.500000
vt 0.125000 0.500000
vt 0.375000 0.250000
vt 0.125000 0.750000
vt 0.375000 1.000000
vt 0.375000 0.750000
vt 0.375000 0.500000
vt 0.125000 0.500000
vt 0.375000 0.250000
vt 0.125000 0.750000
vt 0.375000 1.000000
vt 0.375000 0.750000
vt 0.375000 0.500000
vt 0.125000 0.500000
vt 0.375000 0.250000
vt 0.375000 1.000000
vt 0.125000 0.750000
vt 0.375000 0.750000
vt 0.375000 0.500000
vt 0.375000 0.250000
vt 0.125000 0.500000
vt 0.125000 0.750000
vt 0.375000 1.000000
vt 0.375000 0.750000
vt 0.375000 0.500000
vt 0.125000 0.500000
vt 0.375000 0.250000
vt 0.375000 1.000000
vt 0.125000 0.750000
vt 0.375000 0.750000
vt 0.375000 0.500000
vt 0.375000 0.451059
vt 0.625000 0.462500
vt 0.662500 0.500000
vt 0.375000 0.787500
vt 0.606574 0.793091
vt 0.375000 0.462500
vt 0.375000 0.787500
vt 0.375000 0.462500
vt 0.375000 0.787500
vt 0.375000 0.462500
vt 0.337500 0.500000
vt 0.337500 0.750000
vt 0.375000 0.787500
vt 0.375000 0.303941
vt 0.606574 0.951909
vt 0.375000 0.292500
vt 0.375000 0.292500
vt 0.167500 0.500000
vt 0.375000 0.292500
vt 0.625000 0.292500
vt 0.832500 0.500000
vt 0.375000 0.957500
vt 0.375000 0.957500
vt 0.375000 0.957500
vt 0.167500 0.750000
vt 0.375000 0.957500
vt 0.537500 1.000000
vt 0.537500 0.250000
vt 0.537500 0.500000
vt 0.537500 0.750000
vt 0.537500 1.000000
vt 0.537500 0.250000
vt 0.537500 0.500000
vt 0.537500 0.750000
vt 0.537500 1.000000
vt 0.537500 0.250000
vt 0.537500 0.500000
vt 0.537500 0.750000
vt 0.537500 1.000000
vt 0.537500 0.250000
vt 0.537500 0.500000
vt 0.537500 0.750000
vt 0.375000 0.750000
vt 0.375000 0.750000
vt 0.375000 0.250000
vt 0.375000 0.250000
vt 0.375000 1.000000
vt 0.375000 1.000000
vt 0.375000 0.500000
vt 0.375000 0.500000
vt 0.375000 0.750000
vt 0.375000 0.250000
vt 0.125000 0.500000
vt 0.125000 0.750000
vt 0.375000 1.000000
vt 0.375000 0.500000
vt 0.555926 0.793091
vt 0.537500 0.462500
vt 0.537500 0.292500
vt 0.555926 0.951909
vt 0.125000 0.750000
vt 0.375000 1.000000
vt 0.375000 0.750000
vt 0.375000 0.500000
vt 0.375000 0.250000
vt 0.125000 0.500000
vt 0.375000 0.451059
vt 0.375000 0.787500
vt 0.375000 0.303941
vt 0.375000 0.957500
vt 0.375000 0.957500
vt 0.375000 0.787500
vt 0.537500 0.787500
vt 0.537500 0.957500
vt 0.375000 0.787500
vt 0.375000 0.957500
vt 0.662500 0.750000
vt 0.625000 0.787500
vt 0.832500 0.750000
vt 0.625000 0.957500
vt 0.537500 0.787500
vt 0.537500 0.957500
vt 0.606574 0.793091
vt 0.606574 0.951909
vt 0.555926 0.793091
vt 0.555926 0.951909
vt 1.000000 0.532194
vt -0.000000 0.532194
vt 0.593934 0.944704
vt 0.966667 0.532194
vt 0.593614 0.866295
vt 0.500000 0.532194
vt 0.564689 0.911481
vt 0.966667 0.532194
vt 0.593614 0.943813
vt 0.466666 0.532194
vt 0.565009 0.912372
vt 0.933333 0.532194
vt 0.592669 0.865443
vt 0.933333 0.532194
vt 0.592669 0.942962
vt 0.433333 0.532194
vt 0.565954 0.913223
vt 0.900000 0.532194
vt 0.591141 0.864668
vt 0.866667 0.532194
vt 0.589096 0.864002
vt 0.900000 0.532194
vt 0.591141 0.942186
vt 0.400000 0.532194
vt 0.567482 0.913999
vt 0.833333 0.532194
vt 0.586623 0.863476
vt 0.866667 0.532194
vt 0.589096 0.941521
vt 0.366666 0.532194
vt 0.569527 0.914664
vt 0.833333 0.532194
vt 0.586622 0.940995
vt 0.800000 0.532194
vt 0.583830 0.863112
vt 0.333333 0.532194
vt 0.572000 0.915190
vt 0.800000 0.532194
vt 0.583830 0.940630
vt 0.766666 0.532194
vt 0.580840 0.862926
vt 0.300000 0.532194
vt 0.574793 0.915555
vt 0.766666 0.532194
vt 0.580840 0.940444
vt 0.733333 0.532194
vt 0.577783 0.862926
vt 0.266666 0.532194
vt 0.577783 0.915741
vt 0.700000 0.532194
vt 0.574793 0.863112
vt 0.233333 0.532194
vt 0.580840 0.915741
vt 0.666666 0.532194
vt 0.572000 0.863476
vt 0.733333 0.532194
vt 0.577783 0.940444
vt 0.200000 0.532194
vt 0.583830 0.915555
vt 0.633333 0.532194
vt 0.569527 0.864002
vt 0.700000 0.532194
vt 0.574793 0.940631
vt 0.166666 0.532194
vt 0.586622 0.915190
vt 0.600000 0.532194
vt 0.567482 0.864668
vt 0.133333 0.532194
vt 0.589096 0.914664
vt 0.566666 0.532194
vt 0.565954 0.865443
vt 0.666666 0.532194
vt 0.572000 0.940995
vt 0.533333 0.532194
vt 0.565009 0.866295
vt 0.100000 0.532194
vt 0.591141 0.913999
vt 0.633333 0.532194
vt 0.569527 0.941521
vt 0.500000 0.532194
vt 0.564689 0.867185
vt 0.066666 0.532194
vt 0.592669 0.913223
vt 0.600000 0.532194
vt 0.567482 0.942186
vt 0.466666 0.532194
vt 0.565009 0.868075
vt 0.033333 0.532194
vt 0.593614 0.912372
vt 0.566666 0.532194
vt 0.565954 0.942962
vt 0.433333 0.532194
vt 0.565954 0.868927
vt 1.000000 0.532194
vt -0.000000 0.532194
vt 0.593934 0.911481
vt 1.000000 0.532194
vt -0.000000 0.532194
vt 0.593934 0.900407
vt 0.400000 0.532194
vt 0.567482 0.869702
vt 0.533333 0.532194
vt 0.565009 0.943813
vt 0.966667 0.532194
vt 0.593614 0.899517
vt 0.366666 0.532194
vt 0.569527 0.870368
vt 0.500000 0.532194
vt 0.564689 0.944704
vt 0.933333 0.532194
vt 0.592669 0.898665
vt 0.333333 0.532194
vt 0.572000 0.870894
vt 0.466666 0.532194
vt 0.565009 0.945594
vt 0.900000 0.532194
vt 0.591141 0.897890
vt 0.300000 0.532194
vt 0.574793 0.871258
vt 0.433333 0.532194
vt 0.565954 0.946446
vt 0.866667 0.532194
vt 0.589096 0.897225
vt 0.266666 0.532194
vt 0.577783 0.871444
vt 0.400000 0.532194
vt 0.567482 0.947221
vt 0.833333 0.532194
vt 0.586622 0.896698
vt 0.233333 0.532194
vt 0.580840 0.871444
vt 0.366666 0.532194
vt 0.569528 0.947886
vt 0.800000 0.532194
vt 0.583830 0.896334
vt 0.200000 0.532194
vt 0.583830 0.871258
vt 0.333333 0.532194
vt 0.572000 0.948413
vt 0.766666 0.532194
vt 0.580840 0.896148
vt 0.300000 0.532194
vt 0.574793 0.948777
vt 0.166666 0.532194
vt 0.586622 0.870894
vt 0.733333 0.532194
vt 0.577783 0.896148
vt 0.266666 0.532194
vt 0.577783 0.948963
vt 0.133333 0.532194
vt 0.589096 0.870368
vt 0.700000 0.532194
vt 0.574793 0.896334
vt 0.233333 0.532194
vt 0.580840 0.948963
vt 0.100000 0.532194
vt 0.591141 0.869702
vt 0.200000 0.532194
vt 0.583830 0.948777
vt 0.666666 0.532194
vt 0.572000 0.896698
vt 0.066666 0.532194
vt 0.592669 0.868927
vt 0.166666 0.532194
vt 0.586623 0.948413
vt 0.633333 0.532194
vt 0.569527 0.897225
vt 0.033333 0.532194
vt 0.593614 0.868075
vt 0.133333 0.532194
vt 0.589096 0.947886
vt 0.600000 0.532194
vt 0.567482 0.897890
vt 1.000000 0.532194
vt -0.000000 0.532194
vt 0.593934 0.867185
vt 0.100000 0.532194
vt 0.591141 0.947221
vt 1.000000 0.532194
vt -0.000000 0.532194
vt 0.593934 0.856111
vt 0.566666 0.532194
vt 0.565954 0.898665
vt 0.966667 0.532194
vt 0.593614 0.855220
vt 0.066666 0.532194
vt 0.592669 0.946446
vt 0.533333 0.532194
vt 0.565009 0.899517
vt 0.933333 0.532194
vt 0.592669 0.854369
vt 0.033333 0.532194
vt 0.593614 0.945594
vt 0.500000 0.532194
vt 0.564689 0.900407
vt 0.900000 0.532194
vt 0.591141 0.853594
vt 0.466666 0.532194
vt 0.565009 0.901298
vt 1.000000 0.532194
vt -0.000000 0.532194
vt 0.593934 0.933630
vt 0.966667 0.532194
vt 0.593614 0.932739
vt 0.866667 0.532194
vt 0.589096 0.852928
vt 0.433333 0.532194
vt 0.565954 0.902149
vt 0.933333 0.532194
vt 0.592669 0.931888
vt 0.833333 0.532194
vt 0.586623 0.852402
vt 0.400000 0.532194
vt 0.567482 0.902925
vt 0.900000 0.532194
vt 0.591141 0.931112
vt 0.800000 0.532194
vt 0.583830 0.852038
vt 0.366666 0.532194
vt 0.569527 0.903590
vt 0.866667 0.532194
vt 0.589096 0.930447
vt 0.766666 0.532194
vt 0.580840 0.851852
vt 0.833333 0.532194
vt 0.586622 0.929921
vt 0.333333 0.532194
vt 0.572001 0.904116
vt 0.733333 0.532194
vt 0.577783 0.851852
vt 0.800000 0.532194
vt 0.583830 0.929556
vt 0.300000 0.532194
vt 0.574793 0.904480
vt 0.766666 0.532194
vt 0.580840 0.929370
vt 0.266666 0.532194
vt 0.577783 0.904667
vt 0.700000 0.532194
vt 0.574793 0.852038
vt 0.733333 0.532194
vt 0.577783 0.929370
vt 0.233333 0.532194
vt 0.580840 0.904667
vt 0.666666 0.532194
vt 0.572000 0.852402
vt 0.700000 0.532194
vt 0.574793 0.929556
vt 0.200000 0.532194
vt 0.583830 0.904480
vt 0.633333 0.532194
vt 0.569527 0.852928
vt 0.666666 0.532194
vt 0.572000 0.929921
vt 0.166666 0.532194
vt 0.586622 0.904116
vt 0.600000 0.532194
vt 0.567482 0.853594
vt 0.133333 0.532194
vt 0.589096 0.903590
vt 0.633333 0.532194
vt 0.569527 0.930447
vt 0.566666 0.532194
vt 0.565954 0.854369
vt 0.100000 0.532194
vt 0.591141 0.902925
vt 0.600000 0.532194
vt 0.567482 0.931112
vt 0.533333 0.532194
vt 0.565009 0.855220
vt 0.066666 0.532194
vt 0.592669 0.902149
vt 0.566666 0.532194
vt 0.565954 0.931888
vt 0.500000 0.532194
vt 0.564689 0.856111
vt 0.533333 0.532194
vt 0.565009 0.932739
vt 0.033333 0.532194
vt 0.593614 0.901298
vt 0.500000 0.532194
vt 0.564689 0.933630
vt 1.000000 0.532194
vt -0.000000 0.532194
vt 0.593933 0.889333
vt 0.966667 0.532194
vt 0.593614 0.888443
vt 0.466666 0.532194
vt 0.565009 0.934520
vt 0.933333 0.532194
vt 0.592669 0.887591
vt 0.433333 0.532194
vt 0.565954 0.935372
vt 0.466666 0.532194
vt 0.565009 0.857001
vt 0.900000 0.532194
vt 0.591141 0.886816
vt 0.400000 0.532194
vt 0.567482 0.936147
vt 0.433333 0.532194
vt 0.565954 0.857853
vt 0.866667 0.532194
vt 0.589096 0.886151
vt 0.366666 0.532194
vt 0.569527 0.936812
vt 0.400000 0.532194
vt 0.567482 0.858628
vt 0.833333 0.532194
vt 0.586622 0.885624
vt 0.333333 0.532194
vt 0.572001 0.937339
vt 0.366666 0.532194
vt 0.569527 0.859294
vt 0.800000 0.532194
vt 0.583830 0.885260
vt 0.300000 0.532194
vt 0.574793 0.937703
vt 0.333333 0.532194
vt 0.572000 0.859820
vt 0.766666 0.532194
vt 0.580840 0.885074
vt 0.266666 0.532194
vt 0.577783 0.937889
vt 0.300000 0.532194
vt 0.574793 0.860184
vt 0.233333 0.532194
vt 0.580840 0.937889
vt 0.733333 0.532194
vt 0.577783 0.885074
vt 0.266666 0.532194
vt 0.577783 0.860370
vt 0.200000 0.532194
vt 0.583830 0.937703
vt 0.700000 0.532194
vt 0.574793 0.885260
vt 0.233333 0.532194
vt 0.580840 0.860370
vt 0.166666 0.532194
vt 0.586622 0.937339
vt 0.666666 0.532194
vt 0.572000 0.885624
vt 0.200000 0.532194
vt 0.583830 0.860184
vt 0.133333 0.532194
vt 0.589095 0.936812
vt 0.633333 0.532194
vt 0.569527 0.886151
vt 0.166666 0.532194
vt 0.586622 0.859820
vt 0.600000 0.532194
vt 0.567482 0.886816
vt 0.133333 0.532194
vt 0.589096 0.859294
vt 0.100000 0.532194
vt 0.591141 0.858628
vt 0.566666 0.532194
vt 0.565954 0.887591
vt 0.066666 0.532194
vt 0.592669 0.857853
vt 0.533333 0.532194
vt 0.565009 0.888443
vt 0.033333 0.532194
vt 0.593614 0.857001
vt 0.500000 0.532194
vt 0.564689 0.889333
vt 0.466666 0.532194
vt 0.565009 0.890224
vt 1.000000 0.532194
vt -0.000000 0.532194
vt 0.593934 0.845037
vt 0.966667 0.532194
vt 0.593614 0.844146
vt 0.433333 0.532194
vt 0.565954 0.891075
vt 0.933333 0.532194
vt 0.592669 0.843295
vt 0.400000 0.532194
vt 0.567482 0.891851
vt 0.900000 0.532194
vt 0.591141 0.842520
vt 0.366666 0.532194
vt 0.569527 0.892516
vt 0.866667 0.532194
vt 0.589096 0.841854
vt 0.333333 0.532194
vt 0.572000 0.893042
vt 0.300000 0.532194
vt 0.574793 0.893406
vt 0.833333 0.532194
vt 0.586622 0.841328
vt 0.266666 0.532194
vt 0.577783 0.893593
vt 0.800000 0.532194
vt 0.583830 0.840964
vt 0.233333 0.532194
vt 0.580840 0.893593
vt 0.766666 0.532194
vt 0.580840 0.840778
vt 0.200000 0.532194
vt 0.583830 0.893406
vt 0.733333 0.532194
vt 0.577783 0.840778
vt 0.166666 0.532194
vt 0.586622 0.893042
vt 0.700000 0.532194
vt 0.574793 0.840964
vt 0.133333 0.532194
vt 0.589096 0.892516
vt 0.666666 0.532194
vt 0.572000 0.841328
vt 0.100000 0.532194
vt 0.591141 0.891851
vt 0.633333 0.532194
vt 0.569527 0.841854
vt 0.066666 0.532194
vt 0.592669 0.891075
vt 0.033333 0.532194
vt 0.593614 0.890224
vt 0.600000 0.532194
vt 0.567482 0.842520
vt 0.100000 0.532194
vt 0.591141 0.936147
vt 0.566666 0.532194
vt 0.565954 0.843295
vt 1.000000 0.532194
vt -0.000000 0.532194
vt 0.593934 0.878259
vt 0.066666 0.532194
vt 0.592669 0.935372
vt 0.533333 0.532194
vt 0.565009 0.844146
vt 0.966667 0.532194
vt 0.593614 0.877369
vt 0.500000 0.532194
vt 0.564689 0.845037
vt 0.933333 0.532194
vt 0.592669 0.876517
vt 0.033333 0.532194
vt 0.593614 0.934520
vt 0.466666 0.532194
vt 0.565009 0.845927
vt 0.900000 0.532194
vt 0.591141 0.875742
vt 0.433333 0.532194
vt 0.565954 0.846779
vt 0.866667 0.532194
vt 0.589096 0.875077
vt 1.000000 0.532194
vt -0.000000 0.532194
vt 0.593934 0.922555
vt 0.966667 0.532194
vt 0.593614 0.921665
vt 0.400000 0.532194
vt 0.567482 0.847554
vt 0.833333 0.532194
vt 0.586623 0.874550
vt 0.933333 0.532194
vt 0.592669 0.920814
vt 0.366666 0.532194
vt 0.569527 0.848220
vt 0.800000 0.532194
vt 0.583830 0.874186
vt 0.333333 0.532194
vt 0.572000 0.848746
vt 0.900000 0.532194
vt 0.591141 0.920038
vt 0.766666 0.532194
vt 0.580840 0.874000
vt 0.300000 0.532194
vt 0.574793 0.849110
vt 0.866667 0.532194
vt 0.589096 0.919373
vt 0.733333 0.532194
vt 0.577783 0.874000
vt 0.833333 0.532194
vt 0.586622 0.918846
vt 0.700000 0.532194
vt 0.574793 0.874186
vt 0.266666 0.532194
vt 0.577783 0.849296
vt 0.800000 0.532194
vt 0.583830 0.918482
vt 0.666666 0.532194
vt 0.572000 0.874550
vt 0.233333 0.532194
vt 0.580840 0.849296
vt 0.766666 0.532194
vt 0.580840 0.918296
vt 0.200000 0.532194
vt 0.583830 0.849110
vt 0.633333 0.532194
vt 0.569527 0.875076
vt 0.733333 0.532194
vt 0.577783 0.918296
vt 0.166666 0.532194
vt 0.586622 0.848746
vt 0.600000 0.532194
vt 0.567482 0.875742
vt 0.700000 0.532194
vt 0.574793 0.918482
vt 0.566666 0.532194
vt 0.565954 0.876517
vt 0.133333 0.532194
vt 0.589096 0.848220
vt 0.666666 0.532194
vt 0.572000 0.918846
vt 0.533333 0.532194
vt 0.565009 0.877369
vt 0.100000 0.532194
vt 0.591141 0.847554
vt 0.633333 0.532194
vt 0.569527 0.919373
vt 0.500000 0.532194
vt 0.564689 0.878259
vt 0.066666 0.532194
vt 0.592669 0.846779
vt 0.600000 0.532194
vt 0.567482 0.920038
vt 0.466666 0.532194
vt 0.565009 0.879150
vt 0.033333 0.532194
vt 0.593614 0.845927
vt 0.566666 0.532194
vt 0.565954 0.920814
vt 0.433333 0.532194
vt 0.565954 0.880001
vt 0.400000 0.532194
vt 0.567482 0.880776
vt 1.000000 0.532194
vt -0.000000 0.532194
vt 0.593934 0.833963
vt 0.533333 0.532194
vt 0.565009 0.921665
vt 0.966667 0.532194
vt 0.593614 0.833072
vt 0.366666 0.532194
vt 0.569527 0.881442
vt 0.933333 0.532194
vt 0.592669 0.832221
vt 0.333333 0.532194
vt 0.572001 0.881968
vt 0.500000 0.532194
vt 0.564689 0.922556
vt 0.900000 0.532194
vt 0.591141 0.831445
vt 0.300000 0.532194
vt 0.574793 0.882332
vt 0.466666 0.532194
vt 0.565009 0.923446
vt 0.866667 0.532194
vt 0.589096 0.830780
vt 0.266666 0.532194
vt 0.577783 0.882518
vt 0.433333 0.532194
vt 0.565954 0.924297
vt 0.833333 0.532194
vt 0.586623 0.830254
vt 0.233333 0.532194
vt 0.580840 0.882518
vt 0.400000 0.532194
vt 0.567482 0.925073
vt 0.800000 0.532194
vt 0.583830 0.829890
vt 0.200000 0.532194
vt 0.583830 0.882332
vt 0.366666 0.532194
vt 0.569527 0.925738
vt 0.766666 0.532194
vt 0.580840 0.829704
vt 0.166666 0.532194
vt 0.586622 0.881968
vt 0.333333 0.532194
vt 0.572000 0.926264
vt 0.733333 0.532194
vt 0.577783 0.829704
vt 0.133333 0.532194
vt 0.589096 0.881442
vt 0.300000 0.532194
vt 0.574793 0.926629
vt 0.700000 0.532194
vt 0.574793 0.829890
vt 0.100000 0.532194
vt 0.591141 0.880776
vt 0.266666 0.532194
vt 0.577783 0.926815
vt 0.666666 0.532194
vt 0.572001 0.830254
vt 0.066666 0.532194
vt 0.592669 0.880001
vt 0.233333 0.532194
vt 0.580840 0.926815
vt 0.633333 0.532194
vt 0.569527 0.830780
vt 0.033333 0.532194
vt 0.593614 0.879150
vt 0.200000 0.532194
vt 0.583830 0.926629
vt 0.600000 0.532194
vt 0.567482 0.831445
vt 0.166666 0.532194
vt 0.586623 0.926265
vt 0.933333 0.532194
vt 0.592669 0.909739
vt 0.133333 0.532194
vt 0.589095 0.925738
vt 0.900000 0.532194
vt 0.591141 0.908964
vt 0.866667 0.532194
vt 0.589096 0.908299
vt 0.100000 0.532194
vt 0.591141 0.925073
vt 0.566666 0.532194
vt 0.565954 0.832221
vt 0.833333 0.532194
vt 0.586623 0.907773
vt 0.066666 0.532194
vt 0.592669 0.924297
vt 0.533333 0.532194
vt 0.565009 0.833072
vt 0.800000 0.532194
vt 0.583830 0.907408
vt 0.033333 0.532194
vt 0.593614 0.923446
vt 0.500000 0.532194
vt 0.564689 0.833963
vt 0.766666 0.532194
vt 0.580840 0.907222
vt 0.466666 0.532194
vt 0.565009 0.834853
vt 0.733333 0.532194
vt 0.577783 0.907222
vt 0.966667 0.532194
vt 0.593614 0.910591
vt 0.700000 0.532194
vt 0.574793 0.907408
vt 0.433333 0.532194
vt 0.565953 0.835705
vt 0.733333 0.532194
vt 0.577783 0.807555
vt 0.700000 0.532194
vt 0.574793 0.807741
vt 0.400000 0.532194
vt 0.567482 0.836480
vt 0.666666 0.532194
vt 0.572001 0.907772
vt 0.666666 0.532194
vt 0.572000 0.808106
vt 0.366666 0.532194
vt 0.569527 0.837146
vt 0.633333 0.532194
vt 0.569527 0.908299
vt 0.633333 0.532194
vt 0.569527 0.808632
vt 0.333333 0.532194
vt 0.572000 0.837672
vt 0.600000 0.532194
vt 0.567482 0.908964
vt 0.600000 0.532194
vt 0.567482 0.809297
vt 0.300000 0.532194
vt 0.574793 0.838036
vt 0.566666 0.532194
vt 0.565954 0.909739
vt 0.566666 0.532194
vt 0.565953 0.810073
vt 0.266666 0.532194
vt 0.577783 0.838222
vt 0.533333 0.532194
vt 0.565009 0.910591
vt 0.533333 0.532194
vt 0.565009 0.810924
vt 0.233333 0.532194
vt 0.580840 0.838222
vt 0.500000 0.532194
vt 0.564689 0.811814
vt 0.833333 0.532194
vt 0.586622 0.797032
vt 0.200000 0.532194
vt 0.583830 0.838036
vt 0.466666 0.532194
vt 0.565009 0.812705
vt 0.800000 0.532194
vt 0.583830 0.796667
vt 0.166666 0.532194
vt 0.586622 0.837672
vt 0.766666 0.532194
vt 0.580840 0.796481
vt 0.433333 0.532194
vt 0.565954 0.813557
vt 0.133333 0.532194
vt 0.589096 0.837145
vt 0.733333 0.532194
vt 0.577783 0.796481
vt 0.400000 0.532194
vt 0.567482 0.814332
vt 0.100000 0.532194
vt 0.591141 0.836480
vt 0.700000 0.532194
vt 0.574793 0.796667
vt 0.066666 0.532194
vt 0.592669 0.835705
vt 0.366666 0.532194
vt 0.569527 0.814997
vt 0.666666 0.532194
vt 0.572001 0.797032
vt 0.033333 0.532194
vt 0.593614 0.834853
vt 0.333333 0.532194
vt 0.572001 0.815524
vt 0.633333 0.532194
vt 0.569527 0.797558
vt 0.300000 0.532194
vt 0.574793 0.815888
vt 1.000000 0.532194
vt -0.000000 0.532194
vt 0.593934 0.822889
vt 0.600000 0.532194
vt 0.567482 0.798223
vt 0.966667 0.532194
vt 0.593614 0.821998
vt 0.266666 0.532194
vt 0.577783 0.816074
vt 0.566666 0.532194
vt 0.565954 0.798999
vt 0.933333 0.532194
vt 0.592669 0.821147
vt 0.233333 0.532194
vt 0.580840 0.816074
vt 0.533333 0.532194
vt 0.565009 0.799850
vt 0.900000 0.532194
vt 0.591141 0.820371
vt 0.200000 0.532194
vt 0.583830 0.815888
vt 0.500000 0.532194
vt 0.564689 0.800740
vt 0.866667 0.532194
vt 0.589096 0.819706
vt 0.166666 0.532194
vt 0.586623 0.815523
vt 0.466666 0.532194
vt 0.565009 0.801631
vt 0.133333 0.532194
vt 0.589096 0.814997
vt 0.833333 0.532194
vt 0.586622 0.819180
vt 0.433333 0.532194
vt 0.565954 0.802482
vt 0.100000 0.532194
vt 0.591141 0.814332
vt 0.800000 0.532194
vt 0.583830 0.818815
vt 0.400000 0.532194
vt 0.567482 0.803258
vt 0.066666 0.532194
vt 0.592669 0.813556
vt 0.766666 0.532194
vt 0.580840 0.818629
vt 0.366666 0.532194
vt 0.569527 0.803923
vt 0.033333 0.532194
vt 0.593614 0.812705
vt 0.733333 0.532194
vt 0.577783 0.818629
vt 0.333333 0.532194
vt 0.572000 0.804449
vt 0.300000 0.532194
vt 0.574793 0.804814
vt 0.700000 0.532194
vt 0.574793 0.818815
vt 0.266666 0.532194
vt 0.577783 0.805000
vt 0.666666 0.532194
vt 0.572001 0.819180
vt 0.233333 0.532194
vt 0.580840 0.805000
vt 0.633333 0.532194
vt 0.569527 0.819706
vt 0.200000 0.532194
vt 0.583830 0.804814
vt 0.600000 0.532194
vt 0.567482 0.820371
vt 1.000000 0.532194
vt -0.000000 0.532194
vt 0.593934 0.811814
vt 0.166666 0.532194
vt 0.586623 0.804449
vt 0.566666 0.532194
vt 0.565954 0.821147
vt 1.000000 0.532194
vt -0.000000 0.532194
vt 0.593933 0.800740
vt 0.966667 0.532194
vt 0.593614 0.799850
vt 0.133333 0.532194
vt 0.589096 0.803923
vt 0.533333 0.532194
vt 0.565009 0.821998
vt 0.933333 0.532194
vt 0.592669 0.798999
vt 0.100000 0.532194
vt 0.591141 0.803258
vt 0.500000 0.532194
vt 0.564689 0.822889
vt 0.900000 0.532194
vt 0.591141 0.798223
vt 0.466666 0.532194
vt 0.565009 0.823779
vt 0.066666 0.532194
vt 0.592669 0.802482
vt 0.866667 0.532194
vt 0.589096 0.797558
vt 0.433333 0.532194
vt 0.565954 0.824630
vt 0.033333 0.532194
vt 0.593614 0.801631
vt 0.166666 0.532194
vt 0.586622 0.826598
vt 0.400000 0.532194
vt 0.567482 0.825406
vt 0.366666 0.532194
vt 0.569527 0.826071
vt 0.133333 0.532194
vt 0.589096 0.826071
vt 0.333333 0.532194
vt 0.572000 0.826598
vt 0.100000 0.532194
vt 0.591141 0.825406
vt 0.300000 0.532194
vt 0.574793 0.826962
vt 0.066666 0.532194
vt 0.592669 0.824631
vt 0.266666 0.532194
vt 0.577783 0.827148
vt 0.033333 0.532194
vt 0.593614 0.823779
vt 0.233333 0.532194
vt 0.580840 0.827148
vt 0.966667 0.532194
vt 0.593614 0.810924
vt 0.200000 0.532194
vt 0.583830 0.826962
vt 0.933333 0.532194
vt 0.592669 0.810073
vt 0.900000 0.532194
vt 0.591141 0.809297
vt 0.866667 0.532194
vt 0.589096 0.808632
vt 0.833333 0.532194
vt 0.586622 0.808106
vt 0.800000 0.532194
vt 0.583830 0.807741
vt 0.766666 0.532194
vt 0.580840 0.807555
vt 0.375000 0.462500
vt 0.375000 0.292500
vt 0.375000 0.462500
vt 0.375000 0.292500
vt 0.375000 0.451059
vt 0.375000 0.303941
vt 0.375000 0.451059
vt 0.375000 0.303941
vt 0.375000 0.303941
vt 0.375000 0.303941
vt 0.375000 0.451059
vt 0.375000 0.451059
vt 0.375000 0.451059
vt 0.375000 0.303941
vt 0.375000 0.451059
vt 0.375000 0.303941
vt 0.375000 0.451059
vt 0.375000 0.303941
vt 0.375000 0.451059
vt 0.375000 0.303941
vt 0.375000 0.451059
vt 0.375000 0.451059
vt 0.375000 0.303941
vt 0.375000 0.303941
vt 0.375000 0.303941
vt 0.375000 0.303941
vt 0.375000 0.451059
vt 0.375000 0.451059
vt 0.375000 0.303941
vt 0.375000 0.303941
vt 0.375000 0.451059
vt 0.375000 0.451059
s 0
usemtl Steering_Wheel
f 5581/7971/2168 5466/7805/2168 5475/7820/2168 5585/7975/2168
f 5610/8002/2169 5562/7946/2169 5472/7814/2169 5583/7973/2169
f 5582/7972/2169 5467/7807/2169 5473/7816/2169 5586/7976/2169
f 5630/8026/2168 5628/8024/2168 5466/7805/2168 5581/7971/2168
f 5620/8014/2168 5613/8006/2168 5498/7853/2168 5578/7967/2168
f 5576/7965/2170 5468/7809/2170 5466/7806/2170 5628/8023/2170
f 5475/7819/2171 5476/7821/2171 5484/7833/2171 5483/7831/2171
f 5587/7977/2169 5477/7823/2169 5485/7835/2169 5591/7981/2169
f 5472/7814/2172 5470/7812/2172 5480/7826/2172 5477/7823/2172
f 5583/7973/2169 5472/7814/2169 5477/7823/2169 5587/7977/2169
f 5466/7806/2173 5468/7809/2173 5476/7821/2173 5475/7819/2173
f 5467/7808/2174 5465/7803/2174 5474/7817/2174 5473/7815/2174
f 5584/7974/2168 5469/7811/2168 5479/7825/2168 5588/7978/2168
f 5469/7811/2175 5471/7813/2175 5478/7824/2175 5479/7825/2175
f 5591/7981/2169 5485/7835/2169 5493/7847/2169 5595/7985/2169
f 5485/7835/2176 5488/7838/2176 5496/7850/2176 5493/7847/2176
f 5473/7815/2177 5474/7817/2177 5482/7829/2177 5481/7827/2177
f 5588/7978/2168 5479/7825/2168 5487/7837/2168 5592/7982/2168
f 5479/7825/2178 5478/7824/2178 5486/7836/2178 5487/7837/2178
f 5586/7976/2169 5473/7816/2169 5481/7828/2169 5590/7980/2169
f 5585/7975/2168 5475/7820/2168 5483/7832/2168 5589/7979/2168
f 5477/7823/2179 5480/7826/2179 5488/7838/2179 5485/7835/2179
f 5545/7921/2180 5546/7923/2180 5491/7843/2180 5492/7845/2180
f 5598/7988/2168 5547/7925/2168 5496/7850/2168 5596/7986/2168
f 5483/7831/2181 5484/7833/2181 5492/7845/2181 5491/7843/2181
f 5481/7827/2182 5482/7829/2182 5490/7841/2182 5489/7839/2182
f 5592/7982/2168 5487/7837/2168 5495/7849/2168 5596/7986/2168
f 5487/7837/2183 5486/7836/2183 5494/7848/2183 5495/7849/2183
f 5590/7980/2169 5481/7828/2169 5489/7840/2169 5594/7984/2169
f 5589/7979/2168 5483/7832/2168 5491/7844/2168 5593/7983/2168
f 5499/7855/2184 5500/7856/2184 5511/7871/2184 5512/7872/2184
f 6057/8887/2169 5615/8008/2169 5499/7855/2169 5565/7950/2169
f 5613/8005/2185 5616/8010/2185 5497/7851/2185 5498/7854/2185
f 5615/8008/2186 5614/8007/2186 5500/7856/2186 5499/7855/2186
f 5579/7968/2168 5502/7858/2168 5506/7863/2168 5580/7970/2168
f 5578/7967/2168 5498/7853/2168 5502/7858/2168 5579/7968/2168
f 5565/7950/2169 5499/7855/2169 5503/7859/2169 5567/7952/2169
f 5497/7852/2169 5501/7857/2169 5513/7873/2169 5509/7867/2169
f 5569/7955/2187 5507/7865/2187 5508/7866/2187 5570/7956/2187
f 5567/7952/2169 5503/7859/2169 5507/7865/2169 5569/7954/2169
f 5507/7865/2169 5503/7859/2169 5516/7878/2169 5520/7884/2169
f 5503/7859/2169 5499/7855/2169 5512/7872/2169 5516/7878/2169
f 5514/7875/2168 5510/7869/2168 5522/7887/2168 5526/7893/2168
f 5516/7878/2169 5512/7872/2169 5524/7890/2169 5528/7896/2169
f 5516/7878/2186 5515/7877/2186 5519/7883/2186 5520/7884/2186
f 5514/7876/2185 5513/7874/2185 5517/7879/2185 5518/7881/2185
f 5505/7861/2188 5506/7864/2188 5518/7881/2188 5517/7879/2188
f 5501/7857/2169 5505/7862/2169 5517/7880/2169 5513/7873/2169
f 5502/7858/2168 5498/7853/2168 5510/7869/2168 5514/7875/2168
f 5506/7863/2168 5502/7858/2168 5514/7875/2168 5518/7882/2168
f 5498/7854/2189 5497/7851/2189 5509/7868/2189 5510/7870/2189
f 5500/7856/2168 5504/7860/2168 5515/7877/2168 5511/7871/2168
f 5504/7860/2168 5508/7866/2168 5519/7883/2168 5515/7877/2168
f 5508/7866/2190 5507/7865/2190 5520/7884/2190 5519/7883/2190
f 5526/7893/2168 5522/7887/2168 5530/7900/2168 5534/7906/2168
f 5528/7896/2169 5524/7890/2169 5532/7902/2169 5536/7908/2169
f 5515/7877/2191 5516/7878/2191 5528/7896/2191 5527/7895/2191
f 5512/7872/2170 5511/7871/2170 5523/7889/2170 5524/7890/2170
f 5511/7871/2168 5515/7877/2168 5527/7895/2168 5523/7889/2168
f 5509/7867/2169 5513/7873/2169 5525/7891/2169 5521/7885/2169
f 5513/7874/2191 5514/7876/2191 5526/7894/2191 5525/7892/2191
f 5510/7870/2170 5509/7868/2170 5521/7886/2170 5522/7888/2170
f 5530/7899/2192 5529/7897/2192 5537/7909/2192 5538/7911/2192
f 5533/7903/2193 5534/7905/2193 5542/7917/2193 5541/7915/2193
f 5527/7895/2194 5528/7896/2194 5536/7908/2194 5535/7907/2194
f 5524/7890/2195 5523/7889/2195 5531/7901/2195 5532/7902/2195
f 5523/7889/2168 5527/7895/2168 5535/7907/2168 5531/7901/2168
f 5521/7885/2169 5525/7891/2169 5533/7904/2169 5529/7898/2169
f 5525/7892/2196 5526/7894/2196 5534/7905/2196 5533/7903/2196
f 5522/7888/2197 5521/7886/2197 5529/7897/2197 5530/7899/2197
f 5600/7990/2169 5599/7989/2169 5549/7928/2169 5545/7922/2169
f 5598/7988/2168 5597/7987/2168 5551/7931/2168 5547/7925/2168
f 5536/7908/2169 5532/7902/2169 5540/7914/2169 5544/7920/2169
f 5534/7906/2168 5530/7900/2168 5538/7912/2168 5542/7918/2168
f 5535/7907/2198 5536/7908/2198 5544/7920/2198 5543/7919/2198
f 5532/7902/2199 5531/7901/2199 5539/7913/2199 5540/7914/2199
f 5531/7901/2168 5535/7907/2168 5543/7919/2168 5539/7913/2168
f 5529/7898/2169 5533/7904/2169 5541/7916/2169 5537/7910/2169
f 5546/7923/2200 5545/7921/2200 5549/7927/2200 5550/7930/2200
f 5548/7926/2201 5547/7925/2201 5551/7931/2201 5552/7932/2201
f 5601/7991/2168 5550/7929/2168 5558/7941/2168 5607/7999/2168
f 5600/7990/2169 5545/7922/2169 5492/7846/2169 5594/7984/2169
f 5604/7994/2169 5603/7993/2169 5548/7926/2169 5552/7932/2169
f 5601/7991/2168 5602/7992/2168 5546/7924/2168 5550/7929/2168
f 5552/7932/2202 5551/7931/2202 5559/7943/2202 5560/7944/2202
f 5540/7914/2203 5539/7913/2203 5495/7849/2203 5494/7848/2203
f 5602/7992/2168 5538/7912/2168 5490/7842/2168 5593/7983/2168
f 5538/7911/2204 5537/7909/2204 5489/7839/2204 5490/7841/2204
f 5547/7925/2205 5548/7926/2205 5493/7847/2205 5496/7850/2205
f 5603/7993/2169 5540/7914/2169 5494/7848/2169 5595/7985/2169
f 5606/7997/2206 5607/7998/2206 5558/7942/2206 5557/7939/2206
f 5605/7995/2207 5608/8000/2207 5560/7944/2207 5559/7943/2207
f 5599/7989/2169 5541/7916/2169 5553/7933/2169 5606/7996/2169
f 5597/7987/2168 5543/7919/2168 5555/7937/2168 5605/7995/2168
f 5541/7915/2208 5542/7917/2208 5554/7935/2208 5553/7934/2208
f 5604/7994/2169 5552/7932/2169 5560/7944/2169 5608/8000/2169
f 5550/7930/2209 5549/7927/2209 5557/7939/2209 5558/7942/2209
f 5543/7919/2210 5544/7920/2210 5556/7938/2210 5555/7937/2210
f 5574/7961/2169 5567/7952/2169 5569/7954/2169 5575/7963/2169
f 5575/7962/2191 5569/7955/2191 5570/7956/2191 5580/7969/2191
f 5573/7960/2169 5565/7950/2169 5567/7952/2169 5574/7961/2169
f 5500/7856/2168 5566/7951/2168 5568/7953/2168 5504/7860/2168
f 5504/7860/2168 5568/7953/2168 5570/7957/2168 5508/7866/2168
f 6058/8888/2169 6057/8887/2169 5565/7950/2169 5573/7960/2169
f 5472/7814/2170 5562/7947/2170 5627/8021/2170 5470/7812/2170
f 5614/8007/2168 5618/8012/2168 5566/7951/2168 5500/7856/2168
f 5584/7974/2168 5470/7812/2168 5627/8022/2168 5629/8025/2168
f 5611/8003/2169 5576/7964/2169 5562/7946/2169 5610/8002/2169
f 5582/7972/2169 5468/7810/2169 5576/7964/2169 5611/8003/2169
f 5616/8009/2169 6058/8888/2169 5573/7960/2169 5497/7852/2169
f 5497/7852/2169 5573/7960/2169 5574/7961/2169 5501/7857/2169
f 5505/7861/2211 5575/7962/2211 5580/7969/2211 5506/7864/2211
f 5501/7857/2169 5574/7961/2169 5575/7963/2169 5505/7862/2169
f 5566/7951/2168 5578/7967/2168 5579/7968/2168 5568/7953/2168
f 5568/7953/2168 5579/7968/2168 5580/7970/2168 5570/7957/2168
f 5562/7947/2170 5576/7965/2170 5628/8023/2170 5627/8021/2170
f 5618/8012/2168 5620/8014/2168 5578/7967/2168 5566/7951/2168
f 5577/7966/2186 5620/8014/2186 5626/8020/2186 5621/8015/2186
f 5467/7807/2169 5582/7972/2169 5611/8003/2169 6056/8886/2169
f 6056/8886/2169 5611/8003/2169 5610/8002/2169 6055/8885/2169
f 5469/7811/2168 5584/7974/2168 5629/8025/2168 5563/7948/2168
f 5544/7920/2169 5604/7994/2169 5608/8000/2169 5556/7938/2169
f 5551/7931/2168 5597/7987/2168 5605/7995/2168 5559/7943/2168
f 5549/7928/2169 5599/7989/2169 5606/7996/2169 5557/7940/2169
f 5555/7937/2207 5556/7938/2207 5608/8000/2207 5605/7995/2207
f 5553/7934/2206 5554/7935/2206 5607/7998/2206 5606/7997/2206
f 5548/7926/2169 5603/7993/2169 5595/7985/2169 5493/7847/2169
f 5546/7924/2168 5602/7992/2168 5593/7983/2168 5491/7844/2168
f 5542/7918/2168 5538/7912/2168 5602/7992/2168 5601/7991/2168
f 5544/7920/2169 5540/7914/2169 5603/7993/2169 5604/7994/2169
f 5537/7910/2169 5600/7990/2169 5594/7984/2169 5489/7840/2169
f 5542/7918/2168 5601/7991/2168 5607/7999/2168 5554/7936/2168
f 5539/7913/2168 5543/7919/2168 5597/7987/2168 5598/7988/2168
f 5537/7910/2169 5541/7916/2169 5599/7989/2169 5600/7990/2169
f 5482/7830/2168 5589/7979/2168 5593/7983/2168 5490/7842/2168
f 5484/7834/2169 5590/7980/2169 5594/7984/2169 5492/7846/2169
f 5488/7838/2168 5592/7982/2168 5596/7986/2168 5496/7850/2168
f 5539/7913/2168 5598/7988/2168 5596/7986/2168 5495/7849/2168
f 5474/7818/2168 5585/7975/2168 5589/7979/2168 5482/7830/2168
f 5476/7822/2169 5586/7976/2169 5590/7980/2169 5484/7834/2169
f 5480/7826/2168 5588/7978/2168 5592/7982/2168 5488/7838/2168
f 5486/7836/2169 5591/7981/2169 5595/7985/2169 5494/7848/2169
f 5470/7812/2168 5584/7974/2168 5588/7978/2168 5480/7826/2168
f 5471/7813/2169 5583/7973/2169 5587/7977/2169 5478/7824/2169
f 5478/7824/2169 5587/7977/2169 5591/7981/2169 5486/7836/2169
f 5577/7966/2168 5630/8026/2168 5581/7971/2168 5465/7804/2168
f 5468/7810/2169 5582/7972/2169 5586/7976/2169 5476/7822/2169
f 6055/8885/2169 5610/8002/2169 5583/7973/2169 5471/7813/2169
f 5465/7804/2168 5581/7971/2168 5585/7975/2168 5474/7818/2168
f 5563/7948/2185 5629/8025/2185 5623/8017/2185 5622/8016/2185
f 5467/7807/2169 6056/8886/2169 6058/8888/2169 5616/8009/2169
f 5469/7811/2168 5563/7948/2168 5618/8012/2168 5614/8007/2168
f 5619/8013/2185 5571/7958/2185 6060/8890/2185 6062/8892/2185
f 5471/7813/2186 5469/7811/2186 5614/8007/2186 5615/8008/2186
f 5465/7803/2185 5467/7808/2185 5616/8010/2185 5613/8005/2185
f 6055/8885/2169 5471/7813/2169 5615/8008/2169 6057/8887/2169
f 5577/7966/2168 5465/7804/2168 5613/8006/2168 5620/8014/2168
f 5618/8012/2185 5563/7948/2185 5622/8016/2185 5625/8019/2185
f 5630/8026/2186 5577/7966/2186 5621/8015/2186 5624/8018/2186
f 5629/8025/2191 5630/8026/2191 5624/8018/2191 5623/8017/2191
f 5620/8014/2170 5618/8012/2170 5625/8019/2170 5626/8020/2170
f 5572/7959/2168 5564/7949/2168 5627/8022/2168 5628/8024/2168
f 5564/7949/2168 5609/8001/2168 5629/8025/2168 5627/8022/2168
f 5612/8004/2168 5572/7959/2168 5628/8024/2168 5630/8026/2168
f 5609/8001/2168 5612/8004/2168 5630/8026/2168 5629/8025/2168
f 5635/8031/2212 5045/6949/2212 5046/6952/2212 5638/8038/2212
f 5638/8038/2213 5046/6952/2213 5047/6954/2213 5641/8044/2213
f 5641/8044/2214 5047/6954/2214 5048/6956/2214 5645/8052/2214
f 5645/8052/2215 5048/6956/2215 5049/6958/2215 5648/8058/2215
f 5049/6958/2216 5050/6960/2216 5650/8062/2216 5648/8058/2216
f 5050/6960/2217 5051/6962/2217 5653/8068/2217 5650/8062/2217
f 5051/6962/2218 5052/6964/2218 5656/8074/2218 5653/8068/2218
f 5052/6964/2185 5053/6966/2185 5662/8086/2185 5656/8074/2185
f 5053/6966/2219 5054/6968/2219 5665/8092/2219 5662/8086/2219
f 5054/6968/2220 5055/6970/2220 5670/8102/2220 5665/8092/2220
f 5055/6970/2221 5056/6972/2221 5673/8108/2221 5670/8102/2221
f 5673/8108/2222 5056/6972/2222 5057/6974/2222 5676/8114/2222
f 5676/8114/2223 5057/6974/2223 5058/6976/2223 5679/8120/2223
f 5679/8120/2224 5058/6976/2224 5059/6978/2224 5684/8132/2224
f 5684/8132/2225 5059/6978/2225 5060/6980/2225 5687/8138/2225
f 5687/8138/2226 5060/6980/2226 5061/6982/2226 5690/8144/2226
f 5690/8144/2227 5061/6982/2227 5062/6984/2227 5693/8150/2227
f 5693/8150/2228 5062/6984/2228 5063/6986/2228 5696/8156/2228
f 5696/8156/2229 5063/6986/2229 5064/6988/2229 5699/8162/2229
f 5064/6988/2230 5065/6990/2230 5702/8168/2230 5699/8162/2230
f 5065/6990/2231 5066/6992/2231 5704/8172/2231 5702/8168/2231
f 5066/6992/2232 5067/6994/2232 5707/8178/2232 5704/8172/2232
f 5067/6994/2186 5068/6996/2186 5710/8184/2186 5707/8178/2186
f 5068/6996/2233 5069/6998/2233 5712/8188/2233 5710/8184/2233
f 5069/6998/2234 5070/7000/2234 5715/8194/2234 5712/8188/2234
f 5070/7000/2235 5071/7002/2235 5718/8200/2235 5715/8194/2235
f 5718/8200/2236 5071/7002/2236 5072/7004/2236 5721/8207/2236
f 5721/8207/2237 5072/7004/2237 5073/7006/2237 5725/8216/2237
f 5725/8216/2238 5073/7006/2238 5074/7008/2238 5728/8222/2238
f 5728/8222/2239 5074/7008/2239 5045/6950/2239 5635/8032/2239
f 5732/8230/2212 5075/7010/2212 5076/7013/2212 5733/8233/2212
f 5733/8233/2213 5076/7013/2213 5077/7015/2213 5736/8239/2213
f 5736/8239/2214 5077/7015/2214 5078/7017/2214 5739/8245/2214
f 5739/8245/2215 5078/7017/2215 5079/7019/2215 5742/8251/2215
f 5079/7019/2216 5080/7021/2216 5744/8255/2216 5742/8251/2216
f 5080/7021/2217 5081/7023/2217 5747/8261/2217 5744/8255/2217
f 5081/7023/2218 5082/7025/2218 5749/8265/2218 5747/8261/2218
f 5082/7025/2185 5083/7027/2185 5752/8271/2185 5749/8265/2185
f 5083/7027/2219 5084/7029/2219 5755/8277/2219 5752/8271/2219
f 5084/7029/2220 5085/7031/2220 5758/8283/2220 5755/8277/2220
f 5085/7031/2221 5086/7033/2221 5762/8291/2221 5758/8283/2221
f 5762/8291/2222 5086/7033/2222 5087/7035/2222 5765/8297/2222
f 5765/8297/2223 5087/7035/2223 5088/7037/2223 5768/8303/2223
f 5768/8303/2224 5088/7037/2224 5089/7039/2224 5770/8307/2224
f 5770/8307/2225 5089/7039/2225 5090/7041/2225 5772/8311/2225
f 5772/8311/2226 5090/7041/2226 5091/7043/2226 5775/8318/2226
f 5775/8318/2227 5091/7043/2227 5092/7045/2227 5777/8322/2227
f 5777/8322/2228 5092/7045/2228 5093/7047/2228 5780/8328/2228
f 5780/8328/2229 5093/7047/2229 5094/7049/2229 5783/8334/2229
f 5094/7049/2230 5095/7051/2230 5786/8340/2230 5783/8334/2230
f 5095/7051/2231 5096/7053/2231 5789/8346/2231 5786/8340/2231
f 5096/7053/2232 5097/7055/2232 5792/8352/2232 5789/8346/2232
f 5097/7055/2186 5098/7057/2186 5794/8356/2186 5792/8352/2186
f 5098/7057/2233 5099/7059/2233 5797/8362/2233 5794/8356/2233
f 5099/7059/2234 5100/7061/2234 5800/8368/2234 5797/8362/2234
f 5100/7061/2235 5101/7063/2235 5803/8374/2235 5800/8368/2235
f 5803/8374/2236 5101/7063/2236 5102/7065/2236 5841/8451/2236
f 5841/8451/2237 5102/7065/2237 5103/7067/2237 5844/8458/2237
f 5844/8458/2238 5103/7067/2238 5104/7069/2238 5849/8468/2238
f 5849/8468/2239 5104/7069/2239 5075/7011/2239 5732/8231/2239
f 5854/8478/2212 5105/7071/2212 5106/7074/2212 5855/8481/2212
f 5855/8481/2213 5106/7074/2213 5107/7076/2213 5858/8487/2213
f 5858/8487/2214 5107/7076/2214 5108/7078/2214 5862/8495/2214
f 5862/8495/2215 5108/7078/2215 5109/7080/2215 5865/8501/2215
f 5109/7080/2216 5110/7082/2216 5867/8505/2216 5865/8501/2216
f 5110/7082/2217 5111/7084/2217 5870/8511/2217 5867/8505/2217
f 5111/7084/2218 5112/7086/2218 5873/8517/2218 5870/8511/2218
f 5112/7086/2185 5113/7088/2185 5876/8523/2185 5873/8517/2185
f 5113/7088/2219 5114/7090/2219 5879/8529/2219 5876/8523/2219
f 5114/7090/2220 5115/7092/2220 5882/8535/2220 5879/8529/2220
f 5115/7092/2221 5116/7094/2221 5885/8541/2221 5882/8535/2221
f 5885/8541/2222 5116/7094/2222 5117/7096/2222 5888/8547/2222
f 5888/8547/2223 5117/7096/2223 5118/7098/2223 5891/8553/2223
f 5891/8553/2224 5118/7098/2224 5119/7100/2224 5895/8562/2224
f 5895/8562/2225 5119/7100/2225 5120/7102/2225 5900/8572/2225
f 5900/8572/2226 5120/7102/2226 5121/7104/2226 5903/8578/2226
f 5903/8578/2227 5121/7104/2227 5122/7106/2227 5906/8584/2227
f 5906/8584/2228 5122/7106/2228 5123/7108/2228 5909/8590/2228
f 5909/8590/2229 5123/7108/2229 5124/7110/2229 5912/8596/2229
f 5124/7110/2230 5125/7112/2230 5915/8602/2230 5912/8596/2230
f 5125/7112/2231 5126/7114/2231 5918/8608/2231 5915/8602/2231
f 5126/7114/2232 5127/7116/2232 5921/8614/2232 5918/8608/2232
f 5127/7116/2186 5128/7118/2186 5924/8620/2186 5921/8614/2186
f 5128/7118/2233 5129/7120/2233 5927/8626/2233 5924/8620/2233
f 5129/7120/2234 5130/7122/2234 5929/8630/2234 5927/8626/2234
f 5130/7122/2235 5131/7124/2235 5931/8634/2235 5929/8630/2235
f 5931/8634/2236 5131/7124/2236 5132/7126/2236 5934/8640/2236
f 5934/8640/2237 5132/7126/2237 5133/7128/2237 5937/8646/2237
f 5937/8646/2238 5133/7128/2238 5134/7130/2238 5940/8652/2238
f 5940/8652/2239 5134/7130/2239 5105/7072/2239 5854/8479/2239
f 5681/8124/2212 5135/7132/2212 5136/7135/2212 5945/8662/2212
f 5945/8662/2213 5136/7135/2213 5137/7137/2213 5930/8632/2213
f 5930/8632/2214 5137/7137/2214 5138/7139/2214 5932/8636/2214
f 5932/8636/2215 5138/7139/2215 5139/7141/2215 5933/8638/2215
f 5139/7141/2216 5140/7143/2216 5936/8644/2216 5933/8638/2216
f 5140/7143/2217 5141/7145/2217 5939/8650/2217 5936/8644/2217
f 5141/7145/2218 5142/7147/2218 5942/8656/2218 5939/8650/2218
f 5142/7147/2185 5143/7149/2185 5944/8660/2185 5942/8656/2185
f 5143/7149/2219 5144/7151/2219 5946/8664/2219 5944/8660/2219
f 5144/7151/2220 5145/7153/2220 5951/8674/2220 5946/8664/2220
f 5145/7153/2221 5146/7155/2221 5954/8680/2221 5951/8674/2221
f 5954/8680/2222 5146/7155/2222 5147/7157/2222 5957/8686/2222
f 5957/8686/2223 5147/7157/2223 5148/7159/2223 5960/8692/2223
f 5960/8692/2224 5148/7159/2224 5149/7161/2224 5963/8698/2224
f 5963/8698/2225 5149/7161/2225 5150/7163/2225 5637/8036/2225
f 5637/8036/2226 5150/7163/2226 5151/7165/2226 5639/8040/2226
f 5639/8040/2227 5151/7165/2227 5152/7167/2227 5642/8046/2227
f 5642/8046/2228 5152/7167/2228 5153/7169/2228 5646/8054/2228
f 5646/8054/2229 5153/7169/2229 5154/7171/2229 5649/8060/2229
f 5154/7171/2230 5155/7173/2230 5652/8066/2230 5649/8060/2230
f 5155/7173/2231 5156/7175/2231 5655/8072/2231 5652/8066/2231
f 5156/7175/2232 5157/7177/2232 5658/8078/2232 5655/8072/2232
f 5157/7177/2186 5158/7179/2186 5660/8082/2186 5658/8078/2186
f 5158/7179/2233 5159/7181/2233 5663/8088/2233 5660/8082/2233
f 5159/7181/2234 5160/7183/2234 5666/8094/2234 5663/8088/2234
f 5160/7183/2235 5161/7185/2235 5668/8098/2235 5666/8094/2235
f 5668/8098/2236 5161/7185/2236 5162/7187/2236 5672/8106/2236
f 5672/8106/2237 5162/7187/2237 5163/7189/2237 5675/8112/2237
f 5675/8112/2238 5163/7189/2238 5164/7191/2238 5678/8118/2238
f 5678/8118/2239 5164/7191/2239 5135/7133/2239 5681/8125/2239
f 5682/8127/2212 5165/7193/2212 5166/7196/2212 5685/8134/2212
f 5685/8134/2213 5166/7196/2213 5167/7198/2213 5688/8140/2213
f 5688/8140/2214 5167/7198/2214 5168/7200/2214 5691/8146/2214
f 5691/8146/2215 5168/7200/2215 5169/7202/2215 5694/8152/2215
f 5169/7202/2216 5170/7204/2216 5697/8158/2216 5694/8152/2216
f 5170/7204/2217 5171/7206/2217 5700/8164/2217 5697/8158/2217
f 5171/7206/2218 5172/7208/2218 5703/8170/2218 5700/8164/2218
f 5172/7208/2185 5173/7210/2185 5706/8176/2185 5703/8170/2185
f 5173/7210/2219 5174/7212/2219 5709/8182/2219 5706/8176/2219
f 5174/7212/2220 5175/7214/2220 5713/8190/2220 5709/8182/2220
f 5175/7214/2221 5176/7216/2221 5716/8196/2221 5713/8190/2221
f 5716/8196/2222 5176/7216/2222 5177/7218/2222 5719/8202/2222
f 5719/8202/2223 5177/7218/2223 5178/7220/2223 5723/8212/2223
f 5723/8212/2224 5178/7220/2224 5179/7222/2224 5726/8218/2224
f 5726/8218/2225 5179/7222/2225 5180/7224/2225 5729/8224/2225
f 5729/8224/2226 5180/7224/2226 5181/7226/2226 5731/8228/2226
f 5731/8228/2227 5181/7226/2227 5182/7228/2227 5735/8237/2227
f 5735/8237/2228 5182/7228/2228 5183/7230/2228 5738/8243/2228
f 5738/8243/2229 5183/7230/2229 5184/7232/2229 5741/8249/2229
f 5741/8249/2230 5184/7232/2230 5185/7234/2230 5745/8257/2230
f 5185/7234/2231 5186/7236/2231 5748/8263/2231 5745/8257/2231
f 5186/7236/2232 5187/7238/2232 5750/8267/2232 5748/8263/2232
f 5187/7238/2186 5188/7240/2186 5753/8273/2186 5750/8267/2186
f 5188/7240/2233 5189/7242/2233 5756/8279/2233 5753/8273/2233
f 5189/7242/2234 5190/7244/2234 5759/8285/2234 5756/8279/2234
f 5190/7244/2235 5191/7246/2235 5761/8289/2235 5759/8285/2235
f 5761/8289/2236 5191/7246/2236 5192/7248/2236 5764/8295/2236
f 5764/8295/2237 5192/7248/2237 5193/7250/2237 5767/8301/2237
f 5767/8301/2238 5193/7250/2238 5194/7252/2238 5771/8309/2238
f 5771/8309/2239 5194/7252/2239 5165/7194/2239 5682/8128/2239
f 5773/8313/2212 5195/7254/2212 5196/7257/2212 5774/8316/2212
f 5774/8316/2213 5196/7257/2213 5197/7259/2213 5776/8320/2213
f 5776/8320/2214 5197/7259/2214 5198/7261/2214 5779/8326/2214
f 5779/8326/2215 5198/7261/2215 5199/7263/2215 5782/8332/2215
f 5199/7263/2216 5200/7265/2216 5785/8338/2216 5782/8332/2216
f 5200/7265/2217 5201/7267/2217 5788/8344/2217 5785/8338/2217
f 5201/7267/2218 5202/7269/2218 5791/8350/2218 5788/8344/2218
f 5202/7269/2185 5203/7271/2185 5795/8358/2185 5791/8350/2185
f 5203/7271/2219 5204/7273/2219 5798/8364/2219 5795/8358/2219
f 5204/7273/2220 5205/7275/2220 5801/8370/2220 5798/8364/2220
f 5205/7275/2221 5206/7277/2221 5804/8376/2221 5801/8370/2221
f 5804/8376/2222 5206/7277/2222 5207/7279/2222 5806/8380/2222
f 5806/8380/2223 5207/7279/2223 5208/7281/2223 5809/8386/2223
f 5809/8386/2224 5208/7281/2224 5209/7283/2224 5811/8390/2224
f 5811/8390/2225 5209/7283/2225 5210/7285/2225 5813/8394/2225
f 5813/8394/2226 5210/7285/2226 5211/7287/2226 5814/8396/2226
f 5814/8396/2227 5211/7287/2227 5212/7289/2227 5817/8403/2227
f 5817/8403/2228 5212/7289/2228 5213/7291/2228 5819/8407/2228
f 5819/8407/2229 5213/7291/2229 5214/7293/2229 5821/8411/2229
f 5214/7293/2230 5215/7295/2230 5823/8415/2230 5821/8411/2230
f 5823/8415/2231 5215/7295/2231 5216/7297/2231 5824/8417/2231
f 5216/7297/2232 5217/7299/2232 5826/8421/2232 5824/8417/2232
f 5217/7299/2186 5218/7301/2186 5828/8425/2186 5826/8421/2186
f 5218/7301/2233 5219/7303/2233 5830/8429/2233 5828/8425/2233
f 5219/7303/2234 5220/7305/2234 5832/8433/2234 5830/8429/2234
f 5220/7305/2235 5221/7307/2235 5834/8437/2235 5832/8433/2235
f 5834/8437/2236 5221/7307/2236 5222/7309/2236 5836/8441/2236
f 5836/8441/2237 5222/7309/2237 5223/7311/2237 5838/8445/2237
f 5838/8445/2238 5223/7311/2238 5224/7313/2238 5839/8447/2238
f 5839/8447/2239 5224/7313/2239 5195/7255/2239 5773/8314/2239
f 5843/8455/2212 5225/7315/2212 5226/7318/2212 5846/8462/2212
f 5846/8462/2213 5226/7318/2213 5227/7320/2213 5848/8466/2213
f 5848/8466/2214 5227/7320/2214 5228/7322/2214 5851/8472/2214
f 5851/8472/2215 5228/7322/2215 5229/7324/2215 5853/8476/2215
f 5229/7324/2216 5230/7326/2216 5857/8485/2216 5853/8476/2216
f 5230/7326/2217 5231/7328/2217 5860/8491/2217 5857/8485/2217
f 5231/7328/2218 5232/7330/2218 5863/8497/2218 5860/8491/2218
f 5232/7330/2185 5233/7332/2185 5866/8503/2185 5863/8497/2185
f 5233/7332/2219 5234/7334/2219 5868/8507/2219 5866/8503/2219
f 5234/7334/2220 5235/7336/2220 5871/8513/2220 5868/8507/2220
f 5235/7336/2221 5236/7338/2221 5875/8521/2221 5871/8513/2221
f 5875/8521/2222 5236/7338/2222 5237/7340/2222 5878/8527/2222
f 5878/8527/2223 5237/7340/2223 5238/7342/2223 5880/8531/2223
f 5880/8531/2224 5238/7342/2224 5239/7344/2224 5883/8537/2224
f 5883/8537/2225 5239/7344/2225 5240/7346/2225 5886/8543/2225
f 5886/8543/2226 5240/7346/2226 5241/7348/2226 5889/8549/2226
f 5889/8549/2227 5241/7348/2227 5242/7350/2227 5892/8555/2227
f 5892/8555/2228 5242/7350/2228 5243/7352/2228 5893/8557/2228
f 5893/8557/2229 5243/7352/2229 5244/7354/2229 5897/8566/2229
f 5244/7354/2230 5245/7356/2230 5899/8570/2230 5897/8566/2230
f 5245/7356/2231 5246/7358/2231 5902/8576/2231 5899/8570/2231
f 5246/7358/2232 5247/7360/2232 5905/8582/2232 5902/8576/2232
f 5905/8582/2186 5247/7360/2186 5248/7362/2186 5908/8588/2186
f 5248/7362/2233 5249/7364/2233 5911/8594/2233 5908/8588/2233
f 5249/7364/2234 5250/7366/2234 5914/8600/2234 5911/8594/2234
f 5250/7366/2235 5251/7368/2235 5917/8606/2235 5914/8600/2235
f 5917/8606/2236 5251/7368/2236 5252/7370/2236 5920/8612/2236
f 5920/8612/2237 5252/7370/2237 5253/7372/2237 5923/8618/2237
f 5923/8618/2238 5253/7372/2238 5254/7374/2238 5926/8624/2238
f 5926/8624/2239 5254/7374/2239 5225/7316/2239 5843/8456/2239
f 5720/8204/2212 5255/7376/2212 5256/7379/2212 5636/8034/2212
f 5636/8034/2213 5256/7379/2213 5257/7381/2213 5640/8042/2213
f 5640/8042/2214 5257/7381/2214 5258/7383/2214 5643/8048/2214
f 5643/8048/2215 5258/7383/2215 5259/7385/2215 5644/8050/2215
f 5259/7385/2216 5260/7387/2216 5647/8056/2216 5644/8050/2216
f 5260/7387/2217 5261/7389/2217 5651/8064/2217 5647/8056/2217
f 5261/7389/2218 5262/7391/2218 5654/8070/2218 5651/8064/2218
f 5262/7391/2185 5263/7393/2185 5657/8076/2185 5654/8070/2185
f 5263/7393/2219 5264/7395/2219 5659/8080/2219 5657/8076/2219
f 5264/7395/2220 5265/7397/2220 5661/8084/2220 5659/8080/2220
f 5265/7397/2221 5266/7399/2221 5664/8090/2221 5661/8084/2221
f 5664/8090/2222 5266/7399/2222 5267/7401/2222 5667/8096/2222
f 5667/8096/2223 5267/7401/2223 5268/7403/2223 5669/8100/2223
f 5669/8100/2224 5268/7403/2224 5269/7405/2224 5671/8104/2224
f 5671/8104/2225 5269/7405/2225 5270/7407/2225 5674/8110/2225
f 5674/8110/2226 5270/7407/2226 5271/7409/2226 5677/8116/2226
f 5677/8116/2227 5271/7409/2227 5272/7411/2227 5680/8122/2227
f 5680/8122/2228 5272/7411/2228 5273/7413/2228 5683/8130/2228
f 5683/8130/2229 5273/7413/2229 5274/7415/2229 5686/8136/2229
f 5274/7415/2230 5275/7417/2230 5689/8142/2230 5686/8136/2230
f 5275/7417/2231 5276/7419/2231 5692/8148/2231 5689/8142/2231
f 5276/7419/2232 5277/7421/2232 5695/8154/2232 5692/8148/2232
f 5277/7421/2186 5278/7423/2186 5698/8160/2186 5695/8154/2186
f 5698/8160/2233 5278/7423/2233 5279/7425/2233 5701/8166/2233
f 5279/7425/2234 5280/7427/2234 5705/8174/2234 5701/8166/2234
f 5280/7427/2235 5281/7429/2235 5708/8180/2235 5705/8174/2235
f 5708/8180/2236 5281/7429/2236 5282/7431/2236 5711/8186/2236
f 5711/8186/2237 5282/7431/2237 5283/7433/2237 5714/8192/2237
f 5714/8192/2238 5283/7433/2238 5284/7435/2238 5717/8198/2238
f 5717/8198/2239 5284/7435/2239 5255/7377/2239 5720/8205/2239
f 5722/8209/2212 5285/7437/2212 5286/7440/2212 5724/8214/2212
f 5724/8214/2213 5286/7440/2213 5287/7442/2213 5727/8220/2213
f 5727/8220/2214 5287/7442/2214 5288/7444/2214 5730/8226/2214
f 5730/8226/2215 5288/7444/2215 5289/7446/2215 5734/8235/2215
f 5289/7446/2216 5290/7448/2216 5737/8241/2216 5734/8235/2216
f 5290/7448/2217 5291/7450/2217 5740/8247/2217 5737/8241/2217
f 5291/7450/2218 5292/7452/2218 5743/8253/2218 5740/8247/2218
f 5292/7452/2185 5293/7454/2185 5746/8259/2185 5743/8253/2185
f 5293/7454/2219 5294/7456/2219 5751/8269/2219 5746/8259/2219
f 5294/7456/2220 5295/7458/2220 5754/8275/2220 5751/8269/2220
f 5295/7458/2221 5296/7460/2221 5757/8281/2221 5754/8275/2221
f 5757/8281/2222 5296/7460/2222 5297/7462/2222 5760/8287/2222
f 5760/8287/2223 5297/7462/2223 5298/7464/2223 5763/8293/2223
f 5763/8293/2224 5298/7464/2224 5299/7466/2224 5766/8299/2224
f 5766/8299/2225 5299/7466/2225 5300/7468/2225 5769/8305/2225
f 5769/8305/2226 5300/7468/2226 5301/7470/2226 5778/8324/2226
f 5778/8324/2227 5301/7470/2227 5302/7472/2227 5781/8330/2227
f 5781/8330/2228 5302/7472/2228 5303/7474/2228 5784/8336/2228
f 5784/8336/2229 5303/7474/2229 5304/7476/2229 5787/8342/2229
f 5304/7476/2230 5305/7478/2230 5790/8348/2230 5787/8342/2230
f 5305/7478/2231 5306/7480/2231 5793/8354/2231 5790/8348/2231
f 5306/7480/2232 5307/7482/2232 5796/8360/2232 5793/8354/2232
f 5307/7482/2186 5308/7484/2186 5799/8366/2186 5796/8360/2186
f 5308/7484/2233 5309/7486/2233 5802/8372/2233 5799/8366/2233
f 5802/8372/2234 5309/7486/2234 5310/7488/2234 5805/8378/2234
f 5310/7488/2235 5311/7490/2235 5807/8382/2235 5805/8378/2235
f 5807/8382/2236 5311/7490/2236 5312/7492/2236 5808/8384/2236
f 5808/8384/2237 5312/7492/2237 5313/7494/2237 5810/8388/2237
f 5810/8388/2238 5313/7494/2238 5314/7496/2238 5812/8392/2238
f 5812/8392/2239 5314/7496/2239 5285/7438/2239 5722/8210/2239
f 5815/8398/2212 5315/7498/2212 5316/7501/2212 5816/8401/2212
f 5816/8401/2213 5316/7501/2213 5317/7503/2213 5818/8405/2213
f 5818/8405/2214 5317/7503/2214 5318/7505/2214 5820/8409/2214
f 5318/7505/2215 5319/7507/2215 5822/8413/2215 5820/8409/2215
f 5319/7507/2216 5320/7509/2216 5825/8419/2216 5822/8413/2216
f 5320/7509/2217 5321/7511/2217 5827/8423/2217 5825/8419/2217
f 5321/7511/2218 5322/7513/2218 5829/8427/2218 5827/8423/2218
f 5322/7513/2185 5323/7515/2185 5831/8431/2185 5829/8427/2185
f 5323/7515/2219 5324/7517/2219 5833/8435/2219 5831/8431/2219
f 5324/7517/2220 5325/7519/2220 5835/8439/2220 5833/8435/2220
f 5325/7519/2221 5326/7521/2221 5837/8443/2221 5835/8439/2221
f 5837/8443/2222 5326/7521/2222 5327/7523/2222 5840/8449/2222
f 5840/8449/2223 5327/7523/2223 5328/7525/2223 5842/8453/2223
f 5842/8453/2224 5328/7525/2224 5329/7527/2224 5845/8460/2224
f 5845/8460/2225 5329/7527/2225 5330/7529/2225 5847/8464/2225
f 5847/8464/2226 5330/7529/2226 5331/7531/2226 5850/8470/2226
f 5850/8470/2227 5331/7531/2227 5332/7533/2227 5852/8474/2227
f 5852/8474/2228 5332/7533/2228 5333/7535/2228 5856/8483/2228
f 5856/8483/2229 5333/7535/2229 5334/7537/2229 5859/8489/2229
f 5334/7537/2230 5335/7539/2230 5861/8493/2230 5859/8489/2230
f 5335/7539/2231 5336/7541/2231 5864/8499/2231 5861/8493/2231
f 5336/7541/2232 5337/7543/2232 5869/8509/2232 5864/8499/2232
f 5337/7543/2186 5338/7545/2186 5872/8515/2186 5869/8509/2186
f 5338/7545/2233 5339/7547/2233 5874/8519/2233 5872/8515/2233
f 5339/7547/2234 5340/7549/2234 5877/8525/2234 5874/8519/2234
f 5340/7549/2235 5341/7551/2235 5881/8533/2235 5877/8525/2235
f 5881/8533/2236 5341/7551/2236 5342/7553/2236 5884/8539/2236
f 5884/8539/2237 5342/7553/2237 5343/7555/2237 5887/8545/2237
f 5887/8545/2238 5343/7555/2238 5344/7557/2238 5890/8551/2238
f 5890/8551/2239 5344/7557/2239 5315/7499/2239 5815/8399/2239
f 5345/7559/2212 5346/7562/2212 5896/8564/2212 5894/8559/2212
f 5896/8564/2213 5346/7562/2213 5347/7564/2213 5898/8568/2213
f 5898/8568/2214 5347/7564/2214 5348/7566/2214 5901/8574/2214
f 5901/8574/2215 5348/7566/2215 5349/7568/2215 5904/8580/2215
f 5349/7568/2216 5350/7570/2216 5907/8586/2216 5904/8580/2216
f 5350/7570/2217 5351/7572/2217 5910/8592/2217 5907/8586/2217
f 5351/7572/2218 5352/7574/2218 5913/8598/2218 5910/8592/2218
f 5352/7574/2185 5353/7576/2185 5916/8604/2185 5913/8598/2185
f 5353/7576/2219 5354/7578/2219 5919/8610/2219 5916/8604/2219
f 5354/7578/2220 5355/7580/2220 5922/8616/2220 5919/8610/2220
f 5355/7580/2221 5356/7582/2221 5925/8622/2221 5922/8616/2221
f 5925/8622/2222 5356/7582/2222 5357/7584/2222 5928/8628/2222
f 5928/8628/2223 5357/7584/2223 5358/7586/2223 5935/8642/2223
f 5935/8642/2224 5358/7586/2224 5359/7588/2224 5938/8648/2224
f 5938/8648/2225 5359/7588/2225 5360/7590/2225 5941/8654/2225
f 5941/8654/2226 5360/7590/2226 5361/7592/2226 5943/8658/2226
f 5943/8658/2227 5361/7592/2227 5362/7594/2227 5947/8666/2227
f 5947/8666/2228 5362/7594/2228 5363/7596/2228 5950/8672/2228
f 5950/8672/2229 5363/7596/2229 5364/7598/2229 5953/8678/2229
f 5364/7598/2230 5365/7600/2230 5956/8684/2230 5953/8678/2230
f 5365/7600/2231 5366/7602/2231 5959/8690/2231 5956/8684/2231
f 5366/7602/2232 5367/7604/2232 5962/8696/2232 5959/8690/2232
f 5367/7604/2186 5368/7606/2186 5965/8702/2186 5962/8696/2186
f 5368/7606/2233 5369/7608/2233 5968/8708/2233 5965/8702/2233
f 5369/7608/2234 5370/7610/2234 5971/8714/2234 5968/8708/2234
f 5370/7610/2235 5371/7612/2235 5974/8720/2235 5971/8714/2235
f 5974/8720/2236 5371/7612/2236 5372/7614/2236 5977/8726/2236
f 5977/8726/2237 5372/7614/2237 5373/7616/2237 5979/8730/2237
f 5373/7616/2238 5374/7618/2238 5982/8736/2238 5979/8730/2238
f 5982/8736/2239 5374/7618/2239 5345/7560/2239 5894/8560/2239
f 5986/8744/2212 5375/7620/2212 5376/7623/2212 5988/8749/2212
f 5988/8749/2213 5376/7623/2213 5377/7625/2213 5991/8755/2213
f 5991/8755/2214 5377/7625/2214 5378/7627/2214 5994/8761/2214
f 5994/8761/2215 5378/7627/2215 5379/7629/2215 5997/8767/2215
f 5379/7629/2216 5380/7631/2216 6001/8775/2216 5997/8767/2216
f 5380/7631/2217 5381/7633/2217 6004/8781/2217 6001/8775/2217
f 5381/7633/2218 5382/7635/2218 6007/8787/2218 6004/8781/2218
f 5382/7635/2185 5383/7637/2185 6010/8793/2185 6007/8787/2185
f 5383/7637/2219 5384/7639/2219 6013/8799/2219 6010/8793/2219
f 5384/7639/2220 5385/7641/2220 6015/8803/2220 6013/8799/2220
f 5385/7641/2221 5386/7643/2221 6017/8807/2221 6015/8803/2221
f 6017/8807/2222 5386/7643/2222 5387/7645/2222 6019/8811/2222
f 6019/8811/2223 5387/7645/2223 5388/7647/2223 6022/8818/2223
f 6022/8818/2224 5388/7647/2224 5389/7649/2224 6026/8827/2224
f 6026/8827/2225 5389/7649/2225 5390/7651/2225 6029/8833/2225
f 6029/8833/2226 5390/7651/2226 5391/7653/2226 6031/8837/2226
f 6031/8837/2227 5391/7653/2227 5392/7655/2227 6034/8843/2227
f 6034/8843/2228 5392/7655/2228 5393/7657/2228 6037/8849/2228
f 6037/8849/2229 5393/7657/2229 5394/7659/2229 6038/8851/2229
f 5394/7659/2230 5395/7661/2230 6040/8855/2230 6038/8851/2230
f 5395/7661/2231 5396/7663/2231 6042/8859/2231 6040/8855/2231
f 5396/7663/2232 5397/7665/2232 6044/8863/2232 6042/8859/2232
f 5397/7665/2186 5398/7667/2186 6046/8867/2186 6044/8863/2186
f 5398/7667/2233 5399/7669/2233 6048/8871/2233 6046/8867/2233
f 5399/7669/2234 5400/7671/2234 6036/8847/2234 6048/8871/2234
f 5400/7671/2235 5401/7673/2235 6039/8853/2235 6036/8847/2235
f 6039/8853/2236 5401/7673/2236 5402/7675/2236 6041/8857/2236
f 6041/8857/2237 5402/7675/2237 5403/7677/2237 6043/8861/2237
f 6043/8861/2238 5403/7677/2238 5404/7679/2238 6045/8865/2238
f 6045/8865/2239 5404/7679/2239 5375/7621/2239 5986/8745/2239
f 6020/8813/2212 5405/7681/2212 5406/7684/2212 6047/8869/2212
f 6047/8869/2213 5406/7684/2213 5407/7686/2213 6049/8873/2213
f 6049/8873/2214 5407/7686/2214 5408/7688/2214 6050/8875/2214
f 6050/8875/2215 5408/7688/2215 5409/7690/2215 6051/8877/2215
f 5409/7690/2216 5410/7692/2216 6052/8879/2216 6051/8877/2216
f 5410/7692/2217 5411/7694/2217 6053/8881/2217 6052/8879/2217
f 5411/7694/2218 5412/7696/2218 6054/8883/2218 6053/8881/2218
f 5412/7696/2185 5413/7698/2185 5948/8668/2185 6054/8883/2185
f 5413/7698/2219 5414/7700/2219 5949/8670/2219 5948/8668/2219
f 5414/7700/2220 5415/7702/2220 5952/8676/2220 5949/8670/2220
f 5415/7702/2221 5416/7704/2221 5955/8682/2221 5952/8676/2221
f 5955/8682/2222 5416/7704/2222 5417/7706/2222 5958/8688/2222
f 5958/8688/2223 5417/7706/2223 5418/7708/2223 5961/8694/2223
f 5961/8694/2224 5418/7708/2224 5419/7710/2224 5964/8700/2224
f 5964/8700/2225 5419/7710/2225 5420/7712/2225 5966/8704/2225
f 5966/8704/2226 5420/7712/2226 5421/7714/2226 5969/8710/2226
f 5969/8710/2227 5421/7714/2227 5422/7716/2227 5973/8718/2227
f 5973/8718/2228 5422/7716/2228 5423/7718/2228 5976/8724/2228
f 5976/8724/2229 5423/7718/2229 5424/7720/2229 5980/8732/2229
f 5424/7720/2230 5425/7722/2230 5983/8738/2230 5980/8732/2230
f 5425/7722/2231 5426/7724/2231 5985/8742/2231 5983/8738/2231
f 5426/7724/2232 5427/7726/2232 5989/8751/2232 5985/8742/2232
f 5427/7726/2186 5428/7728/2186 5992/8757/2186 5989/8751/2186
f 5428/7728/2233 5429/7730/2233 5995/8763/2233 5992/8757/2233
f 5429/7730/2234 5430/7732/2234 5998/8769/2234 5995/8763/2234
f 5430/7732/2235 5431/7734/2235 6000/8773/2235 5998/8769/2235
f 6000/8773/2236 5431/7734/2236 5432/7736/2236 6003/8779/2236
f 6003/8779/2237 5432/7736/2237 5433/7738/2237 6006/8785/2237
f 6006/8785/2238 5433/7738/2238 5434/7740/2238 6009/8791/2238
f 6009/8791/2239 5434/7740/2239 5405/7682/2239 6020/8814/2239
f 6023/8820/2212 5435/7742/2212 5436/7745/2212 6024/8823/2212
f 6024/8823/2213 5436/7745/2213 5437/7747/2213 6027/8829/2213
f 6027/8829/2214 5437/7747/2214 5438/7749/2214 6030/8835/2214
f 6030/8835/2215 5438/7749/2215 5439/7751/2215 6033/8841/2215
f 5439/7751/2216 5440/7753/2216 5967/8706/2216 6033/8841/2216
f 5440/7753/2217 5441/7755/2217 5970/8712/2217 5967/8706/2217
f 5441/7755/2218 5442/7757/2218 5972/8716/2218 5970/8712/2218
f 5442/7757/2185 5443/7759/2185 5975/8722/2185 5972/8716/2185
f 5443/7759/2219 5444/7761/2219 5978/8728/2219 5975/8722/2219
f 5444/7761/2240 5445/7763/2240 5981/8734/2240 5978/8728/2240
f 5445/7763/2221 5446/7765/2221 5984/8740/2221 5981/8734/2221
f 5984/8740/2222 5446/7765/2222 5447/7767/2222 5987/8747/2222
f 5987/8747/2223 5447/7767/2223 5448/7769/2223 5990/8753/2223
f 5990/8753/2224 5448/7769/2224 5449/7771/2224 5993/8759/2224
f 5993/8759/2225 5449/7771/2225 5450/7773/2225 5996/8765/2225
f 5996/8765/2226 5450/7773/2226 5451/7775/2226 5999/8771/2226
f 5999/8771/2227 5451/7775/2227 5452/7777/2227 6002/8777/2227
f 6002/8777/2228 5452/7777/2228 5453/7779/2228 6005/8783/2228
f 6005/8783/2229 5453/7779/2229 5454/7781/2229 6008/8789/2229
f 5454/7781/2230 5455/7783/2230 6011/8795/2230 6008/8789/2230
f 5455/7783/2241 5456/7785/2241 6012/8797/2241 6011/8795/2241
f 5456/7785/2232 5457/7787/2232 6014/8801/2232 6012/8797/2232
f 5457/7787/2186 5458/7789/2186 6016/8805/2186 6014/8801/2186
f 5458/7789/2233 5459/7791/2233 6018/8809/2233 6016/8805/2233
f 5459/7791/2242 5460/7793/2242 6021/8816/2242 6018/8809/2242
f 5460/7793/2235 5461/7795/2235 6025/8825/2235 6021/8816/2235
f 6025/8825/2236 5461/7795/2236 5462/7797/2236 6028/8831/2236
f 6028/8831/2237 5462/7797/2237 5463/7799/2237 6032/8839/2237
f 6032/8839/2238 5463/7799/2238 5464/7801/2238 6035/8845/2238
f 6035/8845/2239 5464/7801/2239 5435/7743/2239 6023/8821/2239
f 5561/7945/2169 5571/7958/2169 6056/8886/2169 6055/8885/2169
f 5617/8011/2169 5561/7945/2169 6055/8885/2169 6057/8887/2169
f 5571/7958/2169 5619/8013/2169 6058/8888/2169 6056/8886/2169
f 5619/8013/2169 5617/8011/2169 6057/8887/2169 6058/8888/2169
f 5571/7958/2170 5561/7945/2170 6059/8889/2170 6060/8890/2170
f 5617/8011/2191 5619/8013/2191 6062/8892/2191 6061/8891/2191
f 5561/7945/2186 5617/8011/2186 6061/8891/2186 6059/8889/2186
usemtl black
f 5572/7959/2185 5612/8004/2185 5634/8030/2185 5632/8028/2185
f 5564/7949/2170 5572/7959/2170 5632/8028/2170 5631/8027/2170
f 5612/8004/2191 5609/8001/2191 5633/8029/2191 5634/8030/2191
f 5609/8001/2186 5564/7949/2186 5631/8027/2186 5633/8029/2186
f 5794/8357/2168 5656/8075/2168 5662/8087/2168 5665/8093/2168 5670/8103/2168 5673/8109/2168 5676/8115/2168 5679/8121/2168 5684/8133/2168 5687/8139/2168 5690/8145/2168 5693/8151/2168 5696/8157/2168 5699/8163/2168 5634/8030/2168 5633/8029/2168 5984/8741/2168 5987/8748/2168 5990/8754/2168 5993/8760/2168 5996/8766/2168 5999/8772/2168 6002/8778/2168 6005/8784/2168 6008/8790/2168 6011/8796/2168 6012/8798/2168 6014/8802/2168 5948/8669/2168 5949/8671/2168 5952/8677/2168 5955/8683/2168 5958/8689/2168 5961/8695/2168 5964/8701/2168 5966/8705/2168 5969/8711/2168 5973/8719/2168 5976/8725/2168 5980/8733/2168 5983/8739/2168 5985/8743/2168 5989/8752/2168 6010/8794/2168 6013/8800/2168 6015/8804/2168 6017/8808/2168 6019/8812/2168 6022/8819/2168 6026/8828/2168 6029/8834/2168 6031/8838/2168 6034/8844/2168 6037/8850/2168 6038/8852/2168 6040/8856/2168 6042/8860/2168 6044/8864/2168 5916/8605/2168 5919/8611/2168 5922/8617/2168 5925/8623/2168 5928/8629/2168 5935/8643/2168 5938/8649/2168 5941/8655/2168 5943/8659/2168 5947/8667/2168 5950/8673/2168 5953/8679/2168 5956/8685/2168 5959/8691/2168 5962/8697/2168 5831/8432/2168 5833/8436/2168 5835/8440/2168 5837/8444/2168 5840/8450/2168 5842/8454/2168 5845/8461/2168 5847/8465/2168 5850/8471/2168 5852/8475/2168 5856/8484/2168 5859/8490/2168 5861/8494/2168 5864/8500/2168 5869/8510/2168 5746/8260/2168 5751/8270/2168 5754/8276/2168 5757/8282/2168 5760/8288/2168 5763/8294/2168 5766/8300/2168 5769/8306/2168 5778/8325/2168 5781/8331/2168 5784/8337/2168 5787/8343/2168 5790/8349/2168 5793/8355/2168 5796/8361/2168 5657/8077/2168 5659/8081/2168 5661/8085/2168 5664/8091/2168 5667/8097/2168 5669/8101/2168 5671/8105/2168 5674/8111/2168 5677/8117/2168 5680/8123/2168 5683/8131/2168 5686/8137/2168 5689/8143/2168 5692/8149/2168 5695/8155/2168 5866/8504/2168 5868/8508/2168 5871/8514/2168 5875/8522/2168 5878/8528/2168 5880/8532/2168 5883/8538/2168 5886/8544/2168 5889/8550/2168 5892/8556/2168 5893/8558/2168 5897/8567/2168 5899/8571/2168 5902/8577/2168 5905/8583/2168 5908/8589/2168 5791/8351/2168 5795/8359/2168 5798/8365/2168 5801/8371/2168 5804/8377/2168 5806/8381/2168 5809/8387/2168 5811/8391/2168 5813/8395/2168 5814/8397/2168 5817/8404/2168 5819/8408/2168 5821/8412/2168 5823/8416/2168 5824/8418/2168 5826/8422/2168 5706/8177/2168 5709/8183/2168 5713/8191/2168 5716/8197/2168 5719/8203/2168 5723/8213/2168 5726/8219/2168 5729/8225/2168 5731/8229/2168 5735/8238/2168 5738/8244/2168 5741/8250/2168 5745/8258/2168 5748/8264/2168 5750/8268/2168 5944/8661/2168 5946/8665/2168 5951/8675/2168 5954/8681/2168 5957/8687/2168 5960/8693/2168 5963/8699/2168 5637/8037/2168 5639/8041/2168 5642/8047/2168 5646/8055/2168 5649/8061/2168 5652/8067/2168 5655/8073/2168 5658/8079/2168 5876/8524/2168 5879/8530/2168 5882/8536/2168 5885/8542/2168 5888/8548/2168 5891/8554/2168 5895/8563/2168 5900/8573/2168 5903/8579/2168 5906/8585/2168 5909/8591/2168 5912/8597/2168 5915/8603/2168 5918/8609/2168 5921/8615/2168 5752/8272/2168 5755/8278/2168 5758/8284/2168 5762/8292/2168 5765/8298/2168 5768/8304/2168 5770/8308/2168 5772/8312/2168 5775/8319/2168 5777/8323/2168 5780/8329/2168 5783/8335/2168 5786/8341/2168 5789/8347/2168 5792/8353/2168
f 5944/8661/2168 5750/8268/2168 5753/8274/2168 5756/8280/2168 5759/8286/2168 5761/8290/2168 5764/8296/2168 5767/8302/2168 5771/8310/2168 5682/8129/2168 5685/8135/2168 5688/8141/2168 5691/8147/2168 5694/8153/2168 5697/8159/2168 5700/8165/2168 5703/8171/2168 5706/8177/2168 5826/8422/2168 5828/8426/2168 5830/8430/2168 5832/8434/2168 5834/8438/2168 5836/8442/2168 5838/8446/2168 5839/8448/2168 5773/8315/2168 5774/8317/2168 5776/8321/2168 5779/8327/2168 5782/8333/2168 5785/8339/2168 5788/8345/2168 5791/8351/2168 5908/8589/2168 5911/8595/2168 5914/8601/2168 5917/8607/2168 5920/8613/2168 5923/8619/2168 5926/8625/2168 5843/8457/2168 5846/8463/2168 5848/8467/2168 5851/8473/2168 5853/8477/2168 5857/8486/2168 5860/8492/2168 5863/8498/2168 5866/8504/2168 5695/8155/2168 5698/8161/2168 5701/8167/2168 5705/8175/2168 5708/8181/2168 5711/8187/2168 5714/8193/2168 5717/8199/2168 5720/8206/2168 5636/8035/2168 5640/8043/2168 5643/8049/2168 5644/8051/2168 5647/8057/2168 5651/8065/2168 5654/8071/2168 5657/8077/2168 5796/8361/2168 5799/8367/2168 5802/8373/2168 5805/8379/2168 5807/8383/2168 5808/8385/2168 5810/8389/2168 5812/8393/2168 5722/8211/2168 5724/8215/2168 5727/8221/2168 5730/8227/2168 5734/8236/2168 5737/8242/2168 5740/8248/2168 5743/8254/2168 5746/8260/2168 5869/8510/2168 5872/8516/2168 5874/8520/2168 5877/8526/2168 5881/8534/2168 5884/8540/2168 5887/8546/2168 5890/8552/2168 5815/8400/2168 5816/8402/2168 5818/8406/2168 5820/8410/2168 5822/8414/2168 5825/8420/2168 5827/8424/2168 5829/8428/2168 5831/8432/2168 5962/8697/2168 5965/8703/2168 5968/8709/2168 5971/8715/2168 5974/8721/2168 5977/8727/2168 5979/8731/2168 5982/8737/2168 5894/8561/2168 5896/8565/2168 5898/8569/2168 5901/8575/2168 5904/8581/2168 5907/8587/2168 5910/8593/2168 5913/8599/2168 5916/8605/2168 6044/8864/2168 6046/8868/2168 6048/8872/2168 6036/8848/2168 6039/8854/2168 6041/8858/2168 6043/8862/2168 6045/8866/2168 5986/8746/2168 5988/8750/2168 5991/8756/2168 5994/8762/2168 5997/8768/2168 6001/8776/2168 6004/8782/2168 6007/8788/2168 6010/8794/2168 5989/8752/2168 5992/8758/2168 5995/8764/2168 5998/8770/2168 6000/8774/2168 6003/8780/2168 6006/8786/2168 6009/8792/2168 6020/8815/2168 6047/8870/2168 6049/8874/2168 6050/8876/2168 6051/8878/2168 6052/8880/2168 6053/8882/2168 6054/8884/2168 5948/8669/2168 6014/8802/2168 6016/8806/2168 6018/8810/2168 6021/8817/2168 6025/8826/2168 6028/8832/2168 6032/8840/2168 6035/8846/2168 6023/8822/2168 6024/8824/2168 6027/8830/2168 6030/8836/2168 6033/8842/2168 5967/8707/2168 5970/8713/2168 5972/8717/2168 5975/8723/2168 5978/8729/2168 5981/8735/2168 5984/8741/2168 5633/8029/2168 5631/8027/2168 5632/8028/2168 5634/8030/2168 5699/8163/2168 5702/8169/2168 5704/8173/2168 5707/8179/2168 5710/8185/2168 5712/8189/2168 5715/8195/2168 5718/8201/2168 5721/8208/2168 5725/8217/2168 5728/8223/2168 5635/8033/2168 5638/8039/2168 5641/8045/2168 5645/8053/2168 5648/8059/2168 5650/8063/2168 5653/8069/2168 5656/8075/2168 5794/8357/2168 5797/8363/2168 5800/8369/2168 5803/8375/2168 5841/8452/2168 5844/8459/2168 5849/8469/2168 5732/8232/2168 5733/8234/2168 5736/8240/2168 5739/8246/2168 5742/8252/2168 5744/8256/2168 5747/8262/2168 5749/8266/2168 5752/8272/2168 5921/8615/2168 5924/8621/2168 5927/8627/2168 5929/8631/2168 5931/8635/2168 5934/8641/2168 5937/8647/2168 5940/8653/2168 5854/8480/2168 5855/8482/2168 5858/8488/2168 5862/8496/2168 5865/8502/2168 5867/8506/2168 5870/8512/2168 5873/8518/2168 5876/8524/2168 5658/8079/2168 5660/8083/2168 5663/8089/2168 5666/8095/2168 5668/8099/2168 5672/8107/2168 5675/8113/2168 5678/8119/2168 5681/8126/2168 5945/8663/2168 5930/8633/2168 5932/8637/2168 5933/8639/2168 5936/8645/2168 5939/8651/2168 5942/8657/2168
usemtl LED_
f 5062/6985/2168 5061/6983/2168 5060/6981/2168 5059/6979/2168 5058/6977/2168 5057/6975/2168 5056/6973/2168 5055/6971/2168 5054/6969/2168 5053/6967/2168 5052/6965/2168 5051/6963/2168 5050/6961/2168 5049/6959/2168 5048/6957/2168 5047/6955/2168 5046/6953/2168 5045/6951/2168 5074/7009/2168 5073/7007/2168 5072/7005/2168 5071/7003/2168 5070/7001/2168 5069/6999/2168 5068/6997/2168 5067/6995/2168 5066/6993/2168 5065/6991/2168 5064/6989/2168 5063/6987/2168
f 5102/7066/2168 5101/7064/2168 5100/7062/2168 5099/7060/2168 5098/7058/2168 5097/7056/2168 5096/7054/2168 5095/7052/2168 5094/7050/2168 5093/7048/2168 5092/7046/2168 5091/7044/2168 5090/7042/2168 5089/7040/2168 5088/7038/2168 5087/7036/2168 5086/7034/2168 5085/7032/2168 5084/7030/2168 5083/7028/2168 5082/7026/2168 5081/7024/2168 5080/7022/2168 5079/7020/2168 5078/7018/2168 5077/7016/2168 5076/7014/2168 5075/7012/2168 5104/7070/2168 5103/7068/2168
f 5126/7115/2168 5125/7113/2168 5124/7111/2168 5123/7109/2168 5122/7107/2168 5121/7105/2168 5120/7103/2168 5119/7101/2168 5118/7099/2168 5117/7097/2168 5116/7095/2168 5115/7093/2168 5114/7091/2168 5113/7089/2168 5112/7087/2168 5111/7085/2168 5110/7083/2168 5109/7081/2168 5108/7079/2168 5107/7077/2168 5106/7075/2168 5105/7073/2168 5134/7131/2168 5133/7129/2168 5132/7127/2168 5131/7125/2168 5130/7123/2168 5129/7121/2168 5128/7119/2168 5127/7117/2168
f 5156/7176/2168 5155/7174/2168 5154/7172/2168 5153/7170/2168 5152/7168/2168 5151/7166/2168 5150/7164/2168 5149/7162/2168 5148/7160/2168 5147/7158/2168 5146/7156/2168 5145/7154/2168 5144/7152/2168 5143/7150/2168 5142/7148/2168 5141/7146/2168 5140/7144/2168 5139/7142/2168 5138/7140/2168 5137/7138/2168 5136/7136/2168 5135/7134/2168 5164/7192/2168 5163/7190/2168 5162/7188/2168 5161/7186/2168 5160/7184/2168 5159/7182/2168 5158/7180/2168 5157/7178/2168
f 5180/7225/2168 5179/7223/2168 5178/7221/2168 5177/7219/2168 5176/7217/2168 5175/7215/2168 5174/7213/2168 5173/7211/2168 5172/7209/2168 5171/7207/2168 5170/7205/2168 5169/7203/2168 5168/7201/2168 5167/7199/2168 5166/7197/2168 5165/7195/2168 5194/7253/2168 5193/7251/2168 5192/7249/2168 5191/7247/2168 5190/7245/2168 5189/7243/2168 5188/7241/2168 5187/7239/2168 5186/7237/2168 5185/7235/2168 5184/7233/2168 5183/7231/2168 5182/7229/2168 5181/7227/2168
f 5216/7298/2168 5215/7296/2168 5214/7294/2168 5213/7292/2168 5212/7290/2168 5211/7288/2168 5210/7286/2168 5209/7284/2168 5208/7282/2168 5207/7280/2168 5206/7278/2168 5205/7276/2168 5204/7274/2168 5203/7272/2168 5202/7270/2168 5201/7268/2168 5200/7266/2168 5199/7264/2168 5198/7262/2168 5197/7260/2168 5196/7258/2168 5195/7256/2168 5224/7314/2168 5223/7312/2168 5222/7310/2168 5221/7308/2168 5220/7306/2168 5219/7304/2168 5218/7302/2168 5217/7300/2168
f 5240/7347/2168 5239/7345/2168 5238/7343/2168 5237/7341/2168 5236/7339/2168 5235/7337/2168 5234/7335/2168 5233/7333/2168 5232/7331/2168 5231/7329/2168 5230/7327/2168 5229/7325/2168 5228/7323/2168 5227/7321/2168 5226/7319/2168 5225/7317/2168 5254/7375/2168 5253/7373/2168 5252/7371/2168 5251/7369/2168 5250/7367/2168 5249/7365/2168 5248/7363/2168 5247/7361/2168 5246/7359/2168 5245/7357/2168 5244/7355/2168 5243/7353/2168 5242/7351/2168 5241/7349/2168
f 5282/7432/2168 5281/7430/2168 5280/7428/2168 5279/7426/2168 5278/7424/2168 5277/7422/2168 5276/7420/2168 5275/7418/2168 5274/7416/2168 5273/7414/2168 5272/7412/2168 5271/7410/2168 5270/7408/2168 5269/7406/2168 5268/7404/2168 5267/7402/2168 5266/7400/2168 5265/7398/2168 5264/7396/2168 5263/7394/2168 5262/7392/2168 5261/7390/2168 5260/7388/2168 5259/7386/2168 5258/7384/2168 5257/7382/2168 5256/7380/2168 5255/7378/2168 5284/7436/2168 5283/7434/2168
f 5312/7493/2168 5311/7491/2168 5310/7489/2168 5309/7487/2168 5308/7485/2168 5307/7483/2168 5306/7481/2168 5305/7479/2168 5304/7477/2168 5303/7475/2168 5302/7473/2168 5301/7471/2168 5300/7469/2168 5299/7467/2168 5298/7465/2168 5297/7463/2168 5296/7461/2168 5295/7459/2168 5294/7457/2168 5293/7455/2168 5292/7453/2168 5291/7451/2168 5290/7449/2168 5289/7447/2168 5288/7445/2168 5287/7443/2168 5286/7441/2168 5285/7439/2168 5314/7497/2168 5313/7495/2168
f 5342/7554/2168 5341/7552/2168 5340/7550/2168 5339/7548/2168 5338/7546/2168 5337/7544/2168 5336/7542/2168 5335/7540/2168 5334/7538/2168 5333/7536/2168 5332/7534/2168 5331/7532/2168 5330/7530/2168 5329/7528/2168 5328/7526/2168 5327/7524/2168 5326/7522/2168 5325/7520/2168 5324/7518/2168 5323/7516/2168 5322/7514/2168 5321/7512/2168 5320/7510/2168 5319/7508/2168 5318/7506/2168 5317/7504/2168 5316/7502/2168 5315/7500/2168 5344/7558/2168 5343/7556/2168
f 5356/7583/2168 5355/7581/2168 5354/7579/2168 5353/7577/2168 5352/7575/2168 5351/7573/2168 5350/7571/2168 5349/7569/2168 5348/7567/2168 5347/7565/2168 5346/7563/2168 5345/7561/2168 5374/7619/2168 5373/7617/2168 5372/7615/2168 5371/7613/2168 5370/7611/2168 5369/7609/2168 5368/7607/2168 5367/7605/2168 5366/7603/2168 5365/7601/2168 5364/7599/2168 5363/7597/2168 5362/7595/2168 5361/7593/2168 5360/7591/2168 5359/7589/2168 5358/7587/2168 5357/7585/2168
f 5386/7644/2168 5385/7642/2168 5384/7640/2168 5383/7638/2168 5382/7636/2168 5381/7634/2168 5380/7632/2168 5379/7630/2168 5378/7628/2168 5377/7626/2168 5376/7624/2168 5375/7622/2168 5404/7680/2168 5403/7678/2168 5402/7676/2168 5401/7674/2168 5400/7672/2168 5399/7670/2168 5398/7668/2168 5397/7666/2168 5396/7664/2168 5395/7662/2168 5394/7660/2168 5393/7658/2168 5392/7656/2168 5391/7654/2168 5390/7652/2168 5389/7650/2168 5388/7648/2168 5387/7646/2168
f 5416/7705/2168 5415/7703/2168 5414/7701/2168 5413/7699/2168 5412/7697/2168 5411/7695/2168 5410/7693/2168 5409/7691/2168 5408/7689/2168 5407/7687/2168 5406/7685/2168 5405/7683/2168 5434/7741/2168 5433/7739/2168 5432/7737/2168 5431/7735/2168 5430/7733/2168 5429/7731/2168 5428/7729/2168 5427/7727/2168 5426/7725/2168 5425/7723/2168 5424/7721/2168 5423/7719/2168 5422/7717/2168 5421/7715/2168 5420/7713/2168 5419/7711/2168 5418/7709/2168 5417/7707/2168
f 5436/7746/2168 5435/7744/2168 5464/7802/2168 5463/7800/2168 5462/7798/2168 5461/7796/2168 5460/7794/2168 5459/7792/2168 5458/7790/2168 5457/7788/2168 5456/7786/2168 5455/7784/2168 5454/7782/2168 5453/7780/2168 5452/7778/2168 5451/7776/2168 5450/7774/2168 5449/7772/2168 5448/7770/2168 5447/7768/2168 5446/7766/2168 5445/7764/2168 5444/7762/2168 5443/7760/2168 5442/7758/2168 5441/7756/2168 5440/7754/2168 5439/7752/2168 5438/7750/2168 5437/7748/2168
usemtl Steering_Wheel_Screen
f 5622/8016/2168 5623/8017/2168 5624/8018/2168 5621/8015/2168
f 5622/8016/2168 5621/8015/2168 5626/8020/2168 5625/8019/2168
usemtl Gear_up/down
f 6078/8908/2243 6063/8893/2243 6084/8914/2243 6080/8910/2243
f 6060/8890/2168 6059/8889/2168 6067/8897/2168 6068/8898/2168
f 6062/8892/2168 6060/8890/2168 6068/8898/2168 6070/8900/2168
f 6059/8889/2168 6061/8891/2168 6069/8899/2168 6067/8897/2168
f 6061/8891/2168 6062/8892/2168 6070/8900/2168 6069/8899/2168
f 6069/8899/2244 6070/8900/2244 6074/8904/2244 6073/8903/2244
f 6072/8902/2169 6071/8901/2169 6073/8903/2169 6074/8904/2169
f 6071/8901/2245 6067/8897/2245 6066/8896/2245 6075/8905/2245
f 6067/8897/2246 6069/8899/2246 6065/8895/2246 6066/8896/2246
f 6068/8898/2247 6067/8897/2247 6071/8901/2247 6072/8902/2247
f 6075/8905/2245 6066/8896/2245 6085/8915/2245 6081/8911/2245
f 6074/8904/2248 6070/8900/2248 6063/8893/2248 6078/8908/2248
f 6072/8902/2249 6074/8904/2249 6078/8908/2249 6077/8907/2249
f 6070/8900/2250 6068/8898/2250 6064/8894/2250 6063/8893/2250
f 6068/8898/2251 6072/8902/2251 6077/8907/2251 6064/8894/2251
f 6069/8899/2252 6073/8903/2252 6076/8906/2252 6065/8895/2252
f 6073/8903/2253 6071/8901/2253 6075/8905/2253 6076/8906/2253
f 6085/8915/2254 6086/8916/2254 6082/8912/2254 6081/8911/2254
f 6084/8914/2255 6083/8913/2255 6079/8909/2255 6080/8910/2255
f 6063/8893/2250 6064/8894/2250 6083/8913/2250 6084/8914/2250
f 6066/8896/2246 6065/8895/2246 6086/8916/2246 6085/8915/2246
f 6064/8894/2251 6077/8907/2251 6079/8909/2251 6083/8913/2251
f 6077/8907/2249 6078/8908/2249 6080/8910/2249 6079/8909/2249
f 6065/8895/2256 6076/8906/2256 6082/8912/2256 6086/8916/2256
f 6076/8906/2253 6075/8905/2253 6081/8911/2253 6082/8912/2253
o Cylinder
v -1.223092 2.244003 -0.005059
v -1.184996 2.244003 -0.005069
v -1.223093 2.243587 -0.009020
v -1.184997 2.243587 -0.009029
v -1.223094 2.242356 -0.012807
v -1.184998 2.242356 -0.012816
v -1.223095 2.240365 -0.016256
v -1.184999 2.240365 -0.016265
v -1.223096 2.237700 -0.019215
v -1.184999 2.237700 -0.019224
v -1.223096 2.234479 -0.021556
v -1.185000 2.234479 -0.021565
v -1.223097 2.230841 -0.023175
v -1.185000 2.230841 -0.023185
v -1.223097 2.226946 -0.024003
v -1.185001 2.226946 -0.024012
v -1.223097 2.222964 -0.024003
v -1.185001 2.222964 -0.024012
v -1.223097 2.219068 -0.023175
v -1.185000 2.219068 -0.023185
v -1.223096 2.215430 -0.021556
v -1.185000 2.215430 -0.021565
v -1.223096 2.212209 -0.019215
v -1.184999 2.212209 -0.019224
v -1.223095 2.209544 -0.016256
v -1.184999 2.209544 -0.016265
v -1.223094 2.207553 -0.012807
v -1.184998 2.207553 -0.012816
v -1.223093 2.206323 -0.009020
v -1.184997 2.206323 -0.009029
v -1.223092 2.205906 -0.005059
v -1.184996 2.205906 -0.005069
v -1.223091 2.206323 -0.001099
v -1.184995 2.206323 -0.001108
v -1.223090 2.207553 0.002688
v -1.184994 2.207553 0.002679
v -1.223090 2.209544 0.006137
v -1.184993 2.209544 0.006128
v -1.223089 2.212209 0.009096
v -1.184992 2.212209 0.009087
v -1.223088 2.215430 0.011437
v -1.184992 2.215430 0.011428
v -1.223088 2.219068 0.013056
v -1.184991 2.219068 0.013047
v -1.223088 2.222964 0.013884
v -1.184991 2.222964 0.013875
v -1.223088 2.226946 0.013884
v -1.184991 2.226946 0.013875
v -1.223088 2.230841 0.013056
v -1.184991 2.230841 0.013047
v -1.223088 2.234479 0.011437
v -1.184992 2.234479 0.011428
v -1.223089 2.237700 0.009096
v -1.184992 2.237700 0.009087
v -1.223090 2.240365 0.006137
v -1.184993 2.240365 0.006128
v -1.223090 2.242356 0.002688
v -1.184994 2.242356 0.002679
v -1.223091 2.243587 -0.001099
v -1.184995 2.243587 -0.001108
vn -0.0000 0.9945 -0.1045
vn -0.0001 0.9511 -0.3090
vn -0.0001 0.8660 -0.5000
vn -0.0002 0.7431 -0.6691
vn -0.0002 0.5878 -0.8090
vn -0.0002 0.4067 -0.9135
vn -0.0002 0.2079 -0.9781
vn -0.0002 -0.0000 -1.0000
vn -0.0002 -0.2079 -0.9781
vn -0.0002 -0.4067 -0.9135
vn -0.0002 -0.5878 -0.8090
vn -0.0002 -0.7431 -0.6691
vn -0.0001 -0.8660 -0.5000
vn -0.0001 -0.9511 -0.3090
vn -0.0000 -0.9945 -0.1045
vn -0.0000 -0.9945 0.1045
vn 0.0001 -0.9511 0.3090
vn 0.0001 -0.8660 0.5000
vn 0.0002 -0.7431 0.6691
vn 0.0002 -0.5878 0.8090
vn 0.0002 -0.4067 0.9135
vn 0.0002 -0.2079 0.9781
vn 0.0002 -0.0000 1.0000
vn 0.0002 0.2079 0.9781
vn 0.0002 0.4067 0.9135
vn 0.0002 0.5878 0.8090
vn 0.0002 0.7431 0.6691
vn 0.0001 0.8660 0.5000
vn 1.0000 -0.0000 -0.0002
vn 0.0001 0.9511 0.3090
vn -0.0000 0.9945 0.1045
vn -1.0000 -0.0000 0.0002
vt 1.000000 0.500000
vt -0.000000 0.500000
vt 0.750000 0.490000
vt 1.000000 1.000000
vt 0.250000 0.490000
vt -0.000000 1.000000
vt 0.966667 0.500000
vt 0.799899 0.484755
vt 0.966667 1.000000
vt 0.299899 0.484755
vt 0.933333 0.500000
vt 0.847617 0.469251
vt 0.933333 1.000000
vt 0.347617 0.469251
vt 0.900000 0.500000
vt 0.891068 0.444164
vt 0.900000 1.000000
vt 0.391068 0.444164
vt 0.866667 0.500000
vt 0.928355 0.410591
vt 0.866667 1.000000
vt 0.428355 0.410591
vt 0.833333 0.500000
vt 0.957846 0.370000
vt 0.833333 1.000000
vt 0.457846 0.370000
vt 0.800000 0.500000
vt 0.978254 0.324164
vt 0.800000 1.000000
vt 0.478254 0.324164
vt 0.766666 0.500000
vt 0.988685 0.275087
vt 0.766666 1.000000
vt 0.488685 0.275087
vt 0.733333 0.500000
vt 0.988685 0.224913
vt 0.733333 1.000000
vt 0.488685 0.224913
vt 0.700000 0.500000
vt 0.978254 0.175836
vt 0.700000 1.000000
vt 0.478254 0.175836
vt 0.666666 0.500000
vt 0.957846 0.130000
vt 0.666666 1.000000
vt 0.457846 0.130000
vt 0.633333 0.500000
vt 0.928355 0.089409
vt 0.633333 1.000000
vt 0.428355 0.089409
vt 0.600000 0.500000
vt 0.891068 0.055836
vt 0.600000 1.000000
vt 0.391068 0.055836
vt 0.566666 0.500000
vt 0.847617 0.030749
vt 0.566666 1.000000
vt 0.347617 0.030749
vt 0.533333 0.500000
vt 0.799899 0.015245
vt 0.533333 1.000000
vt 0.299899 0.015245
vt 0.500000 0.500000
vt 0.750000 0.010000
vt 0.500000 1.000000
vt 0.250000 0.010000
vt 0.466666 0.500000
vt 0.700101 0.015245
vt 0.466666 1.000000
vt 0.200101 0.015245
vt 0.433333 0.500000
vt 0.652383 0.030749
vt 0.433333 1.000000
vt 0.152383 0.030749
vt 0.400000 0.500000
vt 0.608932 0.055836
vt 0.400000 1.000000
vt 0.108932 0.055836
vt 0.366666 0.500000
vt 0.571645 0.089409
vt 0.366666 1.000000
vt 0.071645 0.089409
vt 0.333333 0.500000
vt 0.542154 0.130000
vt 0.333333 1.000000
vt 0.042154 0.130000
vt 0.300000 0.500000
vt 0.521746 0.175836
vt 0.300000 1.000000
vt 0.021746 0.175836
vt 0.266666 0.500000
vt 0.511315 0.224913
vt 0.266666 1.000000
vt 0.011315 0.224913
vt 0.233333 0.500000
vt 0.511315 0.275087
vt 0.233333 1.000000
vt 0.011315 0.275087
vt 0.200000 0.500000
vt 0.521746 0.324164
vt 0.200000 1.000000
vt 0.021746 0.324164
vt 0.166666 0.500000
vt 0.542154 0.370000
vt 0.166666 1.000000
vt 0.042154 0.370000
vt 0.133333 0.500000
vt 0.571645 0.410591
vt 0.133333 1.000000
vt 0.071645 0.410591
vt 0.100000 0.500000
vt 0.608931 0.444164
vt 0.100000 1.000000
vt 0.108931 0.444164
vt 0.066666 0.500000
vt 0.652383 0.469251
vt 0.152383 0.469251
vt 0.066666 1.000000
vt 0.033333 0.500000
vt 0.700101 0.484755
vt 0.200101 0.484755
vt 0.033333 1.000000
s 0
usemtl Steering_Wheel_Button_1
f 6087/8917/2257 6088/8920/2257 6090/8925/2257 6089/8923/2257
f 6089/8923/2258 6090/8925/2258 6092/8929/2258 6091/8927/2258
f 6091/8927/2259 6092/8929/2259 6094/8933/2259 6093/8931/2259
f 6093/8931/2260 6094/8933/2260 6096/8937/2260 6095/8935/2260
f 6095/8935/2261 6096/8937/2261 6098/8941/2261 6097/8939/2261
f 6097/8939/2262 6098/8941/2262 6100/8945/2262 6099/8943/2262
f 6099/8943/2263 6100/8945/2263 6102/8949/2263 6101/8947/2263
f 6101/8947/2264 6102/8949/2264 6104/8953/2264 6103/8951/2264
f 6103/8951/2265 6104/8953/2265 6106/8957/2265 6105/8955/2265
f 6105/8955/2266 6106/8957/2266 6108/8961/2266 6107/8959/2266
f 6107/8959/2267 6108/8961/2267 6110/8965/2267 6109/8963/2267
f 6109/8963/2268 6110/8965/2268 6112/8969/2268 6111/8967/2268
f 6111/8967/2269 6112/8969/2269 6114/8973/2269 6113/8971/2269
f 6113/8971/2270 6114/8973/2270 6116/8977/2270 6115/8975/2270
f 6115/8975/2271 6116/8977/2271 6118/8981/2271 6117/8979/2271
f 6117/8979/2272 6118/8981/2272 6120/8985/2272 6119/8983/2272
f 6119/8983/2273 6120/8985/2273 6122/8989/2273 6121/8987/2273
f 6121/8987/2274 6122/8989/2274 6124/8993/2274 6123/8991/2274
f 6123/8991/2275 6124/8993/2275 6126/8997/2275 6125/8995/2275
f 6125/8995/2276 6126/8997/2276 6128/9001/2276 6127/8999/2276
f 6127/8999/2277 6128/9001/2277 6130/9005/2277 6129/9003/2277
f 6129/9003/2278 6130/9005/2278 6132/9009/2278 6131/9007/2278
f 6131/9007/2279 6132/9009/2279 6134/9013/2279 6133/9011/2279
f 6133/9011/2280 6134/9013/2280 6136/9017/2280 6135/9015/2280
f 6135/9015/2281 6136/9017/2281 6138/9021/2281 6137/9019/2281
f 6137/9019/2282 6138/9021/2282 6140/9025/2282 6139/9023/2282
f 6139/9023/2283 6140/9025/2283 6142/9029/2283 6141/9027/2283
f 6141/9027/2284 6142/9029/2284 6144/9034/2284 6143/9031/2284
f 6090/8926/2285 6088/8921/2285 6146/9037/2285 6144/9033/2285 6142/9030/2285 6140/9026/2285 6138/9022/2285 6136/9018/2285 6134/9014/2285 6132/9010/2285 6130/9006/2285 6128/9002/2285 6126/8998/2285 6124/8994/2285 6122/8990/2285 6120/8986/2285 6118/8982/2285 6116/8978/2285 6114/8974/2285 6112/8970/2285 6110/8966/2285 6108/8962/2285 6106/8958/2285 6104/8954/2285 6102/8950/2285 6100/8946/2285 6098/8942/2285 6096/8938/2285 6094/8934/2285 6092/8930/2285
f 6143/9031/2286 6144/9034/2286 6146/9038/2286 6145/9035/2286
f 6145/9035/2287 6146/9038/2287 6088/8922/2287 6087/8918/2287
f 6087/8919/2288 6089/8924/2288 6091/8928/2288 6093/8932/2288 6095/8936/2288 6097/8940/2288 6099/8944/2288 6101/8948/2288 6103/8952/2288 6105/8956/2288 6107/8960/2288 6109/8964/2288 6111/8968/2288 6113/8972/2288 6115/8976/2288 6117/8980/2288 6119/8984/2288 6121/8988/2288 6123/8992/2288 6125/8996/2288 6127/9000/2288 6129/9004/2288 6131/9008/2288 6133/9012/2288 6135/9016/2288 6137/9020/2288 6139/9024/2288 6141/9028/2288 6143/9032/2288 6145/9036/2288
o Cylinder.004
v -1.259165 2.260010 -0.005051
v -1.187784 2.260010 -0.005068
v -1.259167 2.259230 -0.012471
v -1.187786 2.259230 -0.012489
v -1.259169 2.256925 -0.019567
v -1.187787 2.256925 -0.019585
v -1.259170 2.253194 -0.026029
v -1.187789 2.253194 -0.026046
v -1.259172 2.248201 -0.031574
v -1.187790 2.248201 -0.031591
v -1.259173 2.242165 -0.035960
v -1.187791 2.242165 -0.035977
v -1.259174 2.235348 -0.038995
v -1.187792 2.235348 -0.039012
v -1.259174 2.228050 -0.040546
v -1.187792 2.228050 -0.040563
v -1.259174 2.220589 -0.040546
v -1.187792 2.220589 -0.040563
v -1.259174 2.213290 -0.038995
v -1.187792 2.213290 -0.039012
v -1.259173 2.206474 -0.035960
v -1.187791 2.206474 -0.035977
v -1.259172 2.200438 -0.031574
v -1.187790 2.200438 -0.031591
v -1.259170 2.195445 -0.026029
v -1.187789 2.195445 -0.026046
v -1.259169 2.191714 -0.019567
v -1.187787 2.191714 -0.019585
v -1.259167 2.189409 -0.012471
v -1.187786 2.189409 -0.012489
v -1.259165 2.188629 -0.005051
v -1.187784 2.188629 -0.005068
v -1.259163 2.189409 0.002370
v -1.187782 2.189409 0.002353
v -1.259162 2.191714 0.009466
v -1.187780 2.191714 0.009449
v -1.259160 2.195445 0.015928
v -1.187779 2.195445 0.015911
v -1.259159 2.200438 0.021473
v -1.187777 2.200438 0.021455
v -1.259158 2.206474 0.025858
v -1.187776 2.206474 0.025841
v -1.259157 2.213290 0.028893
v -1.187775 2.213290 0.028876
v -1.259157 2.220589 0.030445
v -1.187775 2.220589 0.030427
v -1.259157 2.228050 0.030445
v -1.187775 2.228050 0.030427
v -1.259157 2.235348 0.028893
v -1.187775 2.235348 0.028876
v -1.259158 2.242165 0.025858
v -1.187776 2.242165 0.025841
v -1.259159 2.248201 0.021473
v -1.187777 2.248201 0.021455
v -1.259160 2.253194 0.015928
v -1.187779 2.253194 0.015911
v -1.259162 2.256925 0.009466
v -1.187780 2.256925 0.009449
v -1.259163 2.259230 0.002370
v -1.187782 2.259230 0.002353
v -1.259165 2.249138 -0.005051
v -1.259166 2.248595 -0.010211
v -1.187785 2.248595 -0.010228
v -1.187784 2.249138 -0.005068
v -1.259168 2.246992 -0.015145
v -1.187786 2.246992 -0.015162
v -1.259169 2.244398 -0.019638
v -1.187787 2.244398 -0.019656
v -1.259170 2.240926 -0.023494
v -1.187788 2.240926 -0.023511
v -1.259171 2.236729 -0.026544
v -1.187789 2.236729 -0.026561
v -1.259171 2.231989 -0.028654
v -1.187789 2.231989 -0.028671
v -1.259171 2.226914 -0.029733
v -1.187790 2.226914 -0.029750
v -1.259171 2.221725 -0.029733
v -1.187790 2.221725 -0.029750
v -1.259171 2.216650 -0.028654
v -1.187789 2.216650 -0.028671
v -1.259171 2.211910 -0.026544
v -1.187789 2.211910 -0.026561
v -1.259170 2.207713 -0.023494
v -1.187788 2.207713 -0.023511
v -1.259169 2.204241 -0.019638
v -1.187787 2.204241 -0.019656
v -1.259168 2.201647 -0.015145
v -1.187786 2.201647 -0.015162
v -1.259166 2.200044 -0.010211
v -1.187785 2.200044 -0.010228
v -1.259165 2.199501 -0.005051
v -1.187784 2.199501 -0.005068
v -1.259164 2.200044 0.000109
v -1.187783 2.200044 0.000092
v -1.259163 2.201647 0.005044
v -1.187781 2.201647 0.005026
v -1.259162 2.204241 0.009537
v -1.187780 2.204241 0.009520
v -1.259161 2.207713 0.013393
v -1.187779 2.207713 0.013376
v -1.259160 2.211910 0.016442
v -1.187778 2.211910 0.016425
v -1.259160 2.216650 0.018553
v -1.187778 2.216650 0.018536
v -1.259159 2.221725 0.019632
v -1.187778 2.221725 0.019614
v -1.259159 2.226914 0.019632
v -1.187778 2.226914 0.019614
v -1.259160 2.231989 0.018553
v -1.187778 2.231989 0.018536
v -1.259160 2.236728 0.016443
v -1.187778 2.236728 0.016425
v -1.259161 2.240926 0.013393
v -1.187779 2.240926 0.013376
v -1.259162 2.244398 0.009537
v -1.187780 2.244398 0.009520
v -1.259163 2.246992 0.005044
v -1.187781 2.246992 0.005027
v -1.259164 2.248595 0.000109
v -1.187783 2.248595 0.000092
v -1.321739 2.260010 -0.005036
v -1.321741 2.259230 -0.012456
v -1.321743 2.256925 -0.019552
v -1.321744 2.253194 -0.026014
v -1.321746 2.248201 -0.031559
v -1.321747 2.242165 -0.035945
v -1.321747 2.235348 -0.038979
v -1.321748 2.228050 -0.040531
v -1.321748 2.220589 -0.040531
v -1.321747 2.213290 -0.038979
v -1.321747 2.206474 -0.035945
v -1.321746 2.200438 -0.031559
v -1.321744 2.195445 -0.026014
v -1.321743 2.191714 -0.019552
v -1.321741 2.189409 -0.012456
v -1.321739 2.188629 -0.005036
v -1.321737 2.189409 0.002385
v -1.321736 2.191714 0.009481
v -1.321734 2.195445 0.015943
v -1.321733 2.200438 0.021488
v -1.321732 2.206474 0.025874
v -1.321731 2.213290 0.028908
v -1.321730 2.220589 0.030460
v -1.321730 2.228050 0.030460
v -1.321731 2.235348 0.028908
v -1.321732 2.242165 0.025874
v -1.321733 2.248201 0.021488
v -1.321734 2.253194 0.015943
v -1.321736 2.256925 0.009481
v -1.321737 2.259230 0.002385
v -1.321739 2.249138 -0.005036
v -1.321740 2.248595 -0.010196
v -1.321741 2.246992 -0.015130
v -1.321743 2.244398 -0.019623
v -1.321743 2.240926 -0.023479
v -1.321744 2.236729 -0.026529
v -1.321745 2.231989 -0.028639
v -1.321745 2.226914 -0.029718
v -1.321745 2.221725 -0.029718
v -1.321745 2.216650 -0.028639
v -1.321744 2.211910 -0.026529
v -1.321743 2.207713 -0.023479
v -1.321743 2.204241 -0.019623
v -1.321741 2.201647 -0.015130
v -1.321740 2.200044 -0.010196
v -1.321739 2.199501 -0.005036
v -1.321738 2.200044 0.000124
v -1.321737 2.201647 0.005059
v -1.321736 2.204241 0.009552
v -1.321735 2.207713 0.013408
v -1.321734 2.211910 0.016458
v -1.321733 2.216650 0.018568
v -1.321733 2.221725 0.019647
v -1.321733 2.226914 0.019647
v -1.321733 2.231989 0.018568
v -1.321734 2.236728 0.016458
v -1.321735 2.240926 0.013408
v -1.321736 2.244398 0.009552
v -1.321737 2.246992 0.005059
v -1.321738 2.248595 0.000125
v -1.385165 2.249138 -0.005020
v -1.385167 2.248595 -0.010180
v -1.385168 2.246992 -0.015115
v -1.385169 2.244398 -0.019608
v -1.385170 2.240926 -0.023464
v -1.385171 2.236729 -0.026513
v -1.385171 2.231989 -0.028624
v -1.385171 2.226914 -0.029702
v -1.385171 2.221725 -0.029702
v -1.385171 2.216650 -0.028624
v -1.385171 2.211910 -0.026513
v -1.385170 2.207713 -0.023464
v -1.385169 2.204241 -0.019608
v -1.385168 2.201647 -0.015115
v -1.385167 2.200044 -0.010180
v -1.385165 2.199501 -0.005020
v -1.385164 2.200044 0.000140
v -1.385163 2.201647 0.005074
v -1.385162 2.204241 0.009568
v -1.385161 2.207713 0.013423
v -1.385160 2.211910 0.016473
v -1.385160 2.216650 0.018583
v -1.385159 2.221725 0.019662
v -1.385159 2.226914 0.019662
v -1.385160 2.231989 0.018583
v -1.385160 2.236728 0.016473
v -1.385161 2.240926 0.013423
v -1.385162 2.244398 0.009568
v -1.385163 2.246992 0.005074
v -1.385164 2.248595 0.000140
vn -0.0000 -0.9945 0.1045
vn 0.0001 -0.9511 0.3090
vn 0.0001 -0.8660 0.5000
vn 0.0002 -0.7431 0.6691
vn 0.0002 -0.5878 0.8090
vn 0.0002 -0.4067 0.9135
vn 0.0002 -0.2079 0.9781
vn 0.0002 -0.0000 1.0000
vn 0.0002 0.2079 0.9781
vn 0.0002 0.4067 0.9135
vn 0.0002 0.5878 0.8090
vn 0.0002 0.7431 0.6691
vn 0.0001 0.8660 0.5000
vn 0.0001 0.9511 0.3090
vn -0.0000 0.9945 0.1045
vn -0.0000 0.9945 -0.1045
vn -0.0001 0.9511 -0.3090
vn -0.0001 0.8660 -0.5000
vn -0.0002 0.7431 -0.6691
vn -0.0002 0.5878 -0.8090
vn -0.0002 0.4067 -0.9135
vn -0.0002 0.2079 -0.9781
vn -0.0002 -0.0000 -1.0000
vn -0.0002 -0.2079 -0.9781
vn -0.0002 -0.4067 -0.9135
vn -0.0002 -0.5878 -0.8090
vn -0.0002 -0.7431 -0.6691
vn -0.0001 -0.8660 -0.5000
vn -0.0001 -0.9511 -0.3090
vn -0.0000 -0.9945 -0.1045
vn -1.0000 -0.0000 0.0002
vn 1.0000 -0.0000 -0.0002
vt -0.000000 0.500000
vt 1.000000 0.500000
vt 1.000000 1.000000
vt -0.000000 1.000000
vt 0.966667 0.500000
vt 0.966667 1.000000
vt 0.933333 0.500000
vt 0.933333 1.000000
vt 0.900000 0.500000
vt 0.900000 1.000000
vt 0.866667 0.500000
vt 0.866667 1.000000
vt 0.833333 0.500000
vt 0.833333 1.000000
vt 0.800000 0.500000
vt 0.800000 1.000000
vt 0.766666 0.500000
vt 0.766666 1.000000
vt 0.733333 0.500000
vt 0.733333 1.000000
vt 0.700000 0.500000
vt 0.700000 1.000000
vt 0.666666 0.500000
vt 0.666666 1.000000
vt 0.633333 0.500000
vt 0.633333 1.000000
vt 0.600000 0.500000
vt 0.600000 1.000000
vt 0.566666 0.500000
vt 0.566666 1.000000
vt 0.533333 0.500000
vt 0.533333 1.000000
vt 0.500000 0.500000
vt 0.500000 1.000000
vt 0.466666 0.500000
vt 0.466666 1.000000
vt 0.433333 0.500000
vt 0.433333 1.000000
vt 0.400000 0.500000
vt 0.400000 1.000000
vt 0.366666 0.500000
vt 0.366666 1.000000
vt 0.333333 0.500000
vt 0.333333 1.000000
vt 0.300000 0.500000
vt 0.300000 1.000000
vt 0.266666 0.500000
vt 0.266666 1.000000
vt 0.233333 0.500000
vt 0.233333 1.000000
vt 0.200000 0.500000
vt 0.200000 1.000000
vt 0.166666 0.500000
vt 0.166666 1.000000
vt 0.133333 0.500000
vt 0.133333 1.000000
vt 0.100000 0.500000
vt 0.100000 1.000000
vt 0.066666 0.500000
vt 0.066666 1.000000
vt 0.033333 0.500000
vt 0.033333 1.000000
vt 1.000000 0.500000
vt -0.000000 0.500000
vt 0.966667 0.500000
vt 0.966667 1.000000
vt 1.000000 1.000000
vt -0.000000 1.000000
vt 0.933333 0.500000
vt 0.933333 1.000000
vt 0.900000 0.500000
vt 0.900000 1.000000
vt 0.866667 0.500000
vt 0.866667 1.000000
vt 0.833333 0.500000
vt 0.833333 1.000000
vt 0.800000 0.500000
vt 0.800000 1.000000
vt 0.766666 0.500000
vt 0.766666 1.000000
vt 0.733333 0.500000
vt 0.733333 1.000000
vt 0.700000 0.500000
vt 0.700000 1.000000
vt 0.666666 0.500000
vt 0.666666 1.000000
vt 0.633333 0.500000
vt 0.633333 1.000000
vt 0.600000 0.500000
vt 0.600000 1.000000
vt 0.566666 0.500000
vt 0.566666 1.000000
vt 0.533333 0.500000
vt 0.533333 1.000000
vt 0.500000 0.500000
vt 0.500000 1.000000
vt 0.466666 0.500000
vt 0.466666 1.000000
vt 0.433333 0.500000
vt 0.433333 1.000000
vt 0.400000 0.500000
vt 0.400000 1.000000
vt 0.366666 0.500000
vt 0.366666 1.000000
vt 0.333333 0.500000
vt 0.333333 1.000000
vt 0.300000 0.500000
vt 0.300000 1.000000
vt 0.266666 0.500000
vt 0.266666 1.000000
vt 0.233333 0.500000
vt 0.233333 1.000000
vt 0.200000 0.500000
vt 0.200000 1.000000
vt 0.166666 0.500000
vt 0.166666 1.000000
vt 0.133333 0.500000
vt 0.133333 1.000000
vt 0.100000 0.500000
vt 0.100000 1.000000
vt 0.066666 0.500000
vt 0.066666 1.000000
vt 0.033333 0.500000
vt 0.033333 1.000000
vt 1.000000 0.500000
vt -0.000000 0.500000
vt 0.966667 0.500000
vt 0.933333 0.500000
vt 0.900000 0.500000
vt 0.866667 0.500000
vt 0.833333 0.500000
vt 0.800000 0.500000
vt 0.766666 0.500000
vt 0.733333 0.500000
vt 0.700000 0.500000
vt 0.666666 0.500000
vt 0.633333 0.500000
vt 0.600000 0.500000
vt 0.566666 0.500000
vt 0.533333 0.500000
vt 0.500000 0.500000
vt 0.466666 0.500000
vt 0.433333 0.500000
vt 0.400000 0.500000
vt 0.366666 0.500000
vt 0.333333 0.500000
vt 0.300000 0.500000
vt 0.266666 0.500000
vt 0.233333 0.500000
vt 0.200000 0.500000
vt 0.166666 0.500000
vt 0.133333 0.500000
vt 0.100000 0.500000
vt 0.066666 0.500000
vt 0.033333 0.500000
vt 1.000000 0.500000
vt -0.000000 0.500000
vt 0.966667 0.500000
vt 0.933333 0.500000
vt 0.900000 0.500000
vt 0.866667 0.500000
vt 0.833333 0.500000
vt 0.800000 0.500000
vt 0.766666 0.500000
vt 0.733333 0.500000
vt 0.700000 0.500000
vt 0.666666 0.500000
vt 0.633333 0.500000
vt 0.600000 0.500000
vt 0.566666 0.500000
vt 0.533333 0.500000
vt 0.500000 0.500000
vt 0.466666 0.500000
vt 0.433333 0.500000
vt 0.400000 0.500000
vt 0.366666 0.500000
vt 0.333333 0.500000
vt 0.300000 0.500000
vt 0.266666 0.500000
vt 0.233333 0.500000
vt 0.200000 0.500000
vt 0.166666 0.500000
vt 0.133333 0.500000
vt 0.100000 0.500000
vt 0.066666 0.500000
vt 0.033333 0.500000
vt 0.000000 0.000000
vt 1.000000 0.500000
vt -0.000000 0.500000
vt 0.000000 0.000000
vt 0.966667 0.500000
vt 0.000000 0.000000
vt 0.933333 0.500000
vt 0.000000 0.000000
vt 0.900000 0.500000
vt 0.000000 0.000000
vt 0.866667 0.500000
vt 0.000000 0.000000
vt 0.833333 0.500000
vt 0.000000 0.000000
vt 0.800000 0.500000
vt 0.000000 0.000000
vt 0.766666 0.500000
vt 0.000000 0.000000
vt 0.733333 0.500000
vt 0.000000 0.000000
vt 0.700000 0.500000
vt 0.000000 0.000000
vt 0.666666 0.500000
vt 0.000000 0.000000
vt 0.633333 0.500000
vt 0.000000 0.000000
vt 0.600000 0.500000
vt 0.000000 0.000000
vt 0.566666 0.500000
vt 0.000000 0.000000
vt 0.533333 0.500000
vt 0.000000 0.000000
vt 0.500000 0.500000
vt 0.000000 0.000000
vt 0.466666 0.500000
vt 0.000000 0.000000
vt 0.433333 0.500000
vt 0.000000 0.000000
vt 0.400000 0.500000
vt 0.000000 0.000000
vt 0.366666 0.500000
vt 0.000000 0.000000
vt 0.333333 0.500000
vt 0.000000 0.000000
vt 0.300000 0.500000
vt 0.000000 0.000000
vt 0.266666 0.500000
vt 0.000000 0.000000
vt 0.233333 0.500000
vt 0.000000 0.000000
vt 0.200000 0.500000
vt 0.000000 0.000000
vt 0.166666 0.500000
vt 0.000000 0.000000
vt 0.133333 0.500000
vt 0.000000 0.000000
vt 0.100000 0.500000
vt 0.000000 0.000000
vt 0.066666 0.500000
vt 0.000000 0.000000
vt 0.033333 0.500000
s 0
usemtl Switch_Pointer
f 6147/9040/2289 6149/9043/2289 6150/9044/2289 6148/9041/2289
f 6149/9043/2290 6151/9045/2290 6152/9046/2290 6150/9044/2290
f 6151/9045/2291 6153/9047/2291 6154/9048/2291 6152/9046/2291
f 6153/9047/2292 6155/9049/2292 6156/9050/2292 6154/9048/2292
f 6155/9049/2293 6157/9051/2293 6158/9052/2293 6156/9050/2293
f 6157/9051/2294 6159/9053/2294 6160/9054/2294 6158/9052/2294
f 6159/9053/2295 6161/9055/2295 6162/9056/2295 6160/9054/2295
f 6161/9055/2296 6163/9057/2296 6164/9058/2296 6162/9056/2296
f 6163/9057/2297 6165/9059/2297 6166/9060/2297 6164/9058/2297
f 6165/9059/2298 6167/9061/2298 6168/9062/2298 6166/9060/2298
f 6167/9061/2299 6169/9063/2299 6170/9064/2299 6168/9062/2299
f 6169/9063/2300 6171/9065/2300 6172/9066/2300 6170/9064/2300
f 6171/9065/2301 6173/9067/2301 6174/9068/2301 6172/9066/2301
f 6173/9067/2302 6175/9069/2302 6176/9070/2302 6174/9068/2302
f 6175/9069/2303 6177/9071/2303 6178/9072/2303 6176/9070/2303
f 6177/9071/2304 6179/9073/2304 6180/9074/2304 6178/9072/2304
f 6179/9073/2305 6181/9075/2305 6182/9076/2305 6180/9074/2305
f 6181/9075/2306 6183/9077/2306 6184/9078/2306 6182/9076/2306
f 6183/9077/2307 6185/9079/2307 6186/9080/2307 6184/9078/2307
f 6185/9079/2308 6187/9081/2308 6188/9082/2308 6186/9080/2308
f 6187/9081/2309 6189/9083/2309 6190/9084/2309 6188/9082/2309
f 6189/9083/2310 6191/9085/2310 6192/9086/2310 6190/9084/2310
f 6191/9085/2311 6193/9087/2311 6194/9088/2311 6192/9086/2311
f 6193/9087/2312 6195/9089/2312 6196/9090/2312 6194/9088/2312
f 6195/9089/2313 6197/9091/2313 6198/9092/2313 6196/9090/2313
f 6197/9091/2314 6199/9093/2314 6200/9094/2314 6198/9092/2314
f 6199/9093/2315 6201/9095/2315 6202/9096/2315 6200/9094/2315
f 6201/9095/2316 6203/9097/2316 6204/9098/2316 6202/9096/2316
f 6208/9103/2305 6209/9104/2305 6212/9108/2305 6211/9107/2305
f 6203/9097/2317 6205/9099/2317 6206/9100/2317 6204/9098/2317
f 6205/9099/2318 6147/9039/2318 6148/9042/2318 6206/9100/2318
f 6207/9101/2304 6210/9105/2304 6209/9104/2304 6208/9103/2304
f 6211/9107/2306 6212/9108/2306 6214/9110/2306 6213/9109/2306
f 6213/9109/2307 6214/9110/2307 6216/9112/2307 6215/9111/2307
f 6215/9111/2308 6216/9112/2308 6218/9114/2308 6217/9113/2308
f 6217/9113/2309 6218/9114/2309 6220/9116/2309 6219/9115/2309
f 6219/9115/2310 6220/9116/2310 6222/9118/2310 6221/9117/2310
f 6221/9117/2311 6222/9118/2311 6224/9120/2311 6223/9119/2311
f 6223/9119/2312 6224/9120/2312 6226/9122/2312 6225/9121/2312
f 6225/9121/2313 6226/9122/2313 6228/9124/2313 6227/9123/2313
f 6227/9123/2314 6228/9124/2314 6230/9126/2314 6229/9125/2314
f 6229/9125/2315 6230/9126/2315 6232/9128/2315 6231/9127/2315
f 6231/9127/2316 6232/9128/2316 6234/9130/2316 6233/9129/2316
f 6233/9129/2317 6234/9130/2317 6236/9132/2317 6235/9131/2317
f 6235/9131/2318 6236/9132/2318 6238/9134/2318 6237/9133/2318
f 6237/9133/2289 6238/9134/2289 6240/9136/2289 6239/9135/2289
f 6239/9135/2290 6240/9136/2290 6242/9138/2290 6241/9137/2290
f 6241/9137/2291 6242/9138/2291 6244/9140/2291 6243/9139/2291
f 6243/9139/2292 6244/9140/2292 6246/9142/2292 6245/9141/2292
f 6245/9141/2293 6246/9142/2293 6248/9144/2293 6247/9143/2293
f 6247/9143/2294 6248/9144/2294 6250/9146/2294 6249/9145/2294
f 6249/9145/2295 6250/9146/2295 6252/9148/2295 6251/9147/2295
f 6251/9147/2296 6252/9148/2296 6254/9150/2296 6253/9149/2296
f 6253/9149/2297 6254/9150/2297 6256/9152/2297 6255/9151/2297
f 6255/9151/2298 6256/9152/2298 6258/9154/2298 6257/9153/2298
f 6257/9153/2299 6258/9154/2299 6260/9156/2299 6259/9155/2299
f 6259/9155/2300 6260/9156/2300 6262/9158/2300 6261/9157/2300
f 6261/9157/2301 6262/9158/2301 6264/9160/2301 6263/9159/2301
f 6263/9159/2302 6264/9160/2302 6266/9162/2302 6265/9161/2302
f 6265/9161/2303 6266/9162/2303 6210/9106/2303 6207/9102/2303
f 6182/9076/2319 6184/9078/2319 6244/9140/2319 6242/9138/2319
f 6148/9041/2319 6150/9044/2319 6209/9104/2319 6210/9105/2319
f 6200/9094/2319 6202/9096/2319 6262/9158/2319 6260/9156/2319
f 6166/9060/2319 6168/9062/2319 6228/9124/2319 6226/9122/2319
f 6184/9078/2319 6186/9080/2319 6246/9142/2319 6244/9140/2319
f 6202/9096/2319 6204/9098/2319 6264/9160/2319 6262/9158/2319
f 6150/9044/2319 6152/9046/2319 6212/9108/2319 6209/9104/2319
f 6168/9062/2319 6170/9064/2319 6230/9126/2319 6228/9124/2319
f 6186/9080/2319 6188/9082/2319 6248/9144/2319 6246/9142/2319
f 6204/9098/2319 6206/9100/2319 6266/9162/2319 6264/9160/2319
f 6152/9046/2319 6154/9048/2319 6214/9110/2319 6212/9108/2319
f 6170/9064/2319 6172/9066/2319 6232/9128/2319 6230/9126/2319
f 6188/9082/2319 6190/9084/2319 6250/9146/2319 6248/9144/2319
f 6206/9100/2319 6148/9042/2319 6210/9106/2319 6266/9162/2319
f 6154/9048/2319 6156/9050/2319 6216/9112/2319 6214/9110/2319
f 6172/9066/2319 6174/9068/2319 6234/9130/2319 6232/9128/2319
f 6190/9084/2319 6192/9086/2319 6252/9148/2319 6250/9146/2319
f 6156/9050/2319 6158/9052/2319 6218/9114/2319 6216/9112/2319
f 6174/9068/2319 6176/9070/2319 6236/9132/2319 6234/9130/2319
f 6192/9086/2319 6194/9088/2319 6254/9150/2319 6252/9148/2319
f 6158/9052/2319 6160/9054/2319 6220/9116/2319 6218/9114/2319
f 6176/9070/2319 6178/9072/2319 6238/9134/2319 6236/9132/2319
f 6194/9088/2319 6196/9090/2319 6256/9152/2319 6254/9150/2319
f 6160/9054/2319 6162/9056/2319 6222/9118/2319 6220/9116/2319
f 6178/9072/2319 6180/9074/2319 6240/9136/2319 6238/9134/2319
f 6196/9090/2319 6198/9092/2319 6258/9154/2319 6256/9152/2319
f 6162/9056/2319 6164/9058/2319 6224/9120/2319 6222/9118/2319
f 6180/9074/2319 6182/9076/2319 6242/9138/2319 6240/9136/2319
f 6198/9092/2319 6200/9094/2319 6260/9156/2319 6258/9154/2319
f 6164/9058/2319 6166/9060/2319 6226/9122/2319 6224/9120/2319
f 6356/9284/2319 6327/9225/2319 6328/9228/2319 6329/9230/2319 6330/9232/2319 6331/9234/2319 6332/9236/2319 6333/9238/2319 6334/9240/2319 6335/9242/2319 6336/9244/2319 6337/9246/2319 6338/9248/2319 6339/9250/2319 6340/9252/2319 6341/9254/2319 6342/9256/2319 6343/9258/2319 6344/9260/2319 6345/9262/2319 6346/9264/2319 6347/9266/2319 6348/9268/2319 6349/9270/2319 6350/9272/2319 6351/9274/2319 6352/9276/2319 6353/9278/2319 6354/9280/2319 6355/9282/2319
usemtl Metal
f 6191/9085/2310 6189/9083/2310 6288/9185/2310 6289/9186/2310
f 6207/9101/2304 6208/9103/2304 6298/9196/2304 6297/9194/2304
f 6241/9137/2291 6243/9139/2291 6315/9213/2291 6314/9212/2291
f 6173/9067/2301 6171/9065/2301 6279/9176/2301 6280/9177/2301
f 6223/9119/2312 6225/9121/2312 6306/9204/2312 6305/9203/2312
f 6155/9049/2292 6153/9047/2292 6270/9167/2292 6271/9168/2292
f 6147/9039/2318 6205/9099/2318 6296/9193/2318 6267/9164/2318
f 6257/9153/2299 6259/9155/2299 6323/9221/2299 6322/9220/2299
f 6189/9083/2309 6187/9081/2309 6287/9184/2309 6288/9185/2309
f 6239/9135/2290 6241/9137/2290 6314/9212/2290 6313/9211/2290
f 6171/9065/2300 6169/9063/2300 6278/9175/2300 6279/9176/2300
f 6221/9117/2311 6223/9119/2311 6305/9203/2311 6304/9202/2311
f 6153/9047/2291 6151/9045/2291 6269/9166/2291 6270/9167/2291
f 6205/9099/2317 6203/9097/2317 6295/9192/2317 6296/9193/2317
f 6255/9151/2298 6257/9153/2298 6322/9220/2298 6321/9219/2298
f 6187/9081/2308 6185/9079/2308 6286/9183/2308 6287/9184/2308
f 6237/9133/2289 6239/9135/2289 6313/9211/2289 6312/9210/2289
f 6169/9063/2299 6167/9061/2299 6277/9174/2299 6278/9175/2299
f 6219/9115/2310 6221/9117/2310 6304/9202/2310 6303/9201/2310
f 6151/9045/2290 6149/9043/2290 6268/9165/2290 6269/9166/2290
f 6203/9097/2316 6201/9095/2316 6294/9191/2316 6295/9192/2316
f 6253/9149/2297 6255/9151/2297 6321/9219/2297 6320/9218/2297
f 6185/9079/2307 6183/9077/2307 6285/9182/2307 6286/9183/2307
f 6235/9131/2318 6237/9133/2318 6312/9210/2318 6311/9209/2318
f 6167/9061/2298 6165/9059/2298 6276/9173/2298 6277/9174/2298
f 6217/9113/2309 6219/9115/2309 6303/9201/2309 6302/9200/2309
f 6201/9095/2315 6199/9093/2315 6293/9190/2315 6294/9191/2315
f 6149/9043/2289 6147/9040/2289 6267/9163/2289 6268/9165/2289
f 6251/9147/2296 6253/9149/2296 6320/9218/2296 6319/9217/2296
f 6183/9077/2306 6181/9075/2306 6284/9181/2306 6285/9182/2306
f 6268/9165/2320 6267/9163/2320 6297/9194/2320 6298/9196/2320
f 6294/9191/2320 6293/9190/2320 6323/9221/2320 6324/9222/2320
f 6277/9174/2320 6276/9173/2320 6306/9204/2320 6307/9205/2320
f 6286/9183/2320 6285/9182/2320 6315/9213/2320 6316/9214/2320
f 6295/9192/2320 6294/9191/2320 6324/9222/2320 6325/9223/2320
f 6269/9166/2320 6268/9165/2320 6298/9196/2320 6299/9197/2320
f 6278/9175/2320 6277/9174/2320 6307/9205/2320 6308/9206/2320
f 6287/9184/2320 6286/9183/2320 6316/9214/2320 6317/9215/2320
f 6296/9193/2320 6295/9192/2320 6325/9223/2320 6326/9224/2320
f 6270/9167/2320 6269/9166/2320 6299/9197/2320 6300/9198/2320
f 6279/9176/2320 6278/9175/2320 6308/9206/2320 6309/9207/2320
f 6288/9185/2320 6287/9184/2320 6317/9215/2320 6318/9216/2320
f 6267/9164/2320 6296/9193/2320 6326/9224/2320 6297/9195/2320
f 6271/9168/2320 6270/9167/2320 6300/9198/2320 6301/9199/2320
f 6280/9177/2320 6279/9176/2320 6309/9207/2320 6310/9208/2320
f 6289/9186/2320 6288/9185/2320 6318/9216/2320 6319/9217/2320
f 6272/9169/2320 6271/9168/2320 6301/9199/2320 6302/9200/2320
f 6281/9178/2320 6280/9177/2320 6310/9208/2320 6311/9209/2320
f 6290/9187/2320 6289/9186/2320 6319/9217/2320 6320/9218/2320
f 6273/9170/2320 6272/9169/2320 6302/9200/2320 6303/9201/2320
f 6282/9179/2320 6281/9178/2320 6311/9209/2320 6312/9210/2320
f 6291/9188/2320 6290/9187/2320 6320/9218/2320 6321/9219/2320
f 6274/9171/2320 6273/9170/2320 6303/9201/2320 6304/9202/2320
f 6283/9180/2320 6282/9179/2320 6312/9210/2320 6313/9211/2320
f 6292/9189/2320 6291/9188/2320 6321/9219/2320 6322/9220/2320
f 6275/9172/2320 6274/9171/2320 6304/9202/2320 6305/9203/2320
f 6284/9181/2320 6283/9180/2320 6313/9211/2320 6314/9212/2320
f 6293/9190/2320 6292/9189/2320 6322/9220/2320 6323/9221/2320
f 6276/9173/2320 6275/9172/2320 6305/9203/2320 6306/9204/2320
f 6285/9182/2320 6284/9181/2320 6314/9212/2320 6315/9213/2320
f 6259/9155/2300 6261/9157/2300 6324/9222/2300 6323/9221/2300
f 6157/9051/2293 6155/9049/2293 6271/9168/2293 6272/9169/2293
f 6225/9121/2313 6227/9123/2313 6307/9205/2313 6306/9204/2313
f 6175/9069/2302 6173/9067/2302 6280/9177/2302 6281/9178/2302
f 6243/9139/2292 6245/9141/2292 6316/9214/2292 6315/9213/2292
f 6193/9087/2311 6191/9085/2311 6289/9186/2311 6290/9187/2311
f 6261/9157/2301 6263/9159/2301 6325/9223/2301 6324/9222/2301
f 6208/9103/2305 6211/9107/2305 6299/9197/2305 6298/9196/2305
f 6159/9053/2294 6157/9051/2294 6272/9169/2294 6273/9170/2294
f 6227/9123/2314 6229/9125/2314 6308/9206/2314 6307/9205/2314
f 6177/9071/2303 6175/9069/2303 6281/9178/2303 6282/9179/2303
f 6245/9141/2293 6247/9143/2293 6317/9215/2293 6316/9214/2293
f 6195/9089/2312 6193/9087/2312 6290/9187/2312 6291/9188/2312
f 6263/9159/2302 6265/9161/2302 6326/9224/2302 6325/9223/2302
f 6211/9107/2306 6213/9109/2306 6300/9198/2306 6299/9197/2306
f 6161/9055/2295 6159/9053/2295 6273/9170/2295 6274/9171/2295
f 6229/9125/2315 6231/9127/2315 6309/9207/2315 6308/9206/2315
f 6179/9073/2304 6177/9071/2304 6282/9179/2304 6283/9180/2304
f 6247/9143/2294 6249/9145/2294 6318/9216/2294 6317/9215/2294
f 6197/9091/2313 6195/9089/2313 6291/9188/2313 6292/9189/2313
f 6265/9161/2303 6207/9102/2303 6297/9195/2303 6326/9224/2303
f 6213/9109/2307 6215/9111/2307 6301/9199/2307 6300/9198/2307
f 6163/9057/2296 6161/9055/2296 6274/9171/2296 6275/9172/2296
f 6231/9127/2316 6233/9129/2316 6310/9208/2316 6309/9207/2316
f 6181/9075/2305 6179/9073/2305 6283/9180/2305 6284/9181/2305
f 6249/9145/2295 6251/9147/2295 6319/9217/2295 6318/9216/2295
f 6199/9093/2314 6197/9091/2314 6292/9189/2314 6293/9190/2314
f 6215/9111/2308 6217/9113/2308 6302/9200/2308 6301/9199/2308
f 6165/9059/2297 6163/9057/2297 6275/9172/2297 6276/9173/2297
f 6233/9129/2317 6235/9131/2317 6311/9209/2317 6310/9208/2317
f 6301/9199/2308 6302/9200/2308 6332/9237/2308 6331/9235/2308
f 6315/9213/2292 6316/9214/2292 6346/9265/2292 6345/9263/2292
f 6302/9200/2309 6303/9201/2309 6333/9239/2309 6332/9237/2309
f 6316/9214/2293 6317/9215/2293 6347/9267/2293 6346/9265/2293
f 6303/9201/2310 6304/9202/2310 6334/9241/2310 6333/9239/2310
f 6317/9215/2294 6318/9216/2294 6348/9269/2294 6347/9267/2294
f 6304/9202/2311 6305/9203/2311 6335/9243/2311 6334/9241/2311
f 6318/9216/2295 6319/9217/2295 6349/9271/2295 6348/9269/2295
f 6305/9203/2312 6306/9204/2312 6336/9245/2312 6335/9243/2312
f 6319/9217/2296 6320/9218/2296 6350/9273/2296 6349/9271/2296
f 6306/9204/2313 6307/9205/2313 6337/9247/2313 6336/9245/2313
f 6320/9218/2297 6321/9219/2297 6351/9275/2297 6350/9273/2297
f 6307/9205/2314 6308/9206/2314 6338/9249/2314 6337/9247/2314
f 6321/9219/2298 6322/9220/2298 6352/9277/2298 6351/9275/2298
f 6308/9206/2315 6309/9207/2315 6339/9251/2315 6338/9249/2315
f 6322/9220/2299 6323/9221/2299 6353/9279/2299 6352/9277/2299
f 6309/9207/2316 6310/9208/2316 6340/9253/2316 6339/9251/2316
f 6323/9221/2300 6324/9222/2300 6354/9281/2300 6353/9279/2300
f 6310/9208/2317 6311/9209/2317 6341/9255/2317 6340/9253/2317
f 6297/9194/2304 6298/9196/2304 6328/9229/2304 6327/9226/2304
f 6324/9222/2301 6325/9223/2301 6355/9283/2301 6354/9281/2301
f 6311/9209/2318 6312/9210/2318 6342/9257/2318 6341/9255/2318
f 6298/9196/2305 6299/9197/2305 6329/9231/2305 6328/9229/2305
f 6325/9223/2302 6326/9224/2302 6356/9285/2302 6355/9283/2302
f 6312/9210/2289 6313/9211/2289 6343/9259/2289 6342/9257/2289
f 6299/9197/2306 6300/9198/2306 6330/9233/2306 6329/9231/2306
f 6326/9224/2303 6297/9195/2303 6327/9227/2303 6356/9285/2303
f 6313/9211/2290 6314/9212/2290 6344/9261/2290 6343/9259/2290
f 6300/9198/2307 6301/9199/2307 6331/9235/2307 6330/9233/2307
f 6314/9212/2291 6315/9213/2291 6345/9263/2291 6344/9261/2291
o Cylinder.007
v -1.217694 2.392827 -0.181125
v -1.185403 2.389218 -0.181132
v -1.217695 2.392474 -0.184481
v -1.185404 2.388944 -0.183739
v -1.217696 2.391431 -0.187692
v -1.185404 2.388134 -0.186232
v -1.217697 2.389743 -0.190615
v -1.185405 2.386824 -0.188501
v -1.217697 2.387485 -0.193123
v -1.185405 2.385070 -0.190449
v -1.217698 2.384754 -0.195107
v -1.185406 2.382950 -0.191990
v -1.217698 2.381670 -0.196480
v -1.185406 2.380555 -0.193056
v -1.217698 2.378369 -0.197182
v -1.185406 2.377992 -0.193601
v -1.217698 2.374994 -0.197182
v -1.185406 2.375371 -0.193601
v -1.217698 2.371692 -0.196480
v -1.185406 2.372807 -0.193056
v -1.217698 2.368608 -0.195107
v -1.185406 2.370413 -0.191990
v -1.217697 2.365878 -0.193123
v -1.185405 2.368293 -0.190449
v -1.217697 2.363619 -0.190615
v -1.185405 2.366539 -0.188501
v -1.217696 2.361932 -0.187692
v -1.185404 2.365228 -0.186232
v -1.217695 2.360888 -0.184481
v -1.185404 2.364418 -0.183739
v -1.217694 2.360536 -0.181125
v -1.185403 2.364144 -0.181132
v -1.217694 2.360888 -0.177768
v -1.185403 2.364418 -0.178526
v -1.217693 2.361932 -0.174558
v -1.185402 2.365228 -0.176033
v -1.217692 2.363619 -0.171634
v -1.185401 2.366539 -0.173763
v -1.217692 2.365878 -0.169126
v -1.185401 2.368293 -0.171816
v -1.217691 2.368608 -0.167142
v -1.185401 2.370413 -0.170275
v -1.217691 2.371692 -0.165769
v -1.185400 2.372807 -0.169209
v -1.217690 2.374994 -0.165067
v -1.185400 2.375371 -0.168664
v -1.217690 2.378369 -0.165067
v -1.185400 2.377992 -0.168664
v -1.217691 2.381670 -0.165769
v -1.185400 2.380555 -0.169209
v -1.217691 2.384754 -0.167142
v -1.185401 2.382950 -0.170275
v -1.217692 2.387485 -0.169126
v -1.185401 2.385070 -0.171816
v -1.217692 2.389743 -0.171634
v -1.185401 2.386824 -0.173763
v -1.217693 2.391431 -0.174558
v -1.185402 2.388134 -0.176033
v -1.217694 2.392474 -0.177768
v -1.185403 2.388944 -0.178526
v -1.185404 2.392474 -0.184489
v -1.185403 2.392827 -0.181132
v -1.185405 2.391431 -0.187699
v -1.185405 2.389743 -0.190623
v -1.185406 2.387485 -0.193131
v -1.185407 2.384754 -0.195115
v -1.185407 2.381670 -0.196488
v -1.185407 2.378369 -0.197190
v -1.185407 2.374994 -0.197190
v -1.185407 2.371692 -0.196488
v -1.185407 2.368608 -0.195115
v -1.185406 2.365878 -0.193131
v -1.185405 2.363619 -0.190623
v -1.185405 2.361932 -0.187699
v -1.185404 2.360888 -0.184489
v -1.185403 2.360536 -0.181132
v -1.185402 2.360888 -0.177776
v -1.185402 2.361932 -0.174565
v -1.185401 2.363619 -0.171642
v -1.185400 2.365878 -0.169134
v -1.185400 2.368608 -0.167150
v -1.185400 2.371692 -0.165777
v -1.185399 2.374994 -0.165075
v -1.185399 2.378369 -0.165075
v -1.185400 2.381670 -0.165777
v -1.185400 2.384754 -0.167150
v -1.185400 2.387485 -0.169134
v -1.185401 2.389743 -0.171642
v -1.185402 2.391431 -0.174565
v -1.185402 2.392474 -0.177776
v -1.187577 2.387501 -0.183432
v -1.187576 2.387743 -0.181132
v -1.187577 2.386787 -0.185631
v -1.187578 2.385631 -0.187634
v -1.187578 2.384083 -0.189353
v -1.187579 2.382212 -0.190712
v -1.187579 2.380100 -0.191652
v -1.187579 2.377838 -0.192133
v -1.187579 2.375525 -0.192133
v -1.187579 2.373263 -0.191652
v -1.187579 2.371150 -0.190712
v -1.187578 2.369279 -0.189353
v -1.187578 2.367732 -0.187634
v -1.187577 2.366576 -0.185631
v -1.187577 2.365861 -0.183432
v -1.187576 2.365619 -0.181132
v -1.187576 2.365861 -0.178832
v -1.187575 2.366576 -0.176633
v -1.187575 2.367732 -0.174630
v -1.187574 2.369279 -0.172911
v -1.187574 2.371150 -0.171552
v -1.187574 2.373263 -0.170611
v -1.187574 2.375525 -0.170131
v -1.187574 2.377838 -0.170131
v -1.187574 2.380100 -0.170611
v -1.187574 2.382212 -0.171552
v -1.187574 2.384083 -0.172911
v -1.187575 2.385631 -0.174630
v -1.187575 2.386787 -0.176633
v -1.187576 2.387501 -0.178832
v -1.187577 2.388944 -0.183738
v -1.187576 2.389218 -0.181132
v -1.187578 2.388134 -0.186231
v -1.187578 2.386824 -0.188501
v -1.187579 2.385070 -0.190449
v -1.187579 2.382950 -0.191989
v -1.187579 2.380555 -0.193055
v -1.187580 2.377992 -0.193600
v -1.187580 2.375371 -0.193600
v -1.187579 2.372807 -0.193055
v -1.187579 2.370413 -0.191989
v -1.187579 2.368293 -0.190449
v -1.187578 2.366539 -0.188501
v -1.187578 2.365228 -0.186231
v -1.187577 2.364418 -0.183738
v -1.187576 2.364144 -0.181132
v -1.187576 2.364418 -0.178525
v -1.187575 2.365228 -0.176033
v -1.187575 2.366539 -0.173763
v -1.187574 2.368293 -0.171815
v -1.187574 2.370413 -0.170275
v -1.187574 2.372807 -0.169209
v -1.187573 2.375371 -0.168664
v -1.187573 2.377992 -0.168664
v -1.187574 2.380555 -0.169209
v -1.187574 2.382950 -0.170275
v -1.187574 2.385070 -0.171815
v -1.187575 2.386824 -0.173763
v -1.187575 2.388134 -0.176033
v -1.187576 2.388944 -0.178525
v -1.183902 2.387501 -0.183433
v -1.183901 2.387743 -0.181133
v -1.183902 2.386787 -0.185632
v -1.183903 2.385631 -0.187635
v -1.183903 2.384083 -0.189353
v -1.183904 2.382212 -0.190713
v -1.183904 2.380100 -0.191653
v -1.183904 2.377838 -0.192134
v -1.183904 2.375525 -0.192134
v -1.183904 2.373263 -0.191653
v -1.183904 2.371150 -0.190713
v -1.183903 2.369279 -0.189353
v -1.183903 2.367732 -0.187635
v -1.183902 2.366576 -0.185632
v -1.183902 2.365861 -0.183433
v -1.183901 2.365619 -0.181133
v -1.183901 2.365861 -0.178833
v -1.183900 2.366576 -0.176633
v -1.183900 2.367732 -0.174631
v -1.183899 2.369279 -0.172912
v -1.183899 2.371150 -0.171553
v -1.183899 2.373263 -0.170612
v -1.183899 2.375525 -0.170131
v -1.183899 2.377838 -0.170131
v -1.183899 2.380100 -0.170612
v -1.183899 2.382212 -0.171553
v -1.183899 2.384083 -0.172912
v -1.183900 2.385631 -0.174631
v -1.183900 2.386787 -0.176633
v -1.183901 2.387501 -0.178833
vn -0.0000 0.9945 -0.1045
vn -0.0001 0.9511 -0.3090
vn -0.0001 0.8660 -0.5000
vn -0.0002 0.7431 -0.6691
vn -0.0002 0.5878 -0.8090
vn -0.0002 0.4067 -0.9135
vn -0.0002 0.2079 -0.9781
vn -0.0002 -0.0000 -1.0000
vn -0.0002 -0.2079 -0.9781
vn -0.0002 -0.4067 -0.9135
vn -0.0002 -0.5878 -0.8090
vn -0.0002 -0.7431 -0.6691
vn -0.0001 -0.8660 -0.5000
vn -0.0001 -0.9511 -0.3090
vn -0.0000 -0.9945 -0.1045
vn -0.0000 -0.9945 0.1045
vn 0.0001 -0.9511 0.3090
vn 0.0001 -0.8660 0.5000
vn 0.0002 -0.7431 0.6691
vn 0.0002 -0.5878 0.8090
vn 0.0002 -0.4067 0.9135
vn 0.0002 -0.2079 0.9781
vn 0.0002 -0.0000 1.0000
vn 0.0002 0.2079 0.9781
vn 0.0002 0.4067 0.9135
vn 0.0002 0.5878 0.8090
vn 0.0002 0.7431 0.6691
vn 0.0001 0.8660 0.5000
vn 0.0001 0.9511 0.3090
vn -0.0000 0.9945 0.1045
vn -1.0000 -0.0000 0.0002
vn 1.0000 -0.0000 -0.0002
vt 1.000000 0.500000
vt -0.000000 0.500000
vt 0.750000 0.490000
vt 0.250000 0.436358
vt 0.966667 0.500000
vt 0.799899 0.484755
vt 0.288746 0.432286
vt 0.933333 0.500000
vt 0.847617 0.469251
vt 0.325799 0.420247
vt 0.900000 0.500000
vt 0.891068 0.444164
vt 0.359539 0.400767
vt 0.866667 0.500000
vt 0.928355 0.410591
vt 0.388491 0.374698
vt 0.833333 0.500000
vt 0.957846 0.370000
vt 0.411391 0.343179
vt 0.800000 0.500000
vt 0.978254 0.324164
vt 0.427237 0.307588
vt 0.766666 0.500000
vt 0.988685 0.275087
vt 0.435338 0.269480
vt 0.733333 0.500000
vt 0.988685 0.224913
vt 0.435338 0.230520
vt 0.700000 0.500000
vt 0.978254 0.175836
vt 0.427237 0.192412
vt 0.666666 0.500000
vt 0.957846 0.130000
vt 0.411391 0.156821
vt 0.633333 0.500000
vt 0.928355 0.089409
vt 0.388491 0.125302
vt 0.600000 0.500000
vt 0.891068 0.055836
vt 0.359539 0.099233
vt 0.566666 0.500000
vt 0.847617 0.030749
vt 0.325799 0.079753
vt 0.533333 0.500000
vt 0.799899 0.015245
vt 0.288746 0.067714
vt 0.500000 0.500000
vt 0.750000 0.010000
vt 0.250000 0.063642
vt 0.466666 0.500000
vt 0.700101 0.015245
vt 0.211254 0.067714
vt 0.433333 0.500000
vt 0.652383 0.030749
vt 0.174201 0.079753
vt 0.400000 0.500000
vt 0.608932 0.055836
vt 0.140461 0.099233
vt 0.366666 0.500000
vt 0.571645 0.089409
vt 0.111509 0.125302
vt 0.333333 0.500000
vt 0.542154 0.130000
vt 0.088609 0.156821
vt 0.300000 0.500000
vt 0.521746 0.175836
vt 0.072763 0.192412
vt 0.266666 0.500000
vt 0.511315 0.224913
vt 0.064662 0.230520
vt 0.233333 0.500000
vt 0.511315 0.275087
vt 0.064662 0.269480
vt 0.200000 0.500000
vt 0.521746 0.324164
vt 0.072763 0.307588
vt 0.166666 0.500000
vt 0.542154 0.370000
vt 0.088609 0.343179
vt 0.133333 0.500000
vt 0.571645 0.410591
vt 0.111509 0.374698
vt 0.100000 0.500000
vt 0.608931 0.444164
vt 0.140461 0.400767
vt 0.066666 0.500000
vt 0.652383 0.469251
vt 0.174201 0.420247
vt 0.033333 0.500000
vt 0.700101 0.484755
vt 0.211254 0.432286
vt 0.966667 1.000000
vt 0.299899 0.484755
vt 1.000000 1.000000
vt -0.000000 1.000000
vt 0.250000 0.490000
vt 0.933333 1.000000
vt 0.347617 0.469251
vt 0.900000 1.000000
vt 0.391068 0.444164
vt 0.866667 1.000000
vt 0.428355 0.410591
vt 0.833333 1.000000
vt 0.457846 0.370000
vt 0.800000 1.000000
vt 0.478254 0.324164
vt 0.766666 1.000000
vt 0.488685 0.275087
vt 0.733333 1.000000
vt 0.488685 0.224913
vt 0.700000 1.000000
vt 0.478254 0.175836
vt 0.666666 1.000000
vt 0.457846 0.130000
vt 0.633333 1.000000
vt 0.428355 0.089409
vt 0.600000 1.000000
vt 0.391068 0.055836
vt 0.566666 1.000000
vt 0.347617 0.030749
vt 0.533333 1.000000
vt 0.299899 0.015245
vt 0.500000 1.000000
vt 0.250000 0.010000
vt 0.466666 1.000000
vt 0.200101 0.015245
vt 0.433333 1.000000
vt 0.152383 0.030749
vt 0.400000 1.000000
vt 0.108932 0.055836
vt 0.366666 1.000000
vt 0.071645 0.089409
vt 0.333333 1.000000
vt 0.042154 0.130000
vt 0.300000 1.000000
vt 0.021746 0.175836
vt 0.266666 1.000000
vt 0.011315 0.224913
vt 0.233333 1.000000
vt 0.011315 0.275087
vt 0.200000 1.000000
vt 0.021746 0.324164
vt 0.166666 1.000000
vt 0.042154 0.370000
vt 0.133333 1.000000
vt 0.071645 0.410591
vt 0.100000 1.000000
vt 0.108931 0.444164
vt 0.066666 1.000000
vt 0.152383 0.469251
vt 0.033333 1.000000
vt 0.200101 0.484755
vt 0.284187 0.410839
vt 0.250000 0.414433
vt 0.316881 0.400217
vt 0.346651 0.383029
vt 0.372197 0.360027
vt 0.392403 0.332216
vt 0.406385 0.300813
vt 0.413532 0.267188
vt 0.413532 0.232812
vt 0.406385 0.199187
vt 0.392403 0.167784
vt 0.372197 0.139973
vt 0.346651 0.116971
vt 0.316881 0.099783
vt 0.284188 0.089160
vt 0.250000 0.085567
vt 0.215812 0.089160
vt 0.183119 0.099783
vt 0.153349 0.116971
vt 0.127803 0.139973
vt 0.107597 0.167784
vt 0.093615 0.199187
vt 0.086468 0.232812
vt 0.086468 0.267188
vt 0.093615 0.300812
vt 0.107597 0.332216
vt 0.127802 0.360027
vt 0.153349 0.383029
vt 0.183119 0.400217
vt 0.215812 0.410839
vt 0.288746 0.432286
vt 0.250000 0.436358
vt 0.325799 0.420247
vt 0.359539 0.400767
vt 0.388491 0.374698
vt 0.411391 0.343179
vt 0.427237 0.307588
vt 0.435338 0.269480
vt 0.435338 0.230520
vt 0.427237 0.192412
vt 0.411391 0.156821
vt 0.388491 0.125302
vt 0.359539 0.099233
vt 0.325799 0.079753
vt 0.288746 0.067714
vt 0.250000 0.063642
vt 0.211254 0.067714
vt 0.174201 0.079753
vt 0.140461 0.099233
vt 0.111509 0.125302
vt 0.088609 0.156821
vt 0.072763 0.192412
vt 0.064662 0.230520
vt 0.064662 0.269480
vt 0.072763 0.307588
vt 0.088609 0.343179
vt 0.111509 0.374698
vt 0.140461 0.400767
vt 0.174201 0.420247
vt 0.211254 0.432286
vt 0.284187 0.410839
vt 0.250000 0.414433
vt 0.316881 0.400217
vt 0.346651 0.383029
vt 0.372197 0.360027
vt 0.392403 0.332216
vt 0.406385 0.300813
vt 0.413532 0.267188
vt 0.413532 0.232812
vt 0.406385 0.199187
vt 0.392403 0.167784
vt 0.372197 0.139973
vt 0.346651 0.116971
vt 0.316881 0.099783
vt 0.284188 0.089160
vt 0.250000 0.085567
vt 0.215812 0.089160
vt 0.183119 0.099783
vt 0.153349 0.116971
vt 0.127803 0.139973
vt 0.107597 0.167784
vt 0.093615 0.199187
vt 0.086468 0.232812
vt 0.086468 0.267188
vt 0.093615 0.300812
vt 0.107597 0.332216
vt 0.127802 0.360027
vt 0.153349 0.383029
vt 0.183119 0.400217
vt 0.215812 0.410839
s 0
usemtl Button_Cover
f 6357/9286/2321 6418/9379/2321 6417/9377/2321 6359/9290/2321
f 6359/9290/2322 6417/9377/2322 6419/9382/2322 6361/9293/2322
f 6361/9293/2323 6419/9382/2323 6420/9384/2323 6363/9296/2323
f 6363/9296/2324 6420/9384/2324 6421/9386/2324 6365/9299/2324
f 6365/9299/2325 6421/9386/2325 6422/9388/2325 6367/9302/2325
f 6367/9302/2326 6422/9388/2326 6423/9390/2326 6369/9305/2326
f 6369/9305/2327 6423/9390/2327 6424/9392/2327 6371/9308/2327
f 6371/9308/2328 6424/9392/2328 6425/9394/2328 6373/9311/2328
f 6373/9311/2329 6425/9394/2329 6426/9396/2329 6375/9314/2329
f 6375/9314/2330 6426/9396/2330 6427/9398/2330 6377/9317/2330
f 6377/9317/2331 6427/9398/2331 6428/9400/2331 6379/9320/2331
f 6379/9320/2332 6428/9400/2332 6429/9402/2332 6381/9323/2332
f 6381/9323/2333 6429/9402/2333 6430/9404/2333 6383/9326/2333
f 6383/9326/2334 6430/9404/2334 6431/9406/2334 6385/9329/2334
f 6385/9329/2335 6431/9406/2335 6432/9408/2335 6387/9332/2335
f 6387/9332/2336 6432/9408/2336 6433/9410/2336 6389/9335/2336
f 6389/9335/2337 6433/9410/2337 6434/9412/2337 6391/9338/2337
f 6391/9338/2338 6434/9412/2338 6435/9414/2338 6393/9341/2338
f 6393/9341/2339 6435/9414/2339 6436/9416/2339 6395/9344/2339
f 6395/9344/2340 6436/9416/2340 6437/9418/2340 6397/9347/2340
f 6397/9347/2341 6437/9418/2341 6438/9420/2341 6399/9350/2341
f 6399/9350/2342 6438/9420/2342 6439/9422/2342 6401/9353/2342
f 6401/9353/2343 6439/9422/2343 6440/9424/2343 6403/9356/2343
f 6403/9356/2344 6440/9424/2344 6441/9426/2344 6405/9359/2344
f 6405/9359/2345 6441/9426/2345 6442/9428/2345 6407/9362/2345
f 6407/9362/2346 6442/9428/2346 6443/9430/2346 6409/9365/2346
f 6409/9365/2347 6443/9430/2347 6444/9432/2347 6411/9368/2347
f 6411/9368/2348 6444/9432/2348 6445/9434/2348 6413/9371/2348
f 6412/9370/2332 6410/9367/2332 6503/9494/2332 6504/9495/2332
f 6413/9371/2349 6445/9434/2349 6446/9436/2349 6415/9374/2349
f 6415/9374/2350 6446/9436/2350 6418/9380/2350 6357/9287/2350
f 6357/9288/2351 6359/9291/2351 6361/9294/2351 6363/9297/2351 6365/9300/2351 6367/9303/2351 6369/9306/2351 6371/9309/2351 6373/9312/2351 6375/9315/2351 6377/9318/2351 6379/9321/2351 6381/9324/2351 6383/9327/2351 6385/9330/2351 6387/9333/2351 6389/9336/2351 6391/9339/2351 6393/9342/2351 6395/9345/2351 6397/9348/2351 6399/9351/2351 6401/9354/2351 6403/9357/2351 6405/9360/2351 6407/9363/2351 6409/9366/2351 6411/9369/2351 6413/9372/2351 6415/9375/2351
f 6358/9289/2352 6360/9292/2352 6417/9378/2352 6418/9381/2352
f 6360/9292/2352 6362/9295/2352 6419/9383/2352 6417/9378/2352
f 6362/9295/2352 6364/9298/2352 6420/9385/2352 6419/9383/2352
f 6364/9298/2352 6366/9301/2352 6421/9387/2352 6420/9385/2352
f 6366/9301/2352 6368/9304/2352 6422/9389/2352 6421/9387/2352
f 6368/9304/2352 6370/9307/2352 6423/9391/2352 6422/9389/2352
f 6370/9307/2352 6372/9310/2352 6424/9393/2352 6423/9391/2352
f 6372/9310/2352 6374/9313/2352 6425/9395/2352 6424/9393/2352
f 6374/9313/2352 6376/9316/2352 6426/9397/2352 6425/9395/2352
f 6376/9316/2352 6378/9319/2352 6427/9399/2352 6426/9397/2352
f 6378/9319/2352 6380/9322/2352 6428/9401/2352 6427/9399/2352
f 6380/9322/2352 6382/9325/2352 6429/9403/2352 6428/9401/2352
f 6382/9325/2352 6384/9328/2352 6430/9405/2352 6429/9403/2352
f 6384/9328/2352 6386/9331/2352 6431/9407/2352 6430/9405/2352
f 6386/9331/2352 6388/9334/2352 6432/9409/2352 6431/9407/2352
f 6388/9334/2352 6390/9337/2352 6433/9411/2352 6432/9409/2352
f 6390/9337/2352 6392/9340/2352 6434/9413/2352 6433/9411/2352
f 6392/9340/2352 6394/9343/2352 6435/9415/2352 6434/9413/2352
f 6394/9343/2352 6396/9346/2352 6436/9417/2352 6435/9415/2352
f 6396/9346/2352 6398/9349/2352 6437/9419/2352 6436/9417/2352
f 6398/9349/2352 6400/9352/2352 6438/9421/2352 6437/9419/2352
f 6400/9352/2352 6402/9355/2352 6439/9423/2352 6438/9421/2352
f 6402/9355/2352 6404/9358/2352 6440/9425/2352 6439/9423/2352
f 6404/9358/2352 6406/9361/2352 6441/9427/2352 6440/9425/2352
f 6406/9361/2352 6408/9364/2352 6442/9429/2352 6441/9427/2352
f 6408/9364/2352 6410/9367/2352 6443/9431/2352 6442/9429/2352
f 6410/9367/2352 6412/9370/2352 6444/9433/2352 6443/9431/2352
f 6412/9370/2352 6414/9373/2352 6445/9435/2352 6444/9433/2352
f 6414/9373/2352 6416/9376/2352 6446/9437/2352 6445/9435/2352
f 6416/9376/2352 6358/9289/2352 6418/9381/2352 6446/9437/2352
f 6386/9331/2349 6384/9328/2349 6490/9481/2349 6491/9482/2349
f 6360/9292/2336 6358/9289/2336 6478/9469/2336 6477/9468/2336
f 6414/9373/2333 6412/9370/2333 6504/9495/2333 6505/9496/2333
f 6388/9334/2350 6386/9331/2350 6491/9482/2350 6492/9483/2350
f 6362/9295/2337 6360/9292/2337 6477/9468/2337 6479/9470/2337
f 6416/9376/2334 6414/9373/2334 6505/9496/2334 6506/9497/2334
f 6390/9337/2321 6388/9334/2321 6492/9483/2321 6493/9484/2321
f 6364/9298/2338 6362/9295/2338 6479/9470/2338 6480/9471/2338
f 6358/9289/2335 6416/9376/2335 6506/9497/2335 6478/9469/2335
f 6392/9340/2322 6390/9337/2322 6493/9484/2322 6494/9485/2322
f 6366/9301/2339 6364/9298/2339 6480/9471/2339 6481/9472/2339
f 6394/9343/2323 6392/9340/2323 6494/9485/2323 6495/9486/2323
f 6368/9304/2340 6366/9301/2340 6481/9472/2340 6482/9473/2340
f 6396/9346/2324 6394/9343/2324 6495/9486/2324 6496/9487/2324
f 6370/9307/2341 6368/9304/2341 6482/9473/2341 6483/9474/2341
f 6398/9349/2325 6396/9346/2325 6496/9487/2325 6497/9488/2325
f 6372/9310/2342 6370/9307/2342 6483/9474/2342 6484/9475/2342
f 6400/9352/2326 6398/9349/2326 6497/9488/2326 6498/9489/2326
f 6374/9313/2343 6372/9310/2343 6484/9475/2343 6485/9476/2343
f 6402/9355/2327 6400/9352/2327 6498/9489/2327 6499/9490/2327
f 6376/9316/2344 6374/9313/2344 6485/9476/2344 6486/9477/2344
f 6404/9358/2328 6402/9355/2328 6499/9490/2328 6500/9491/2328
f 6378/9319/2345 6376/9316/2345 6486/9477/2345 6487/9478/2345
f 6406/9361/2329 6404/9358/2329 6500/9491/2329 6501/9492/2329
f 6380/9322/2346 6378/9319/2346 6487/9478/2346 6488/9479/2346
f 6408/9364/2330 6406/9361/2330 6501/9492/2330 6502/9493/2330
f 6382/9325/2347 6380/9322/2347 6488/9479/2347 6489/9480/2347
f 6410/9367/2331 6408/9364/2331 6502/9493/2331 6503/9494/2331
f 6384/9328/2348 6382/9325/2348 6489/9480/2348 6490/9481/2348
f 6448/9439/2352 6447/9438/2352 6477/9468/2352 6478/9469/2352
f 6447/9438/2352 6449/9440/2352 6479/9470/2352 6477/9468/2352
f 6449/9440/2352 6450/9441/2352 6480/9471/2352 6479/9470/2352
f 6450/9441/2352 6451/9442/2352 6481/9472/2352 6480/9471/2352
f 6451/9442/2352 6452/9443/2352 6482/9473/2352 6481/9472/2352
f 6452/9443/2352 6453/9444/2352 6483/9474/2352 6482/9473/2352
f 6453/9444/2352 6454/9445/2352 6484/9475/2352 6483/9474/2352
f 6454/9445/2352 6455/9446/2352 6485/9476/2352 6484/9475/2352
f 6455/9446/2352 6456/9447/2352 6486/9477/2352 6485/9476/2352
f 6456/9447/2352 6457/9448/2352 6487/9478/2352 6486/9477/2352
f 6457/9448/2352 6458/9449/2352 6488/9479/2352 6487/9478/2352
f 6458/9449/2352 6459/9450/2352 6489/9480/2352 6488/9479/2352
f 6459/9450/2352 6460/9451/2352 6490/9481/2352 6489/9480/2352
f 6460/9451/2352 6461/9452/2352 6491/9482/2352 6490/9481/2352
f 6461/9452/2352 6462/9453/2352 6492/9483/2352 6491/9482/2352
f 6462/9453/2352 6463/9454/2352 6493/9484/2352 6492/9483/2352
f 6463/9454/2352 6464/9455/2352 6494/9485/2352 6493/9484/2352
f 6464/9455/2352 6465/9456/2352 6495/9486/2352 6494/9485/2352
f 6465/9456/2352 6466/9457/2352 6496/9487/2352 6495/9486/2352
f 6466/9457/2352 6467/9458/2352 6497/9488/2352 6496/9487/2352
f 6467/9458/2352 6468/9459/2352 6498/9489/2352 6497/9488/2352
f 6468/9459/2352 6469/9460/2352 6499/9490/2352 6498/9489/2352
f 6469/9460/2352 6470/9461/2352 6500/9491/2352 6499/9490/2352
f 6470/9461/2352 6471/9462/2352 6501/9492/2352 6500/9491/2352
f 6471/9462/2352 6472/9463/2352 6502/9493/2352 6501/9492/2352
f 6472/9463/2352 6473/9464/2352 6503/9494/2352 6502/9493/2352
f 6473/9464/2352 6474/9465/2352 6504/9495/2352 6503/9494/2352
f 6474/9465/2352 6475/9466/2352 6505/9496/2352 6504/9495/2352
f 6475/9466/2352 6476/9467/2352 6506/9497/2352 6505/9496/2352
f 6476/9467/2352 6448/9439/2352 6478/9469/2352 6506/9497/2352
usemtl Pit_Confirm
f 6451/9442/2324 6450/9441/2324 6510/9501/2324 6511/9502/2324
f 6507/9498/2352 6508/9499/2352 6536/9527/2352 6535/9526/2352 6534/9525/2352 6533/9524/2352 6532/9523/2352 6531/9522/2352 6530/9521/2352 6529/9520/2352 6528/9519/2352 6527/9518/2352 6526/9517/2352 6525/9516/2352 6524/9515/2352 6523/9514/2352 6522/9513/2352 6521/9512/2352 6520/9511/2352 6519/9510/2352 6518/9509/2352 6517/9508/2352 6516/9507/2352 6515/9506/2352 6514/9505/2352 6513/9504/2352 6512/9503/2352 6511/9502/2352 6510/9501/2352 6509/9500/2352
f 6465/9456/2338 6464/9455/2338 6524/9515/2338 6525/9516/2338
f 6452/9443/2325 6451/9442/2325 6511/9502/2325 6512/9503/2325
f 6466/9457/2339 6465/9456/2339 6525/9516/2339 6526/9517/2339
f 6453/9444/2326 6452/9443/2326 6512/9503/2326 6513/9504/2326
f 6467/9458/2340 6466/9457/2340 6526/9517/2340 6527/9518/2340
f 6454/9445/2327 6453/9444/2327 6513/9504/2327 6514/9505/2327
f 6468/9459/2341 6467/9458/2341 6527/9518/2341 6528/9519/2341
f 6455/9446/2328 6454/9445/2328 6514/9505/2328 6515/9506/2328
f 6469/9460/2342 6468/9459/2342 6528/9519/2342 6529/9520/2342
f 6456/9447/2329 6455/9446/2329 6515/9506/2329 6516/9507/2329
f 6470/9461/2343 6469/9460/2343 6529/9520/2343 6530/9521/2343
f 6457/9448/2330 6456/9447/2330 6516/9507/2330 6517/9508/2330
f 6471/9462/2344 6470/9461/2344 6530/9521/2344 6531/9522/2344
f 6458/9449/2331 6457/9448/2331 6517/9508/2331 6518/9509/2331
f 6472/9463/2345 6471/9462/2345 6531/9522/2345 6532/9523/2345
f 6459/9450/2332 6458/9449/2332 6518/9509/2332 6519/9510/2332
f 6473/9464/2346 6472/9463/2346 6532/9523/2346 6533/9524/2346
f 6460/9451/2333 6459/9450/2333 6519/9510/2333 6520/9511/2333
f 6474/9465/2347 6473/9464/2347 6533/9524/2347 6534/9525/2347
f 6461/9452/2334 6460/9451/2334 6520/9511/2334 6521/9512/2334
f 6447/9438/2321 6448/9439/2321 6508/9499/2321 6507/9498/2321
f 6475/9466/2348 6474/9465/2348 6534/9525/2348 6535/9526/2348
f 6462/9453/2335 6461/9452/2335 6521/9512/2335 6522/9513/2335
f 6449/9440/2322 6447/9438/2322 6507/9498/2322 6509/9500/2322
f 6476/9467/2349 6475/9466/2349 6535/9526/2349 6536/9527/2349
f 6463/9454/2336 6462/9453/2336 6522/9513/2336 6523/9514/2336
f 6450/9441/2323 6449/9440/2323 6509/9500/2323 6510/9501/2323
f 6448/9439/2350 6476/9467/2350 6536/9527/2350 6508/9499/2350
f 6464/9455/2337 6463/9454/2337 6523/9514/2337 6524/9515/2337
o Cylinder.008
v -1.217609 2.392827 0.173542
v -1.185317 2.389218 0.173534
v -1.217609 2.392474 0.170185
v -1.185318 2.388944 0.170927
v -1.217610 2.391431 0.166975
v -1.185319 2.388134 0.168435
v -1.217611 2.389743 0.164051
v -1.185319 2.386824 0.166165
v -1.217611 2.387485 0.161543
v -1.185320 2.385070 0.164217
v -1.217612 2.384754 0.159559
v -1.185320 2.382950 0.162676
v -1.217612 2.381670 0.158186
v -1.185320 2.380555 0.161610
v -1.217613 2.378369 0.157484
v -1.185320 2.377992 0.161066
v -1.217613 2.374994 0.157484
v -1.185320 2.375371 0.161066
v -1.217612 2.371692 0.158186
v -1.185320 2.372807 0.161610
v -1.217612 2.368608 0.159559
v -1.185320 2.370413 0.162676
v -1.217611 2.365878 0.161543
v -1.185320 2.368293 0.164217
v -1.217611 2.363619 0.164051
v -1.185319 2.366539 0.166165
v -1.217610 2.361932 0.166975
v -1.185319 2.365228 0.168435
v -1.217609 2.360888 0.170185
v -1.185318 2.364418 0.170927
v -1.217609 2.360536 0.173542
v -1.185317 2.364144 0.173534
v -1.217608 2.360888 0.176898
v -1.185317 2.364418 0.176140
v -1.217607 2.361932 0.180109
v -1.185316 2.365228 0.178633
v -1.217606 2.363619 0.183032
v -1.185316 2.366539 0.180903
v -1.217606 2.365878 0.185540
v -1.185315 2.368293 0.182851
v -1.217605 2.368608 0.187524
v -1.185315 2.370413 0.184391
v -1.217605 2.371692 0.188897
v -1.185315 2.372807 0.185457
v -1.217605 2.374994 0.189599
v -1.185314 2.375371 0.186002
v -1.217605 2.378369 0.189599
v -1.185314 2.377992 0.186002
v -1.217605 2.381670 0.188897
v -1.185315 2.380555 0.185457
v -1.217605 2.384754 0.187524
v -1.185315 2.382950 0.184391
v -1.217606 2.387485 0.185540
v -1.185315 2.385070 0.182851
v -1.217606 2.389743 0.183032
v -1.185316 2.386824 0.180903
v -1.217607 2.391431 0.180109
v -1.185316 2.388134 0.178633
v -1.217608 2.392474 0.176898
v -1.185317 2.388944 0.176140
v -1.185318 2.392474 0.170177
v -1.185317 2.392827 0.173534
v -1.185319 2.391431 0.166967
v -1.185320 2.389743 0.164044
v -1.185320 2.387485 0.161535
v -1.185321 2.384754 0.159551
v -1.185321 2.381670 0.158178
v -1.185321 2.378369 0.157477
v -1.185321 2.374994 0.157477
v -1.185321 2.371692 0.158178
v -1.185321 2.368608 0.159551
v -1.185320 2.365878 0.161535
v -1.185320 2.363619 0.164044
v -1.185319 2.361932 0.166967
v -1.185318 2.360888 0.170177
v -1.185317 2.360536 0.173534
v -1.185317 2.360888 0.176891
v -1.185316 2.361932 0.180101
v -1.185315 2.363619 0.183024
v -1.185315 2.365878 0.185532
v -1.185314 2.368608 0.187516
v -1.185314 2.371692 0.188889
v -1.185313 2.374994 0.189591
v -1.185313 2.378369 0.189591
v -1.185314 2.381670 0.188889
v -1.185314 2.384754 0.187516
v -1.185315 2.387485 0.185532
v -1.185315 2.389743 0.183024
v -1.185316 2.391431 0.180101
v -1.185317 2.392474 0.176891
v -1.187491 2.387501 0.171234
v -1.187491 2.387743 0.173534
v -1.187492 2.386787 0.169035
v -1.187492 2.385631 0.167032
v -1.187493 2.384083 0.165314
v -1.187493 2.382212 0.163954
v -1.187493 2.380100 0.163014
v -1.187493 2.377838 0.162533
v -1.187493 2.375525 0.162533
v -1.187493 2.373263 0.163014
v -1.187493 2.371150 0.163954
v -1.187493 2.369279 0.165314
v -1.187492 2.367732 0.167032
v -1.187492 2.366576 0.169035
v -1.187491 2.365861 0.171234
v -1.187491 2.365619 0.173534
v -1.187490 2.365861 0.175834
v -1.187490 2.366576 0.178034
v -1.187489 2.367732 0.180036
v -1.187489 2.369279 0.181755
v -1.187488 2.371150 0.183114
v -1.187488 2.373263 0.184055
v -1.187488 2.375525 0.184536
v -1.187488 2.377838 0.184536
v -1.187488 2.380100 0.184055
v -1.187488 2.382212 0.183114
v -1.187489 2.384083 0.181755
v -1.187489 2.385631 0.180036
v -1.187490 2.386787 0.178034
v -1.187490 2.387501 0.175834
v -1.187491 2.388944 0.170928
v -1.187491 2.389218 0.173534
v -1.187492 2.388134 0.168435
v -1.187492 2.386824 0.166165
v -1.187493 2.385070 0.164218
v -1.187493 2.382950 0.162677
v -1.187493 2.380555 0.161611
v -1.187494 2.377992 0.161066
v -1.187494 2.375371 0.161066
v -1.187493 2.372807 0.161611
v -1.187493 2.370413 0.162677
v -1.187493 2.368293 0.164218
v -1.187492 2.366539 0.166165
v -1.187492 2.365228 0.168435
v -1.187491 2.364418 0.170928
v -1.187491 2.364144 0.173534
v -1.187490 2.364418 0.176141
v -1.187489 2.365228 0.178634
v -1.187489 2.366539 0.180903
v -1.187488 2.368293 0.182851
v -1.187488 2.370413 0.184392
v -1.187488 2.372807 0.185458
v -1.187488 2.375371 0.186003
v -1.187488 2.377992 0.186003
v -1.187488 2.380555 0.185458
v -1.187488 2.382950 0.184392
v -1.187488 2.385070 0.182851
v -1.187489 2.386824 0.180903
v -1.187489 2.388134 0.178634
v -1.187490 2.388944 0.176141
v -1.183816 2.387501 0.171234
v -1.183815 2.387743 0.173533
v -1.183817 2.386787 0.169034
v -1.183817 2.385631 0.167031
v -1.183818 2.384083 0.165313
v -1.183818 2.382212 0.163953
v -1.183818 2.380100 0.163013
v -1.183818 2.377838 0.162532
v -1.183818 2.375525 0.162532
v -1.183818 2.373263 0.163013
v -1.183818 2.371150 0.163953
v -1.183818 2.369279 0.165313
v -1.183817 2.367732 0.167031
v -1.183817 2.366576 0.169034
v -1.183816 2.365861 0.171234
v -1.183815 2.365619 0.173533
v -1.183815 2.365861 0.175833
v -1.183814 2.366576 0.178033
v -1.183814 2.367732 0.180035
v -1.183814 2.369279 0.181754
v -1.183813 2.371150 0.183113
v -1.183813 2.373263 0.184054
v -1.183813 2.375525 0.184535
v -1.183813 2.377838 0.184535
v -1.183813 2.380100 0.184054
v -1.183813 2.382212 0.183113
v -1.183814 2.384083 0.181754
v -1.183814 2.385631 0.180035
v -1.183814 2.386787 0.178033
v -1.183815 2.387501 0.175833
vn -0.0000 0.9945 -0.1045
vn -0.0001 0.9511 -0.3090
vn -0.0001 0.8660 -0.5000
vn -0.0002 0.7431 -0.6691
vn -0.0002 0.5878 -0.8090
vn -0.0002 0.4067 -0.9135
vn -0.0002 0.2079 -0.9781
vn -0.0002 -0.0000 -1.0000
vn -0.0002 -0.2079 -0.9781
vn -0.0002 -0.4067 -0.9135
vn -0.0002 -0.5878 -0.8090
vn -0.0002 -0.7431 -0.6691
vn -0.0001 -0.8660 -0.5000
vn -0.0001 -0.9511 -0.3090
vn -0.0000 -0.9945 -0.1045
vn -0.0000 -0.9945 0.1045
vn 0.0001 -0.9511 0.3090
vn 0.0001 -0.8660 0.5000
vn 0.0002 -0.7431 0.6691
vn 0.0002 -0.5878 0.8090
vn 0.0002 -0.4067 0.9135
vn 0.0002 -0.2079 0.9781
vn 0.0002 -0.0000 1.0000
vn 0.0002 0.2079 0.9781
vn 0.0002 0.4067 0.9135
vn 0.0002 0.5878 0.8090
vn 0.0002 0.7431 0.6691
vn 0.0001 0.8660 0.5000
vn 0.0001 0.9511 0.3090
vn -0.0000 0.9945 0.1045
vn -1.0000 -0.0000 0.0002
vn 1.0000 -0.0000 -0.0002
vt 1.000000 0.500000
vt -0.000000 0.500000
vt 0.750000 0.490000
vt 0.250000 0.436358
vt 0.966667 0.500000
vt 0.799899 0.484755
vt 0.288746 0.432286
vt 0.933333 0.500000
vt 0.847617 0.469251
vt 0.325799 0.420247
vt 0.900000 0.500000
vt 0.891068 0.444164
vt 0.359539 0.400767
vt 0.866667 0.500000
vt 0.928355 0.410591
vt 0.388491 0.374698
vt 0.833333 0.500000
vt 0.957846 0.370000
vt 0.411391 0.343179
vt 0.800000 0.500000
vt 0.978254 0.324164
vt 0.427237 0.307588
vt 0.766666 0.500000
vt 0.988685 0.275087
vt 0.435338 0.269480
vt 0.733333 0.500000
vt 0.988685 0.224913
vt 0.435338 0.230520
vt 0.700000 0.500000
vt 0.978254 0.175836
vt 0.427237 0.192412
vt 0.666666 0.500000
vt 0.957846 0.130000
vt 0.411391 0.156821
vt 0.633333 0.500000
vt 0.928355 0.089409
vt 0.388491 0.125302
vt 0.600000 0.500000
vt 0.891068 0.055836
vt 0.359539 0.099233
vt 0.566666 0.500000
vt 0.847617 0.030749
vt 0.325799 0.079753
vt 0.533333 0.500000
vt 0.799899 0.015245
vt 0.288746 0.067714
vt 0.500000 0.500000
vt 0.750000 0.010000
vt 0.250000 0.063642
vt 0.466666 0.500000
vt 0.700101 0.015245
vt 0.211254 0.067714
vt 0.433333 0.500000
vt 0.652383 0.030749
vt 0.174201 0.079753
vt 0.400000 0.500000
vt 0.608932 0.055836
vt 0.140461 0.099233
vt 0.366666 0.500000
vt 0.571645 0.089409
vt 0.111509 0.125302
vt 0.333333 0.500000
vt 0.542154 0.130000
vt 0.088609 0.156821
vt 0.300000 0.500000
vt 0.521746 0.175836
vt 0.072763 0.192412
vt 0.266666 0.500000
vt 0.511315 0.224913
vt 0.064662 0.230520
vt 0.233333 0.500000
vt 0.511315 0.275087
vt 0.064662 0.269480
vt 0.200000 0.500000
vt 0.521746 0.324164
vt 0.072763 0.307588
vt 0.166666 0.500000
vt 0.542154 0.370000
vt 0.088609 0.343179
vt 0.133333 0.500000
vt 0.571645 0.410591
vt 0.111509 0.374698
vt 0.100000 0.500000
vt 0.608931 0.444164
vt 0.140461 0.400767
vt 0.066666 0.500000
vt 0.652383 0.469251
vt 0.174201 0.420247
vt 0.033333 0.500000
vt 0.700101 0.484755
vt 0.211254 0.432286
vt 0.966667 1.000000
vt 0.299899 0.484755
vt 1.000000 1.000000
vt -0.000000 1.000000
vt 0.250000 0.490000
vt 0.933333 1.000000
vt 0.347617 0.469251
vt 0.900000 1.000000
vt 0.391068 0.444164
vt 0.866667 1.000000
vt 0.428355 0.410591
vt 0.833333 1.000000
vt 0.457846 0.370000
vt 0.800000 1.000000
vt 0.478254 0.324164
vt 0.766666 1.000000
vt 0.488685 0.275087
vt 0.733333 1.000000
vt 0.488685 0.224913
vt 0.700000 1.000000
vt 0.478254 0.175836
vt 0.666666 1.000000
vt 0.457846 0.130000
vt 0.633333 1.000000
vt 0.428355 0.089409
vt 0.600000 1.000000
vt 0.391068 0.055836
vt 0.566666 1.000000
vt 0.347617 0.030749
vt 0.533333 1.000000
vt 0.299899 0.015245
vt 0.500000 1.000000
vt 0.250000 0.010000
vt 0.466666 1.000000
vt 0.200101 0.015245
vt 0.433333 1.000000
vt 0.152383 0.030749
vt 0.400000 1.000000
vt 0.108932 0.055836
vt 0.366666 1.000000
vt 0.071645 0.089409
vt 0.333333 1.000000
vt 0.042154 0.130000
vt 0.300000 1.000000
vt 0.021746 0.175836
vt 0.266666 1.000000
vt 0.011315 0.224913
vt 0.233333 1.000000
vt 0.011315 0.275087
vt 0.200000 1.000000
vt 0.021746 0.324164
vt 0.166666 1.000000
vt 0.042154 0.370000
vt 0.133333 1.000000
vt 0.071645 0.410591
vt 0.100000 1.000000
vt 0.108931 0.444164
vt 0.066666 1.000000
vt 0.152383 0.469251
vt 0.033333 1.000000
vt 0.200101 0.484755
vt 0.284187 0.410839
vt 0.250000 0.414433
vt 0.316881 0.400217
vt 0.346651 0.383029
vt 0.372197 0.360027
vt 0.392403 0.332216
vt 0.406385 0.300813
vt 0.413532 0.267188
vt 0.413532 0.232812
vt 0.406385 0.199187
vt 0.392403 0.167784
vt 0.372197 0.139973
vt 0.346651 0.116971
vt 0.316881 0.099783
vt 0.284188 0.089160
vt 0.250000 0.085567
vt 0.215812 0.089160
vt 0.183119 0.099783
vt 0.153349 0.116971
vt 0.127803 0.139973
vt 0.107597 0.167784
vt 0.093615 0.199187
vt 0.086468 0.232812
vt 0.086468 0.267188
vt 0.093615 0.300812
vt 0.107597 0.332216
vt 0.127802 0.360027
vt 0.153349 0.383029
vt 0.183119 0.400217
vt 0.215812 0.410839
vt 0.288746 0.432286
vt 0.250000 0.436358
vt 0.325799 0.420247
vt 0.359539 0.400767
vt 0.388491 0.374698
vt 0.411391 0.343179
vt 0.427237 0.307588
vt 0.435338 0.269480
vt 0.435338 0.230520
vt 0.427237 0.192412
vt 0.411391 0.156821
vt 0.388491 0.125302
vt 0.359539 0.099233
vt 0.325799 0.079753
vt 0.288746 0.067714
vt 0.250000 0.063642
vt 0.211254 0.067714
vt 0.174201 0.079753
vt 0.140461 0.099233
vt 0.111509 0.125302
vt 0.088609 0.156821
vt 0.072763 0.192412
vt 0.064662 0.230520
vt 0.064662 0.269480
vt 0.072763 0.307588
vt 0.088609 0.343179
vt 0.111509 0.374698
vt 0.140461 0.400767
vt 0.174201 0.420247
vt 0.211254 0.432286
vt 0.284187 0.410839
vt 0.250000 0.414433
vt 0.316881 0.400217
vt 0.346651 0.383029
vt 0.372197 0.360027
vt 0.392403 0.332216
vt 0.406385 0.300813
vt 0.413532 0.267188
vt 0.413532 0.232812
vt 0.406385 0.199187
vt 0.392403 0.167784
vt 0.372197 0.139973
vt 0.346651 0.116971
vt 0.316881 0.099783
vt 0.284188 0.089160
vt 0.250000 0.085567
vt 0.215812 0.089160
vt 0.183119 0.099783
vt 0.153349 0.116971
vt 0.127803 0.139973
vt 0.107597 0.167784
vt 0.093615 0.199187
vt 0.086468 0.232812
vt 0.086468 0.267188
vt 0.093615 0.300812
vt 0.107597 0.332216
vt 0.127802 0.360027
vt 0.153349 0.383029
vt 0.183119 0.400217
vt 0.215812 0.410839
s 0
usemtl Button_Cover
f 6537/9528/2353 6598/9621/2353 6597/9619/2353 6539/9532/2353
f 6539/9532/2354 6597/9619/2354 6599/9624/2354 6541/9535/2354
f 6541/9535/2355 6599/9624/2355 6600/9626/2355 6543/9538/2355
f 6543/9538/2356 6600/9626/2356 6601/9628/2356 6545/9541/2356
f 6545/9541/2357 6601/9628/2357 6602/9630/2357 6547/9544/2357
f 6547/9544/2358 6602/9630/2358 6603/9632/2358 6549/9547/2358
f 6549/9547/2359 6603/9632/2359 6604/9634/2359 6551/9550/2359
f 6551/9550/2360 6604/9634/2360 6605/9636/2360 6553/9553/2360
f 6553/9553/2361 6605/9636/2361 6606/9638/2361 6555/9556/2361
f 6555/9556/2362 6606/9638/2362 6607/9640/2362 6557/9559/2362
f 6557/9559/2363 6607/9640/2363 6608/9642/2363 6559/9562/2363
f 6559/9562/2364 6608/9642/2364 6609/9644/2364 6561/9565/2364
f 6561/9565/2365 6609/9644/2365 6610/9646/2365 6563/9568/2365
f 6563/9568/2366 6610/9646/2366 6611/9648/2366 6565/9571/2366
f 6565/9571/2367 6611/9648/2367 6612/9650/2367 6567/9574/2367
f 6567/9574/2368 6612/9650/2368 6613/9652/2368 6569/9577/2368
f 6569/9577/2369 6613/9652/2369 6614/9654/2369 6571/9580/2369
f 6571/9580/2370 6614/9654/2370 6615/9656/2370 6573/9583/2370
f 6573/9583/2371 6615/9656/2371 6616/9658/2371 6575/9586/2371
f 6575/9586/2372 6616/9658/2372 6617/9660/2372 6577/9589/2372
f 6577/9589/2373 6617/9660/2373 6618/9662/2373 6579/9592/2373
f 6579/9592/2374 6618/9662/2374 6619/9664/2374 6581/9595/2374
f 6581/9595/2375 6619/9664/2375 6620/9666/2375 6583/9598/2375
f 6583/9598/2376 6620/9666/2376 6621/9668/2376 6585/9601/2376
f 6585/9601/2377 6621/9668/2377 6622/9670/2377 6587/9604/2377
f 6587/9604/2378 6622/9670/2378 6623/9672/2378 6589/9607/2378
f 6589/9607/2379 6623/9672/2379 6624/9674/2379 6591/9610/2379
f 6591/9610/2380 6624/9674/2380 6625/9676/2380 6593/9613/2380
f 6592/9612/2364 6590/9609/2364 6683/9736/2364 6684/9737/2364
f 6593/9613/2381 6625/9676/2381 6626/9678/2381 6595/9616/2381
f 6595/9616/2382 6626/9678/2382 6598/9622/2382 6537/9529/2382
f 6537/9530/2383 6539/9533/2383 6541/9536/2383 6543/9539/2383 6545/9542/2383 6547/9545/2383 6549/9548/2383 6551/9551/2383 6553/9554/2383 6555/9557/2383 6557/9560/2383 6559/9563/2383 6561/9566/2383 6563/9569/2383 6565/9572/2383 6567/9575/2383 6569/9578/2383 6571/9581/2383 6573/9584/2383 6575/9587/2383 6577/9590/2383 6579/9593/2383 6581/9596/2383 6583/9599/2383 6585/9602/2383 6587/9605/2383 6589/9608/2383 6591/9611/2383 6593/9614/2383 6595/9617/2383
f 6538/9531/2384 6540/9534/2384 6597/9620/2384 6598/9623/2384
f 6540/9534/2384 6542/9537/2384 6599/9625/2384 6597/9620/2384
f 6542/9537/2384 6544/9540/2384 6600/9627/2384 6599/9625/2384
f 6544/9540/2384 6546/9543/2384 6601/9629/2384 6600/9627/2384
f 6546/9543/2384 6548/9546/2384 6602/9631/2384 6601/9629/2384
f 6548/9546/2384 6550/9549/2384 6603/9633/2384 6602/9631/2384
f 6550/9549/2384 6552/9552/2384 6604/9635/2384 6603/9633/2384
f 6552/9552/2384 6554/9555/2384 6605/9637/2384 6604/9635/2384
f 6554/9555/2384 6556/9558/2384 6606/9639/2384 6605/9637/2384
f 6556/9558/2384 6558/9561/2384 6607/9641/2384 6606/9639/2384
f 6558/9561/2384 6560/9564/2384 6608/9643/2384 6607/9641/2384
f 6560/9564/2384 6562/9567/2384 6609/9645/2384 6608/9643/2384
f 6562/9567/2384 6564/9570/2384 6610/9647/2384 6609/9645/2384
f 6564/9570/2384 6566/9573/2384 6611/9649/2384 6610/9647/2384
f 6566/9573/2384 6568/9576/2384 6612/9651/2384 6611/9649/2384
f 6568/9576/2384 6570/9579/2384 6613/9653/2384 6612/9651/2384
f 6570/9579/2384 6572/9582/2384 6614/9655/2384 6613/9653/2384
f 6572/9582/2384 6574/9585/2384 6615/9657/2384 6614/9655/2384
f 6574/9585/2384 6576/9588/2384 6616/9659/2384 6615/9657/2384
f 6576/9588/2384 6578/9591/2384 6617/9661/2384 6616/9659/2384
f 6578/9591/2384 6580/9594/2384 6618/9663/2384 6617/9661/2384
f 6580/9594/2384 6582/9597/2384 6619/9665/2384 6618/9663/2384
f 6582/9597/2384 6584/9600/2384 6620/9667/2384 6619/9665/2384
f 6584/9600/2384 6586/9603/2384 6621/9669/2384 6620/9667/2384
f 6586/9603/2384 6588/9606/2384 6622/9671/2384 6621/9669/2384
f 6588/9606/2384 6590/9609/2384 6623/9673/2384 6622/9671/2384
f 6590/9609/2384 6592/9612/2384 6624/9675/2384 6623/9673/2384
f 6592/9612/2384 6594/9615/2384 6625/9677/2384 6624/9675/2384
f 6594/9615/2384 6596/9618/2384 6626/9679/2384 6625/9677/2384
f 6596/9618/2384 6538/9531/2384 6598/9623/2384 6626/9679/2384
f 6566/9573/2381 6564/9570/2381 6670/9723/2381 6671/9724/2381
f 6540/9534/2368 6538/9531/2368 6658/9711/2368 6657/9710/2368
f 6594/9615/2365 6592/9612/2365 6684/9737/2365 6685/9738/2365
f 6568/9576/2382 6566/9573/2382 6671/9724/2382 6672/9725/2382
f 6542/9537/2369 6540/9534/2369 6657/9710/2369 6659/9712/2369
f 6596/9618/2366 6594/9615/2366 6685/9738/2366 6686/9739/2366
f 6570/9579/2353 6568/9576/2353 6672/9725/2353 6673/9726/2353
f 6544/9540/2370 6542/9537/2370 6659/9712/2370 6660/9713/2370
f 6538/9531/2367 6596/9618/2367 6686/9739/2367 6658/9711/2367
f 6572/9582/2354 6570/9579/2354 6673/9726/2354 6674/9727/2354
f 6546/9543/2371 6544/9540/2371 6660/9713/2371 6661/9714/2371
f 6574/9585/2355 6572/9582/2355 6674/9727/2355 6675/9728/2355
f 6548/9546/2372 6546/9543/2372 6661/9714/2372 6662/9715/2372
f 6576/9588/2356 6574/9585/2356 6675/9728/2356 6676/9729/2356
f 6550/9549/2373 6548/9546/2373 6662/9715/2373 6663/9716/2373
f 6578/9591/2357 6576/9588/2357 6676/9729/2357 6677/9730/2357
f 6552/9552/2374 6550/9549/2374 6663/9716/2374 6664/9717/2374
f 6580/9594/2358 6578/9591/2358 6677/9730/2358 6678/9731/2358
f 6554/9555/2375 6552/9552/2375 6664/9717/2375 6665/9718/2375
f 6582/9597/2359 6580/9594/2359 6678/9731/2359 6679/9732/2359
f 6556/9558/2376 6554/9555/2376 6665/9718/2376 6666/9719/2376
f 6584/9600/2360 6582/9597/2360 6679/9732/2360 6680/9733/2360
f 6558/9561/2377 6556/9558/2377 6666/9719/2377 6667/9720/2377
f 6586/9603/2361 6584/9600/2361 6680/9733/2361 6681/9734/2361
f 6560/9564/2378 6558/9561/2378 6667/9720/2378 6668/9721/2378
f 6588/9606/2362 6586/9603/2362 6681/9734/2362 6682/9735/2362
f 6562/9567/2379 6560/9564/2379 6668/9721/2379 6669/9722/2379
f 6590/9609/2363 6588/9606/2363 6682/9735/2363 6683/9736/2363
f 6564/9570/2380 6562/9567/2380 6669/9722/2380 6670/9723/2380
f 6628/9681/2384 6627/9680/2384 6657/9710/2384 6658/9711/2384
f 6627/9680/2384 6629/9682/2384 6659/9712/2384 6657/9710/2384
f 6629/9682/2384 6630/9683/2384 6660/9713/2384 6659/9712/2384
f 6630/9683/2384 6631/9684/2384 6661/9714/2384 6660/9713/2384
f 6631/9684/2384 6632/9685/2384 6662/9715/2384 6661/9714/2384
f 6632/9685/2384 6633/9686/2384 6663/9716/2384 6662/9715/2384
f 6633/9686/2384 6634/9687/2384 6664/9717/2384 6663/9716/2384
f 6634/9687/2384 6635/9688/2384 6665/9718/2384 6664/9717/2384
f 6635/9688/2384 6636/9689/2384 6666/9719/2384 6665/9718/2384
f 6636/9689/2384 6637/9690/2384 6667/9720/2384 6666/9719/2384
f 6637/9690/2384 6638/9691/2384 6668/9721/2384 6667/9720/2384
f 6638/9691/2384 6639/9692/2384 6669/9722/2384 6668/9721/2384
f 6639/9692/2384 6640/9693/2384 6670/9723/2384 6669/9722/2384
f 6640/9693/2384 6641/9694/2384 6671/9724/2384 6670/9723/2384
f 6641/9694/2384 6642/9695/2384 6672/9725/2384 6671/9724/2384
f 6642/9695/2384 6643/9696/2384 6673/9726/2384 6672/9725/2384
f 6643/9696/2384 6644/9697/2384 6674/9727/2384 6673/9726/2384
f 6644/9697/2384 6645/9698/2384 6675/9728/2384 6674/9727/2384
f 6645/9698/2384 6646/9699/2384 6676/9729/2384 6675/9728/2384
f 6646/9699/2384 6647/9700/2384 6677/9730/2384 6676/9729/2384
f 6647/9700/2384 6648/9701/2384 6678/9731/2384 6677/9730/2384
f 6648/9701/2384 6649/9702/2384 6679/9732/2384 6678/9731/2384
f 6649/9702/2384 6650/9703/2384 6680/9733/2384 6679/9732/2384
f 6650/9703/2384 6651/9704/2384 6681/9734/2384 6680/9733/2384
f 6651/9704/2384 6652/9705/2384 6682/9735/2384 6681/9734/2384
f 6652/9705/2384 6653/9706/2384 6683/9736/2384 6682/9735/2384
f 6653/9706/2384 6654/9707/2384 6684/9737/2384 6683/9736/2384
f 6654/9707/2384 6655/9708/2384 6685/9738/2384 6684/9737/2384
f 6655/9708/2384 6656/9709/2384 6686/9739/2384 6685/9738/2384
f 6656/9709/2384 6628/9681/2384 6658/9711/2384 6686/9739/2384
usemtl Neutral
f 6631/9684/2356 6630/9683/2356 6690/9743/2356 6691/9744/2356
f 6687/9740/2384 6688/9741/2384 6716/9769/2384 6715/9768/2384 6714/9767/2384 6713/9766/2384 6712/9765/2384 6711/9764/2384 6710/9763/2384 6709/9762/2384 6708/9761/2384 6707/9760/2384 6706/9759/2384 6705/9758/2384 6704/9757/2384 6703/9756/2384 6702/9755/2384 6701/9754/2384 6700/9753/2384 6699/9752/2384 6698/9751/2384 6697/9750/2384 6696/9749/2384 6695/9748/2384 6694/9747/2384 6693/9746/2384 6692/9745/2384 6691/9744/2384 6690/9743/2384 6689/9742/2384
f 6645/9698/2370 6644/9697/2370 6704/9757/2370 6705/9758/2370
f 6632/9685/2357 6631/9684/2357 6691/9744/2357 6692/9745/2357
f 6646/9699/2371 6645/9698/2371 6705/9758/2371 6706/9759/2371
f 6633/9686/2358 6632/9685/2358 6692/9745/2358 6693/9746/2358
f 6647/9700/2372 6646/9699/2372 6706/9759/2372 6707/9760/2372
f 6634/9687/2359 6633/9686/2359 6693/9746/2359 6694/9747/2359
f 6648/9701/2373 6647/9700/2373 6707/9760/2373 6708/9761/2373
f 6635/9688/2360 6634/9687/2360 6694/9747/2360 6695/9748/2360
f 6649/9702/2374 6648/9701/2374 6708/9761/2374 6709/9762/2374
f 6636/9689/2361 6635/9688/2361 6695/9748/2361 6696/9749/2361
f 6650/9703/2375 6649/9702/2375 6709/9762/2375 6710/9763/2375
f 6637/9690/2362 6636/9689/2362 6696/9749/2362 6697/9750/2362
f 6651/9704/2376 6650/9703/2376 6710/9763/2376 6711/9764/2376
f 6638/9691/2363 6637/9690/2363 6697/9750/2363 6698/9751/2363
f 6652/9705/2377 6651/9704/2377 6711/9764/2377 6712/9765/2377
f 6639/9692/2364 6638/9691/2364 6698/9751/2364 6699/9752/2364
f 6653/9706/2378 6652/9705/2378 6712/9765/2378 6713/9766/2378
f 6640/9693/2365 6639/9692/2365 6699/9752/2365 6700/9753/2365
f 6654/9707/2379 6653/9706/2379 6713/9766/2379 6714/9767/2379
f 6641/9694/2366 6640/9693/2366 6700/9753/2366 6701/9754/2366
f 6627/9680/2353 6628/9681/2353 6688/9741/2353 6687/9740/2353
f 6655/9708/2380 6654/9707/2380 6714/9767/2380 6715/9768/2380
f 6642/9695/2367 6641/9694/2367 6701/9754/2367 6702/9755/2367
f 6629/9682/2354 6627/9680/2354 6687/9740/2354 6689/9742/2354
f 6656/9709/2381 6655/9708/2381 6715/9768/2381 6716/9769/2381
f 6643/9696/2368 6642/9695/2368 6702/9755/2368 6703/9756/2368
f 6630/9683/2355 6629/9682/2355 6689/9742/2355 6690/9743/2355
f 6628/9681/2382 6656/9709/2382 6716/9769/2382 6688/9741/2382
f 6644/9697/2369 6643/9696/2369 6703/9756/2369 6704/9757/2369
o Cylinder.009
v -1.197198 2.175196 0.089958
v -1.181121 2.175196 0.089954
v -1.197199 2.175020 0.088287
v -1.181121 2.175020 0.088283
v -1.197199 2.174501 0.086688
v -1.181121 2.174501 0.086684
v -1.197199 2.173661 0.085233
v -1.181122 2.173661 0.085229
v -1.197200 2.172536 0.083984
v -1.181122 2.172536 0.083980
v -1.197200 2.171176 0.082996
v -1.181122 2.171176 0.082992
v -1.197200 2.169641 0.082313
v -1.181123 2.169641 0.082309
v -1.197200 2.167997 0.081963
v -1.181123 2.167997 0.081959
v -1.197200 2.166317 0.081963
v -1.181123 2.166317 0.081959
v -1.197200 2.164673 0.082313
v -1.181123 2.164673 0.082309
v -1.197200 2.163138 0.082996
v -1.181122 2.163138 0.082992
v -1.197200 2.161778 0.083984
v -1.181122 2.161778 0.083980
v -1.197199 2.160654 0.085233
v -1.181122 2.160654 0.085229
v -1.197199 2.159813 0.086688
v -1.181121 2.159813 0.086684
v -1.197199 2.159294 0.088287
v -1.181121 2.159294 0.088283
v -1.197198 2.159118 0.089958
v -1.181121 2.159118 0.089954
v -1.197198 2.159294 0.091629
v -1.181120 2.159294 0.091625
v -1.197197 2.159813 0.093228
v -1.181120 2.159813 0.093224
v -1.197197 2.160654 0.094683
v -1.181120 2.160654 0.094679
v -1.197197 2.161778 0.095932
v -1.181119 2.161778 0.095928
v -1.197196 2.163138 0.096920
v -1.181119 2.163138 0.096916
v -1.197196 2.164673 0.097603
v -1.181119 2.164673 0.097599
v -1.197196 2.166317 0.097953
v -1.181119 2.166317 0.097949
v -1.197196 2.167997 0.097953
v -1.181119 2.167997 0.097949
v -1.197196 2.169641 0.097603
v -1.181119 2.169641 0.097599
v -1.197196 2.171176 0.096920
v -1.181119 2.171176 0.096916
v -1.197197 2.172536 0.095932
v -1.181119 2.172536 0.095928
v -1.197197 2.173661 0.094683
v -1.181120 2.173661 0.094679
v -1.197197 2.174501 0.093228
v -1.181120 2.174501 0.093224
v -1.197198 2.175020 0.091629
v -1.181120 2.175020 0.091625
v -1.197198 2.192634 0.089958
v -1.197198 2.192458 0.088838
v -1.181121 2.192458 0.088834
v -1.181121 2.192634 0.089954
v -1.197199 2.191939 0.087767
v -1.181121 2.191939 0.087763
v -1.197199 2.191098 0.086791
v -1.181121 2.191098 0.086787
v -1.197199 2.189974 0.085954
v -1.181122 2.189974 0.085950
v -1.197199 2.188614 0.085292
v -1.181122 2.188614 0.085288
v -1.197199 2.187079 0.084834
v -1.181122 2.187079 0.084830
v -1.197199 2.185435 0.084600
v -1.181122 2.185435 0.084596
v -1.181119 2.185435 0.095312
v -1.197197 2.185435 0.095316
v -1.197197 2.187079 0.095082
v -1.181119 2.187079 0.095078
v -1.197197 2.188614 0.094624
v -1.181120 2.188614 0.094620
v -1.197197 2.189974 0.093962
v -1.181120 2.189974 0.093958
v -1.197197 2.191098 0.093125
v -1.181120 2.191098 0.093121
v -1.197198 2.191939 0.092149
v -1.181120 2.191939 0.092145
v -1.197198 2.192458 0.091078
v -1.181120 2.192458 0.091074
v -1.197244 2.175196 -0.100316
v -1.181167 2.175196 -0.100320
v -1.197245 2.175020 -0.101987
v -1.181167 2.175020 -0.101991
v -1.197245 2.174501 -0.103585
v -1.181168 2.174501 -0.103589
v -1.197245 2.173661 -0.105041
v -1.181168 2.173661 -0.105045
v -1.197246 2.172536 -0.106290
v -1.181168 2.172536 -0.106294
v -1.197246 2.171176 -0.107277
v -1.181168 2.171176 -0.107281
v -1.197246 2.169641 -0.107961
v -1.181169 2.169641 -0.107965
v -1.197246 2.167997 -0.108310
v -1.181169 2.167997 -0.108314
v -1.197246 2.166317 -0.108310
v -1.181169 2.166317 -0.108314
v -1.197246 2.164673 -0.107961
v -1.181169 2.164673 -0.107965
v -1.197246 2.163138 -0.107277
v -1.181168 2.163138 -0.107281
v -1.197246 2.161778 -0.106290
v -1.181168 2.161778 -0.106294
v -1.197245 2.160654 -0.105041
v -1.181168 2.160654 -0.105045
v -1.197245 2.159813 -0.103585
v -1.181168 2.159813 -0.103589
v -1.197245 2.159294 -0.101987
v -1.181167 2.159294 -0.101991
v -1.197244 2.159118 -0.100316
v -1.181167 2.159118 -0.100320
v -1.197244 2.159294 -0.098644
v -1.181166 2.159294 -0.098648
v -1.197243 2.159813 -0.097046
v -1.181166 2.159813 -0.097050
v -1.197243 2.160654 -0.095591
v -1.181166 2.160654 -0.095595
v -1.197243 2.161778 -0.094342
v -1.181165 2.161778 -0.094346
v -1.197242 2.163138 -0.093354
v -1.181165 2.163138 -0.093358
v -1.197242 2.164673 -0.092670
v -1.181165 2.164673 -0.092674
v -1.197242 2.166317 -0.092321
v -1.181165 2.166317 -0.092325
v -1.197242 2.167997 -0.092321
v -1.181165 2.167997 -0.092325
v -1.197242 2.169641 -0.092670
v -1.181165 2.169641 -0.092674
v -1.197242 2.171176 -0.093354
v -1.181165 2.171176 -0.093358
v -1.197243 2.172536 -0.094342
v -1.181165 2.172536 -0.094346
v -1.197243 2.173661 -0.095591
v -1.181166 2.173661 -0.095595
v -1.197243 2.174501 -0.097046
v -1.181166 2.174501 -0.097050
v -1.197244 2.175020 -0.098644
v -1.181166 2.175020 -0.098648
v -1.197244 2.192634 -0.100316
v -1.197245 2.192458 -0.101436
v -1.181167 2.192458 -0.101440
v -1.181167 2.192634 -0.100320
v -1.197245 2.191939 -0.102507
v -1.181167 2.191939 -0.102511
v -1.197245 2.191098 -0.103483
v -1.181167 2.191098 -0.103486
v -1.197245 2.189974 -0.104320
v -1.181168 2.189974 -0.104323
v -1.197245 2.188614 -0.104982
v -1.181168 2.188614 -0.104986
v -1.197245 2.187079 -0.105440
v -1.181168 2.187079 -0.105444
v -1.197245 2.185435 -0.105674
v -1.181168 2.185435 -0.105678
v -1.181165 2.185435 -0.094961
v -1.197243 2.185435 -0.094957
v -1.197243 2.187079 -0.095192
v -1.181166 2.187079 -0.095195
v -1.197243 2.188614 -0.095650
v -1.181166 2.188614 -0.095654
v -1.197243 2.189974 -0.096312
v -1.181166 2.189974 -0.096316
v -1.197243 2.191098 -0.097149
v -1.181166 2.191098 -0.097153
v -1.197244 2.191939 -0.098124
v -1.181166 2.191939 -0.098128
v -1.197244 2.192458 -0.099195
v -1.181167 2.192458 -0.099199
vn -1.0000 -0.0000 0.0002
vn 1.0000 -0.0000 -0.0002
vn 0.0002 0.1495 0.9888
vn -0.0002 -0.0000 -1.0000
vn -0.0002 -0.2079 -0.9781
vn -0.0002 -0.4067 -0.9135
vn -0.0002 -0.5878 -0.8090
vn -0.0002 -0.7431 -0.6691
vn -0.0001 -0.8660 -0.5000
vn -0.0001 -0.9511 -0.3090
vn -0.0000 -0.9945 -0.1045
vn -0.0000 -0.9945 0.1045
vn 0.0001 -0.9511 0.3090
vn 0.0001 -0.8660 0.5000
vn 0.0002 -0.7431 0.6691
vn 0.0002 -0.5878 0.8090
vn 0.0002 -0.4067 0.9135
vn 0.0002 -0.2079 0.9781
vn 0.0002 -0.0000 1.0000
vn -0.0000 0.9879 -0.1549
vn -0.0001 0.8998 -0.4362
vn -0.0002 0.7577 -0.6527
vn -0.0002 0.5971 -0.8022
vn -0.0002 0.4378 -0.8991
vn -0.0002 0.2859 -0.9582
vn -0.0002 0.1410 -0.9900
vn 0.0002 0.1410 0.9900
vn 0.0002 0.2859 0.9582
vn 0.0002 0.4378 0.8991
vn 0.0002 0.5971 0.8022
vn 0.0002 0.7577 0.6527
vn 0.0001 0.8998 0.4362
vn -0.0000 0.9879 0.1549
vn -0.0002 0.1495 -0.9888
vn -0.0002 0.2860 -0.9582
vt 0.750000 0.490000
vt 0.250000 0.490000
vt 0.799899 0.484755
vt 0.299899 0.484755
vt 0.847617 0.469251
vt 0.347617 0.469251
vt 0.891068 0.444164
vt 0.391068 0.444164
vt 0.928355 0.410591
vt 0.428355 0.410591
vt 0.957846 0.370000
vt 0.457846 0.370000
vt 0.978254 0.324164
vt 0.478254 0.324164
vt 0.988685 0.275087
vt 0.766666 0.500000
vt 0.488685 0.275087
vt 0.766666 1.000000
vt 0.733333 0.500000
vt 0.988685 0.224913
vt 0.733333 1.000000
vt 0.488685 0.224913
vt 0.700000 0.500000
vt 0.978254 0.175836
vt 0.700000 1.000000
vt 0.478254 0.175836
vt 0.666666 0.500000
vt 0.957846 0.130000
vt 0.666666 1.000000
vt 0.457846 0.130000
vt 0.633333 0.500000
vt 0.928355 0.089409
vt 0.633333 1.000000
vt 0.428355 0.089409
vt 0.600000 0.500000
vt 0.891068 0.055836
vt 0.600000 1.000000
vt 0.391068 0.055836
vt 0.566666 0.500000
vt 0.847617 0.030749
vt 0.566666 1.000000
vt 0.347617 0.030749
vt 0.533333 0.500000
vt 0.799899 0.015245
vt 0.533333 1.000000
vt 0.299899 0.015245
vt 0.500000 0.500000
vt 0.750000 0.010000
vt 0.500000 1.000000
vt 0.250000 0.010000
vt 0.466666 0.500000
vt 0.700101 0.015245
vt 0.466666 1.000000
vt 0.200101 0.015245
vt 0.433333 0.500000
vt 0.652383 0.030749
vt 0.433333 1.000000
vt 0.152383 0.030749
vt 0.400000 0.500000
vt 0.608932 0.055836
vt 0.400000 1.000000
vt 0.108932 0.055836
vt 0.366666 0.500000
vt 0.571645 0.089409
vt 0.366666 1.000000
vt 0.071645 0.089409
vt 0.333333 0.500000
vt 0.542154 0.130000
vt 0.333333 1.000000
vt 0.042154 0.130000
vt 0.300000 0.500000
vt 0.521746 0.175836
vt 0.300000 1.000000
vt 0.021746 0.175836
vt 0.266666 0.500000
vt 0.511315 0.224913
vt 0.266666 1.000000
vt 0.011315 0.224913
vt 0.233333 0.500000
vt 0.511315 0.275087
vt 0.233333 1.000000
vt 0.011315 0.275087
vt 0.521746 0.324164
vt 0.021746 0.324164
vt 0.542154 0.370000
vt 0.042154 0.370000
vt 0.571645 0.410591
vt 0.071645 0.410591
vt 0.608931 0.444164
vt 0.108931 0.444164
vt 0.652383 0.469251
vt 0.152383 0.469251
vt 0.700101 0.484755
vt 0.200101 0.484755
vt 1.000000 0.500000
vt -0.000000 0.500000
vt 0.750000 0.490000
vt 0.966667 0.500000
vt 0.799899 0.484755
vt 0.966667 1.000000
vt 0.299899 0.484755
vt 1.000000 1.000000
vt -0.000000 1.000000
vt 0.250000 0.490000
vt 0.933333 0.500000
vt 0.847617 0.469251
vt 0.933333 1.000000
vt 0.347617 0.469251
vt 0.900000 0.500000
vt 0.891068 0.444164
vt 0.900000 1.000000
vt 0.391068 0.444164
vt 0.928355 0.410591
vt 0.866667 0.500000
vt 0.428355 0.410591
vt 0.866667 1.000000
vt 0.957846 0.370000
vt 0.833333 0.500000
vt 0.833333 1.000000
vt 0.457846 0.370000
vt 0.800000 0.500000
vt 0.978254 0.324164
vt 0.800000 1.000000
vt 0.478254 0.324164
vt 0.988685 0.275087
vt 0.766666 0.500000
vt 0.488685 0.275087
vt 0.766666 1.000000
vt 0.233333 1.000000
vt 0.011315 0.275087
vt 0.233333 0.500000
vt 0.511315 0.275087
vt 0.200000 0.500000
vt 0.521746 0.324164
vt 0.200000 1.000000
vt 0.021746 0.324164
vt 0.166666 0.500000
vt 0.542154 0.370000
vt 0.166666 1.000000
vt 0.042154 0.370000
vt 0.571645 0.410591
vt 0.133333 0.500000
vt 0.071645 0.410591
vt 0.133333 1.000000
vt 0.608931 0.444164
vt 0.100000 0.500000
vt 0.108931 0.444164
vt 0.100000 1.000000
vt 0.066666 0.500000
vt 0.652383 0.469251
vt 0.066666 1.000000
vt 0.152383 0.469251
vt 0.033333 0.500000
vt 0.700101 0.484755
vt 0.033333 1.000000
vt 0.200101 0.484755
vt 0.750000 0.490000
vt 0.250000 0.490000
vt 0.799899 0.484755
vt 0.299899 0.484755
vt 0.847617 0.469251
vt 0.347617 0.469251
vt 0.891068 0.444164
vt 0.391068 0.444164
vt 0.928355 0.410591
vt 0.428355 0.410591
vt 0.957846 0.370000
vt 0.457846 0.370000
vt 0.978254 0.324164
vt 0.478254 0.324164
vt 0.988685 0.275087
vt 0.766666 0.500000
vt 0.488685 0.275087
vt 0.766666 1.000000
vt 0.733333 0.500000
vt 0.988685 0.224913
vt 0.733333 1.000000
vt 0.488685 0.224913
vt 0.700000 0.500000
vt 0.978254 0.175836
vt 0.700000 1.000000
vt 0.478254 0.175836
vt 0.666666 0.500000
vt 0.957846 0.130000
vt 0.666666 1.000000
vt 0.457846 0.130000
vt 0.633333 0.500000
vt 0.928355 0.089409
vt 0.633333 1.000000
vt 0.428355 0.089409
vt 0.600000 0.500000
vt 0.891068 0.055836
vt 0.600000 1.000000
vt 0.391068 0.055836
vt 0.566666 0.500000
vt 0.847617 0.030749
vt 0.566666 1.000000
vt 0.347617 0.030749
vt 0.533333 0.500000
vt 0.799899 0.015245
vt 0.533333 1.000000
vt 0.299899 0.015245
vt 0.500000 0.500000
vt 0.750000 0.010000
vt 0.500000 1.000000
vt 0.250000 0.010000
vt 0.466666 0.500000
vt 0.700101 0.015245
vt 0.466666 1.000000
vt 0.200101 0.015245
vt 0.433333 0.500000
vt 0.652383 0.030749
vt 0.433333 1.000000
vt 0.152383 0.030749
vt 0.400000 0.500000
vt 0.608932 0.055836
vt 0.400000 1.000000
vt 0.108932 0.055836
vt 0.366666 0.500000
vt 0.571645 0.089409
vt 0.366666 1.000000
vt 0.071645 0.089409
vt 0.333333 0.500000
vt 0.542154 0.130000
vt 0.333333 1.000000
vt 0.042154 0.130000
vt 0.300000 0.500000
vt 0.521746 0.175836
vt 0.300000 1.000000
vt 0.021746 0.175836
vt 0.266666 0.500000
vt 0.511315 0.224913
vt 0.266666 1.000000
vt 0.011315 0.224913
vt 0.233333 0.500000
vt 0.511315 0.275087
vt 0.233333 1.000000
vt 0.011315 0.275087
vt 0.521746 0.324164
vt 0.021746 0.324164
vt 0.542154 0.370000
vt 0.042154 0.370000
vt 0.571645 0.410591
vt 0.071645 0.410591
vt 0.608931 0.444164
vt 0.108931 0.444164
vt 0.652383 0.469251
vt 0.152383 0.469251
vt 0.700101 0.484755
vt 0.200101 0.484755
vt 1.000000 0.500000
vt -0.000000 0.500000
vt 0.750000 0.490000
vt 0.966667 0.500000
vt 0.799899 0.484755
vt 0.966667 1.000000
vt 0.299899 0.484755
vt 1.000000 1.000000
vt -0.000000 1.000000
vt 0.250000 0.490000
vt 0.933333 0.500000
vt 0.847617 0.469251
vt 0.933333 1.000000
vt 0.347617 0.469251
vt 0.900000 0.500000
vt 0.891068 0.444164
vt 0.900000 1.000000
vt 0.391068 0.444164
vt 0.928355 0.410591
vt 0.866667 0.500000
vt 0.428355 0.410591
vt 0.866667 1.000000
vt 0.957846 0.370000
vt 0.833333 0.500000
vt 0.833333 1.000000
vt 0.457846 0.370000
vt 0.800000 0.500000
vt 0.978254 0.324164
vt 0.800000 1.000000
vt 0.478254 0.324164
vt 0.988685 0.275087
vt 0.766666 0.500000
vt 0.488685 0.275087
vt 0.766666 1.000000
vt 0.233333 1.000000
vt 0.011315 0.275087
vt 0.233333 0.500000
vt 0.511315 0.275087
vt 0.200000 0.500000
vt 0.521746 0.324164
vt 0.200000 1.000000
vt 0.021746 0.324164
vt 0.166666 0.500000
vt 0.542154 0.370000
vt 0.166666 1.000000
vt 0.042154 0.370000
vt 0.571645 0.410591
vt 0.133333 0.500000
vt 0.071645 0.410591
vt 0.133333 1.000000
vt 0.608931 0.444164
vt 0.100000 0.500000
vt 0.108931 0.444164
vt 0.100000 1.000000
vt 0.066666 0.500000
vt 0.652383 0.469251
vt 0.066666 1.000000
vt 0.152383 0.469251
vt 0.033333 0.500000
vt 0.700101 0.484755
vt 0.033333 1.000000
vt 0.200101 0.484755
s 0
usemtl Rotary_Switch
f 6729/9782/2385 6727/9780/2385 6787/9886/2385 6789/9891/2385
f 6772/9859/2386 6774/9861/2386 6804/9921/2386 6802/9916/2386
f 6763/9848/2387 6764/9850/2387 6793/9898/2387 6794/9900/2387
f 6773/9860/2385 6771/9858/2385 6801/9914/2385 6803/9919/2385
f 6718/9771/2386 6720/9773/2386 6779/9870/2386 6780/9873/2386
f 6726/9779/2386 6728/9781/2386 6788/9889/2386 6786/9884/2386
f 6719/9772/2385 6717/9770/2385 6777/9866/2385 6778/9868/2385
f 6731/9785/2388 6732/9787/2388 6734/9790/2388 6733/9788/2388
f 6733/9788/2389 6734/9790/2389 6736/9794/2389 6735/9792/2389
f 6735/9792/2390 6736/9794/2390 6738/9798/2390 6737/9796/2390
f 6737/9796/2391 6738/9798/2391 6740/9802/2391 6739/9800/2391
f 6739/9800/2392 6740/9802/2392 6742/9806/2392 6741/9804/2392
f 6741/9804/2393 6742/9806/2393 6744/9810/2393 6743/9808/2393
f 6743/9808/2394 6744/9810/2394 6746/9814/2394 6745/9812/2394
f 6745/9812/2395 6746/9814/2395 6748/9818/2395 6747/9816/2395
f 6747/9816/2396 6748/9818/2396 6750/9822/2396 6749/9820/2396
f 6749/9820/2397 6750/9822/2397 6752/9826/2397 6751/9824/2397
f 6751/9824/2398 6752/9826/2398 6754/9830/2398 6753/9828/2398
f 6753/9828/2399 6754/9830/2399 6756/9834/2399 6755/9832/2399
f 6755/9832/2400 6756/9834/2400 6758/9838/2400 6757/9836/2400
f 6757/9836/2401 6758/9838/2401 6760/9842/2401 6759/9840/2401
f 6759/9840/2402 6760/9842/2402 6762/9846/2402 6761/9844/2402
f 6761/9844/2403 6762/9846/2403 6764/9850/2403 6763/9848/2403
f 6727/9780/2385 6725/9778/2385 6785/9882/2385 6787/9886/2385
f 6770/9857/2386 6772/9859/2386 6802/9916/2386 6800/9912/2386
f 6771/9858/2385 6769/9856/2385 6799/9910/2385 6801/9914/2385
f 6724/9777/2386 6726/9779/2386 6786/9884/2386 6784/9881/2386
f 6725/9778/2385 6723/9776/2385 6783/9879/2385 6785/9882/2385
f 6720/9773/2386 6718/9771/2386 6776/9863/2386 6774/9861/2386 6772/9859/2386 6770/9857/2386 6768/9855/2386 6766/9853/2386 6764/9851/2386 6762/9847/2386 6760/9843/2386 6758/9839/2386 6756/9835/2386 6754/9831/2386 6752/9827/2386 6750/9823/2386 6748/9819/2386 6746/9815/2386 6744/9811/2386 6742/9807/2386 6740/9803/2386 6738/9799/2386 6736/9795/2386 6734/9791/2386 6732/9786/2386 6730/9783/2386 6728/9781/2386 6726/9779/2386 6724/9777/2386 6722/9775/2386
f 6768/9855/2386 6770/9857/2386 6800/9912/2386 6798/9909/2386
f 6769/9856/2385 6767/9854/2385 6797/9907/2385 6799/9910/2385
f 6717/9770/2385 6719/9772/2385 6721/9774/2385 6723/9776/2385 6725/9778/2385 6727/9780/2385 6729/9782/2385 6731/9784/2385 6733/9789/2385 6735/9793/2385 6737/9797/2385 6739/9801/2385 6741/9805/2385 6743/9809/2385 6745/9813/2385 6747/9817/2385 6749/9821/2385 6751/9825/2385 6753/9829/2385 6755/9833/2385 6757/9837/2385 6759/9841/2385 6761/9845/2385 6763/9849/2385 6765/9852/2385 6767/9854/2385 6769/9856/2385 6771/9858/2385 6773/9860/2385 6775/9862/2385
f 6777/9864/2404 6780/9871/2404 6779/9869/2404 6778/9867/2404
f 6778/9867/2405 6779/9869/2405 6782/9876/2405 6781/9874/2405
f 6781/9874/2406 6782/9876/2406 6784/9880/2406 6783/9878/2406
f 6783/9878/2407 6784/9880/2407 6786/9885/2407 6785/9883/2407
f 6785/9883/2408 6786/9885/2408 6788/9888/2408 6787/9887/2408
f 6787/9887/2409 6788/9888/2409 6790/9892/2409 6789/9890/2409
f 6789/9890/2410 6790/9892/2410 6792/9897/2410 6791/9895/2410
f 6794/9900/2411 6793/9898/2411 6796/9904/2411 6795/9902/2411
f 6795/9902/2412 6796/9904/2412 6798/9908/2412 6797/9906/2412
f 6797/9906/2413 6798/9908/2413 6800/9913/2413 6799/9911/2413
f 6799/9911/2414 6800/9913/2414 6802/9917/2414 6801/9915/2414
f 6801/9915/2415 6802/9917/2415 6804/9920/2415 6803/9918/2415
f 6803/9918/2416 6804/9920/2416 6806/9924/2416 6805/9922/2416
f 6805/9922/2417 6806/9924/2417 6780/9872/2417 6777/9865/2417
f 6765/9852/2385 6763/9849/2385 6794/9901/2385 6795/9903/2385
f 6728/9781/2386 6730/9783/2386 6790/9893/2386 6788/9889/2386
f 6764/9851/2386 6766/9853/2386 6796/9905/2386 6793/9899/2386
f 6721/9774/2385 6719/9772/2385 6778/9868/2385 6781/9875/2385
f 6775/9862/2385 6773/9860/2385 6803/9919/2385 6805/9923/2385
f 6720/9773/2386 6722/9775/2386 6782/9877/2386 6779/9870/2386
f 6774/9861/2386 6776/9863/2386 6806/9925/2386 6804/9921/2386
f 6731/9784/2385 6729/9782/2385 6789/9891/2385 6791/9894/2385
f 6767/9854/2385 6765/9852/2385 6795/9903/2385 6797/9907/2385
f 6730/9783/2386 6732/9786/2386 6792/9896/2386 6790/9893/2386
f 6766/9853/2386 6768/9855/2386 6798/9909/2386 6796/9905/2386
f 6723/9776/2385 6721/9774/2385 6781/9875/2385 6783/9879/2385
f 6717/9770/2385 6775/9862/2385 6805/9923/2385 6777/9866/2385
f 6732/9787/2418 6731/9785/2418 6791/9895/2418 6792/9897/2418
f 6722/9775/2386 6724/9777/2386 6784/9881/2386 6782/9877/2386
f 6776/9863/2386 6718/9771/2386 6780/9873/2386 6806/9925/2386
f 6819/9938/2385 6817/9936/2385 6877/10042/2385 6879/10047/2385
f 6862/10015/2386 6864/10017/2386 6894/10077/2386 6892/10072/2386
f 6853/10004/2387 6854/10006/2387 6883/10054/2387 6884/10056/2387
f 6863/10016/2385 6861/10014/2385 6891/10070/2385 6893/10075/2385
f 6808/9927/2386 6810/9929/2386 6869/10026/2386 6870/10029/2386
f 6816/9935/2386 6818/9937/2386 6878/10045/2386 6876/10040/2386
f 6809/9928/2385 6807/9926/2385 6867/10022/2385 6868/10024/2385
f 6821/9941/2388 6822/9943/2388 6824/9946/2388 6823/9944/2388
f 6823/9944/2389 6824/9946/2389 6826/9950/2389 6825/9948/2389
f 6825/9948/2390 6826/9950/2390 6828/9954/2390 6827/9952/2390
f 6827/9952/2391 6828/9954/2391 6830/9958/2391 6829/9956/2391
f 6829/9956/2392 6830/9958/2392 6832/9962/2392 6831/9960/2392
f 6831/9960/2393 6832/9962/2393 6834/9966/2393 6833/9964/2393
f 6833/9964/2394 6834/9966/2394 6836/9970/2394 6835/9968/2394
f 6835/9968/2395 6836/9970/2395 6838/9974/2395 6837/9972/2395
f 6837/9972/2396 6838/9974/2396 6840/9978/2396 6839/9976/2396
f 6839/9976/2397 6840/9978/2397 6842/9982/2397 6841/9980/2397
f 6841/9980/2398 6842/9982/2398 6844/9986/2398 6843/9984/2398
f 6843/9984/2399 6844/9986/2399 6846/9990/2399 6845/9988/2399
f 6845/9988/2400 6846/9990/2400 6848/9994/2400 6847/9992/2400
f 6847/9992/2401 6848/9994/2401 6850/9998/2401 6849/9996/2401
f 6849/9996/2402 6850/9998/2402 6852/10002/2402 6851/10000/2402
f 6851/10000/2403 6852/10002/2403 6854/10006/2403 6853/10004/2403
f 6817/9936/2385 6815/9934/2385 6875/10038/2385 6877/10042/2385
f 6860/10013/2386 6862/10015/2386 6892/10072/2386 6890/10068/2386
f 6861/10014/2385 6859/10012/2385 6889/10066/2385 6891/10070/2385
f 6814/9933/2386 6816/9935/2386 6876/10040/2386 6874/10037/2386
f 6815/9934/2385 6813/9932/2385 6873/10035/2385 6875/10038/2385
f 6810/9929/2386 6808/9927/2386 6866/10019/2386 6864/10017/2386 6862/10015/2386 6860/10013/2386 6858/10011/2386 6856/10009/2386 6854/10007/2386 6852/10003/2386 6850/9999/2386 6848/9995/2386 6846/9991/2386 6844/9987/2386 6842/9983/2386 6840/9979/2386 6838/9975/2386 6836/9971/2386 6834/9967/2386 6832/9963/2386 6830/9959/2386 6828/9955/2386 6826/9951/2386 6824/9947/2386 6822/9942/2386 6820/9939/2386 6818/9937/2386 6816/9935/2386 6814/9933/2386 6812/9931/2386
f 6858/10011/2386 6860/10013/2386 6890/10068/2386 6888/10065/2386
f 6859/10012/2385 6857/10010/2385 6887/10063/2385 6889/10066/2385
f 6807/9926/2385 6809/9928/2385 6811/9930/2385 6813/9932/2385 6815/9934/2385 6817/9936/2385 6819/9938/2385 6821/9940/2385 6823/9945/2385 6825/9949/2385 6827/9953/2385 6829/9957/2385 6831/9961/2385 6833/9965/2385 6835/9969/2385 6837/9973/2385 6839/9977/2385 6841/9981/2385 6843/9985/2385 6845/9989/2385 6847/9993/2385 6849/9997/2385 6851/10001/2385 6853/10005/2385 6855/10008/2385 6857/10010/2385 6859/10012/2385 6861/10014/2385 6863/10016/2385 6865/10018/2385
f 6867/10020/2404 6870/10027/2404 6869/10025/2404 6868/10023/2404
f 6868/10023/2405 6869/10025/2405 6872/10032/2405 6871/10030/2405
f 6871/10030/2406 6872/10032/2406 6874/10036/2406 6873/10034/2406
f 6873/10034/2407 6874/10036/2407 6876/10041/2407 6875/10039/2407
f 6875/10039/2408 6876/10041/2408 6878/10044/2408 6877/10043/2408
f 6877/10043/2419 6878/10044/2419 6880/10048/2419 6879/10046/2419
f 6879/10046/2410 6880/10048/2410 6882/10053/2410 6881/10051/2410
f 6884/10056/2411 6883/10054/2411 6886/10060/2411 6885/10058/2411
f 6885/10058/2412 6886/10060/2412 6888/10064/2412 6887/10062/2412
f 6887/10062/2413 6888/10064/2413 6890/10069/2413 6889/10067/2413
f 6889/10067/2414 6890/10069/2414 6892/10073/2414 6891/10071/2414
f 6891/10071/2415 6892/10073/2415 6894/10076/2415 6893/10074/2415
f 6893/10074/2416 6894/10076/2416 6896/10080/2416 6895/10078/2416
f 6895/10078/2417 6896/10080/2417 6870/10028/2417 6867/10021/2417
f 6855/10008/2385 6853/10005/2385 6884/10057/2385 6885/10059/2385
f 6818/9937/2386 6820/9939/2386 6880/10049/2386 6878/10045/2386
f 6854/10007/2386 6856/10009/2386 6886/10061/2386 6883/10055/2386
f 6811/9930/2385 6809/9928/2385 6868/10024/2385 6871/10031/2385
f 6865/10018/2385 6863/10016/2385 6893/10075/2385 6895/10079/2385
f 6810/9929/2386 6812/9931/2386 6872/10033/2386 6869/10026/2386
f 6864/10017/2386 6866/10019/2386 6896/10081/2386 6894/10077/2386
f 6821/9940/2385 6819/9938/2385 6879/10047/2385 6881/10050/2385
f 6857/10010/2385 6855/10008/2385 6885/10059/2385 6887/10063/2385
f 6820/9939/2386 6822/9942/2386 6882/10052/2386 6880/10049/2386
f 6856/10009/2386 6858/10011/2386 6888/10065/2386 6886/10061/2386
f 6813/9932/2385 6811/9930/2385 6871/10031/2385 6873/10035/2385
f 6807/9926/2385 6865/10018/2385 6895/10079/2385 6867/10022/2385
f 6822/9943/2418 6821/9941/2418 6881/10051/2418 6882/10053/2418
f 6812/9931/2386 6814/9933/2386 6874/10037/2386 6872/10033/2386
f 6866/10019/2386 6808/9927/2386 6870/10029/2386 6896/10081/2386
o Cylinder.010
v -1.197205 2.222734 0.060861
v -1.181128 2.222734 0.060857
v -1.197206 2.222558 0.059190
v -1.181128 2.222558 0.059186
v -1.197206 2.222039 0.057591
v -1.181129 2.222039 0.057587
v -1.197206 2.221199 0.056136
v -1.181129 2.221199 0.056132
v -1.197207 2.220074 0.054887
v -1.181129 2.220074 0.054883
v -1.197207 2.218715 0.053899
v -1.181129 2.218715 0.053895
v -1.197207 2.217180 0.053216
v -1.181130 2.217180 0.053212
v -1.197207 2.215536 0.052866
v -1.181130 2.215536 0.052862
v -1.197207 2.213855 0.052866
v -1.181130 2.213855 0.052862
v -1.197207 2.212211 0.053216
v -1.181130 2.212211 0.053212
v -1.197207 2.210676 0.053899
v -1.181129 2.210676 0.053895
v -1.197207 2.209316 0.054887
v -1.181129 2.209316 0.054883
v -1.197206 2.208192 0.056136
v -1.181129 2.208192 0.056132
v -1.197206 2.207352 0.057591
v -1.181129 2.207352 0.057587
v -1.197206 2.206832 0.059190
v -1.181128 2.206832 0.059186
v -1.197205 2.206657 0.060861
v -1.181128 2.206657 0.060857
v -1.197205 2.206832 0.062532
v -1.181127 2.206832 0.062528
v -1.197204 2.207352 0.064131
v -1.181127 2.207352 0.064127
v -1.197204 2.208192 0.065586
v -1.181127 2.208192 0.065582
v -1.197204 2.209316 0.066835
v -1.181126 2.209316 0.066831
v -1.197204 2.210676 0.067823
v -1.181126 2.210676 0.067819
v -1.197203 2.212211 0.068506
v -1.181126 2.212211 0.068502
v -1.197203 2.213855 0.068856
v -1.181126 2.213855 0.068852
v -1.197203 2.215536 0.068856
v -1.181126 2.215536 0.068852
v -1.197203 2.217180 0.068506
v -1.181126 2.217180 0.068502
v -1.197204 2.218715 0.067823
v -1.181126 2.218715 0.067819
v -1.197204 2.220074 0.066835
v -1.181126 2.220074 0.066831
v -1.197204 2.221199 0.065586
v -1.181127 2.221199 0.065582
v -1.197204 2.222039 0.064131
v -1.181127 2.222039 0.064127
v -1.197205 2.222558 0.062532
v -1.181127 2.222558 0.062528
v -1.197205 2.240172 0.060861
v -1.197206 2.239996 0.059741
v -1.181128 2.239996 0.059737
v -1.181128 2.240172 0.060857
v -1.197206 2.239477 0.058670
v -1.181128 2.239477 0.058666
v -1.197206 2.238637 0.057694
v -1.181129 2.238637 0.057690
v -1.197206 2.237512 0.056857
v -1.181129 2.237512 0.056853
v -1.197206 2.236153 0.056195
v -1.181129 2.236153 0.056191
v -1.197206 2.234617 0.055737
v -1.181129 2.234617 0.055733
v -1.197207 2.232974 0.055503
v -1.181129 2.232974 0.055499
v -1.181126 2.232974 0.066215
v -1.197204 2.232974 0.066219
v -1.197204 2.234617 0.065985
v -1.181127 2.234617 0.065981
v -1.197204 2.236153 0.065527
v -1.181127 2.236153 0.065523
v -1.197204 2.237512 0.064865
v -1.181127 2.237512 0.064861
v -1.197204 2.238637 0.064028
v -1.181127 2.238637 0.064024
v -1.197205 2.239477 0.063052
v -1.181127 2.239477 0.063049
v -1.197205 2.239996 0.061981
v -1.181128 2.239996 0.061977
v -1.197237 2.222734 -0.070252
v -1.181160 2.222734 -0.070256
v -1.197237 2.222558 -0.071923
v -1.181160 2.222558 -0.071927
v -1.197238 2.222039 -0.073522
v -1.181160 2.222039 -0.073525
v -1.197238 2.221199 -0.074977
v -1.181161 2.221199 -0.074981
v -1.197238 2.220074 -0.076226
v -1.181161 2.220074 -0.076230
v -1.197239 2.218715 -0.077214
v -1.181161 2.218715 -0.077218
v -1.197239 2.217180 -0.077897
v -1.181161 2.217180 -0.077901
v -1.197239 2.215536 -0.078247
v -1.181162 2.215536 -0.078251
v -1.197239 2.213855 -0.078247
v -1.181162 2.213855 -0.078251
v -1.197239 2.212211 -0.077897
v -1.181161 2.212211 -0.077901
v -1.197239 2.210676 -0.077214
v -1.181161 2.210676 -0.077218
v -1.197238 2.209316 -0.076226
v -1.181161 2.209316 -0.076230
v -1.197238 2.208192 -0.074977
v -1.181161 2.208192 -0.074981
v -1.197238 2.207352 -0.073522
v -1.181160 2.207352 -0.073525
v -1.197237 2.206832 -0.071923
v -1.181160 2.206832 -0.071927
v -1.197237 2.206657 -0.070252
v -1.181160 2.206657 -0.070256
v -1.197237 2.206832 -0.068581
v -1.181159 2.206832 -0.068584
v -1.197236 2.207352 -0.066982
v -1.181159 2.207352 -0.066986
v -1.197236 2.208192 -0.065527
v -1.181158 2.208192 -0.065531
v -1.197236 2.209316 -0.064278
v -1.181158 2.209316 -0.064282
v -1.197235 2.210676 -0.063290
v -1.181158 2.210676 -0.063294
v -1.197235 2.212211 -0.062607
v -1.181158 2.212211 -0.062611
v -1.197235 2.213855 -0.062257
v -1.181158 2.213855 -0.062261
v -1.197235 2.215536 -0.062257
v -1.181158 2.215536 -0.062261
v -1.197235 2.217180 -0.062607
v -1.181158 2.217180 -0.062611
v -1.197235 2.218715 -0.063290
v -1.181158 2.218715 -0.063294
v -1.197236 2.220074 -0.064278
v -1.181158 2.220074 -0.064282
v -1.197236 2.221199 -0.065527
v -1.181158 2.221199 -0.065531
v -1.197236 2.222039 -0.066982
v -1.181159 2.222039 -0.066986
v -1.197237 2.222558 -0.068581
v -1.181159 2.222558 -0.068584
v -1.197237 2.240172 -0.070252
v -1.197237 2.239996 -0.071372
v -1.181160 2.239996 -0.071376
v -1.181160 2.240172 -0.070256
v -1.197238 2.239477 -0.072443
v -1.181160 2.239477 -0.072447
v -1.197238 2.238637 -0.073419
v -1.181160 2.238637 -0.073423
v -1.197238 2.237512 -0.074256
v -1.181161 2.237512 -0.074260
v -1.197238 2.236153 -0.074918
v -1.181161 2.236153 -0.074922
v -1.197238 2.234617 -0.075376
v -1.181161 2.234617 -0.075380
v -1.197238 2.232974 -0.075610
v -1.181161 2.232974 -0.075614
v -1.181158 2.232974 -0.064898
v -1.197236 2.232974 -0.064894
v -1.197236 2.234617 -0.065128
v -1.181158 2.234617 -0.065132
v -1.197236 2.236153 -0.065586
v -1.181158 2.236153 -0.065590
v -1.197236 2.237512 -0.066248
v -1.181159 2.237512 -0.066252
v -1.197236 2.238637 -0.067085
v -1.181159 2.238637 -0.067089
v -1.197237 2.239477 -0.068060
v -1.181159 2.239477 -0.068064
v -1.197237 2.239996 -0.069132
v -1.181159 2.239996 -0.069136
vn -1.0000 -0.0000 0.0002
vn 1.0000 -0.0000 -0.0002
vn 0.0002 0.1495 0.9888
vn -0.0002 -0.0000 -1.0000
vn -0.0002 -0.2079 -0.9781
vn -0.0002 -0.4067 -0.9135
vn -0.0002 -0.5878 -0.8090
vn -0.0002 -0.7431 -0.6691
vn -0.0001 -0.8660 -0.5000
vn -0.0001 -0.9511 -0.3090
vn -0.0000 -0.9945 -0.1045
vn -0.0000 -0.9945 0.1045
vn 0.0001 -0.9511 0.3090
vn 0.0001 -0.8660 0.5000
vn 0.0002 -0.7431 0.6691
vn 0.0002 -0.5878 0.8090
vn 0.0002 -0.4067 0.9135
vn 0.0002 -0.2079 0.9781
vn 0.0002 -0.0000 1.0000
vn -0.0000 0.9879 -0.1549
vn -0.0001 0.8998 -0.4362
vn -0.0002 0.7577 -0.6527
vn -0.0002 0.5971 -0.8022
vn -0.0002 0.4378 -0.8991
vn -0.0002 0.2859 -0.9582
vn -0.0002 0.1410 -0.9900
vn 0.0002 0.1410 0.9900
vn 0.0002 0.2859 0.9582
vn 0.0002 0.4378 0.8991
vn 0.0002 0.5971 0.8022
vn 0.0002 0.7577 0.6527
vn 0.0001 0.8998 0.4362
vn -0.0000 0.9879 0.1549
vn -0.0002 0.1495 -0.9888
vn -0.0002 0.2860 -0.9582
vt 0.750000 0.490000
vt 0.250000 0.490000
vt 0.799899 0.484755
vt 0.299899 0.484755
vt 0.847617 0.469251
vt 0.347617 0.469251
vt 0.891068 0.444164
vt 0.391068 0.444164
vt 0.928355 0.410591
vt 0.428355 0.410591
vt 0.957846 0.370000
vt 0.457846 0.370000
vt 0.978254 0.324164
vt 0.478254 0.324164
vt 0.988685 0.275087
vt 0.766666 0.500000
vt 0.488685 0.275087
vt 0.766666 1.000000
vt 0.733333 0.500000
vt 0.988685 0.224913
vt 0.733333 1.000000
vt 0.488685 0.224913
vt 0.700000 0.500000
vt 0.978254 0.175836
vt 0.700000 1.000000
vt 0.478254 0.175836
vt 0.666666 0.500000
vt 0.957846 0.130000
vt 0.666666 1.000000
vt 0.457846 0.130000
vt 0.633333 0.500000
vt 0.928355 0.089409
vt 0.633333 1.000000
vt 0.428355 0.089409
vt 0.600000 0.500000
vt 0.891068 0.055836
vt 0.600000 1.000000
vt 0.391068 0.055836
vt 0.566666 0.500000
vt 0.847617 0.030749
vt 0.566666 1.000000
vt 0.347617 0.030749
vt 0.533333 0.500000
vt 0.799899 0.015245
vt 0.533333 1.000000
vt 0.299899 0.015245
vt 0.500000 0.500000
vt 0.750000 0.010000
vt 0.500000 1.000000
vt 0.250000 0.010000
vt 0.466666 0.500000
vt 0.700101 0.015245
vt 0.466666 1.000000
vt 0.200101 0.015245
vt 0.433333 0.500000
vt 0.652383 0.030749
vt 0.433333 1.000000
vt 0.152383 0.030749
vt 0.400000 0.500000
vt 0.608932 0.055836
vt 0.400000 1.000000
vt 0.108932 0.055836
vt 0.366666 0.500000
vt 0.571645 0.089409
vt 0.366666 1.000000
vt 0.071645 0.089409
vt 0.333333 0.500000
vt 0.542154 0.130000
vt 0.333333 1.000000
vt 0.042154 0.130000
vt 0.300000 0.500000
vt 0.521746 0.175836
vt 0.300000 1.000000
vt 0.021746 0.175836
vt 0.266666 0.500000
vt 0.511315 0.224913
vt 0.266666 1.000000
vt 0.011315 0.224913
vt 0.233333 0.500000
vt 0.511315 0.275087
vt 0.233333 1.000000
vt 0.011315 0.275087
vt 0.521746 0.324164
vt 0.021746 0.324164
vt 0.542154 0.370000
vt 0.042154 0.370000
vt 0.571645 0.410591
vt 0.071645 0.410591
vt 0.608931 0.444164
vt 0.108931 0.444164
vt 0.652383 0.469251
vt 0.152383 0.469251
vt 0.700101 0.484755
vt 0.200101 0.484755
vt 1.000000 0.500000
vt -0.000000 0.500000
vt 0.750000 0.490000
vt 0.966667 0.500000
vt 0.799899 0.484755
vt 0.966667 1.000000
vt 0.299899 0.484755
vt 1.000000 1.000000
vt -0.000000 1.000000
vt 0.250000 0.490000
vt 0.933333 0.500000
vt 0.847617 0.469251
vt 0.933333 1.000000
vt 0.347617 0.469251
vt 0.900000 0.500000
vt 0.891068 0.444164
vt 0.900000 1.000000
vt 0.391068 0.444164
vt 0.928355 0.410591
vt 0.866667 0.500000
vt 0.428355 0.410591
vt 0.866667 1.000000
vt 0.957846 0.370000
vt 0.833333 0.500000
vt 0.833333 1.000000
vt 0.457846 0.370000
vt 0.800000 0.500000
vt 0.978254 0.324164
vt 0.800000 1.000000
vt 0.478254 0.324164
vt 0.988685 0.275087
vt 0.766666 0.500000
vt 0.488685 0.275087
vt 0.766666 1.000000
vt 0.233333 1.000000
vt 0.011315 0.275087
vt 0.233333 0.500000
vt 0.511315 0.275087
vt 0.200000 0.500000
vt 0.521746 0.324164
vt 0.200000 1.000000
vt 0.021746 0.324164
vt 0.166666 0.500000
vt 0.542154 0.370000
vt 0.166666 1.000000
vt 0.042154 0.370000
vt 0.571645 0.410591
vt 0.133333 0.500000
vt 0.071645 0.410591
vt 0.133333 1.000000
vt 0.608931 0.444164
vt 0.100000 0.500000
vt 0.108931 0.444164
vt 0.100000 1.000000
vt 0.066666 0.500000
vt 0.652383 0.469251
vt 0.066666 1.000000
vt 0.152383 0.469251
vt 0.033333 0.500000
vt 0.700101 0.484755
vt 0.033333 1.000000
vt 0.200101 0.484755
vt 0.750000 0.490000
vt 0.250000 0.490000
vt 0.799899 0.484755
vt 0.299899 0.484755
vt 0.847617 0.469251
vt 0.347617 0.469251
vt 0.891068 0.444164
vt 0.391068 0.444164
vt 0.928355 0.410591
vt 0.428355 0.410591
vt 0.957846 0.370000
vt 0.457846 0.370000
vt 0.978254 0.324164
vt 0.478254 0.324164
vt 0.988685 0.275087
vt 0.766666 0.500000
vt 0.488685 0.275087
vt 0.766666 1.000000
vt 0.733333 0.500000
vt 0.988685 0.224913
vt 0.733333 1.000000
vt 0.488685 0.224913
vt 0.700000 0.500000
vt 0.978254 0.175836
vt 0.700000 1.000000
vt 0.478254 0.175836
vt 0.666666 0.500000
vt 0.957846 0.130000
vt 0.666666 1.000000
vt 0.457846 0.130000
vt 0.633333 0.500000
vt 0.928355 0.089409
vt 0.633333 1.000000
vt 0.428355 0.089409
vt 0.600000 0.500000
vt 0.891068 0.055836
vt 0.600000 1.000000
vt 0.391068 0.055836
vt 0.566666 0.500000
vt 0.847617 0.030749
vt 0.566666 1.000000
vt 0.347617 0.030749
vt 0.533333 0.500000
vt 0.799899 0.015245
vt 0.533333 1.000000
vt 0.299899 0.015245
vt 0.500000 0.500000
vt 0.750000 0.010000
vt 0.500000 1.000000
vt 0.250000 0.010000
vt 0.466666 0.500000
vt 0.700101 0.015245
vt 0.466666 1.000000
vt 0.200101 0.015245
vt 0.433333 0.500000
vt 0.652383 0.030749
vt 0.433333 1.000000
vt 0.152383 0.030749
vt 0.400000 0.500000
vt 0.608932 0.055836
vt 0.400000 1.000000
vt 0.108932 0.055836
vt 0.366666 0.500000
vt 0.571645 0.089409
vt 0.366666 1.000000
vt 0.071645 0.089409
vt 0.333333 0.500000
vt 0.542154 0.130000
vt 0.333333 1.000000
vt 0.042154 0.130000
vt 0.300000 0.500000
vt 0.521746 0.175836
vt 0.300000 1.000000
vt 0.021746 0.175836
vt 0.266666 0.500000
vt 0.511315 0.224913
vt 0.266666 1.000000
vt 0.011315 0.224913
vt 0.233333 0.500000
vt 0.511315 0.275087
vt 0.233333 1.000000
vt 0.011315 0.275087
vt 0.521746 0.324164
vt 0.021746 0.324164
vt 0.542154 0.370000
vt 0.042154 0.370000
vt 0.571645 0.410591
vt 0.071645 0.410591
vt 0.608931 0.444164
vt 0.108931 0.444164
vt 0.652383 0.469251
vt 0.152383 0.469251
vt 0.700101 0.484755
vt 0.200101 0.484755
vt 1.000000 0.500000
vt -0.000000 0.500000
vt 0.750000 0.490000
vt 0.966667 0.500000
vt 0.799899 0.484755
vt 0.966667 1.000000
vt 0.299899 0.484755
vt 1.000000 1.000000
vt -0.000000 1.000000
vt 0.250000 0.490000
vt 0.933333 0.500000
vt 0.847617 0.469251
vt 0.933333 1.000000
vt 0.347617 0.469251
vt 0.900000 0.500000
vt 0.891068 0.444164
vt 0.900000 1.000000
vt 0.391068 0.444164
vt 0.928355 0.410591
vt 0.866667 0.500000
vt 0.428355 0.410591
vt 0.866667 1.000000
vt 0.957846 0.370000
vt 0.833333 0.500000
vt 0.833333 1.000000
vt 0.457846 0.370000
vt 0.800000 0.500000
vt 0.978254 0.324164
vt 0.800000 1.000000
vt 0.478254 0.324164
vt 0.988685 0.275087
vt 0.766666 0.500000
vt 0.488685 0.275087
vt 0.766666 1.000000
vt 0.233333 1.000000
vt 0.011315 0.275087
vt 0.233333 0.500000
vt 0.511315 0.275087
vt 0.200000 0.500000
vt 0.521746 0.324164
vt 0.200000 1.000000
vt 0.021746 0.324164
vt 0.166666 0.500000
vt 0.542154 0.370000
vt 0.166666 1.000000
vt 0.042154 0.370000
vt 0.571645 0.410591
vt 0.133333 0.500000
vt 0.071645 0.410591
vt 0.133333 1.000000
vt 0.608931 0.444164
vt 0.100000 0.500000
vt 0.108931 0.444164
vt 0.100000 1.000000
vt 0.066666 0.500000
vt 0.652383 0.469251
vt 0.066666 1.000000
vt 0.152383 0.469251
vt 0.033333 0.500000
vt 0.700101 0.484755
vt 0.033333 1.000000
vt 0.200101 0.484755
s 0
usemtl Rotary_Switch
f 6909/10094/2420 6907/10092/2420 6967/10198/2420 6969/10203/2420
f 6952/10171/2421 6954/10173/2421 6984/10233/2421 6982/10228/2421
f 6943/10160/2422 6944/10162/2422 6973/10210/2422 6974/10212/2422
f 6953/10172/2420 6951/10170/2420 6981/10226/2420 6983/10231/2420
f 6898/10083/2421 6900/10085/2421 6959/10182/2421 6960/10185/2421
f 6906/10091/2421 6908/10093/2421 6968/10201/2421 6966/10196/2421
f 6899/10084/2420 6897/10082/2420 6957/10178/2420 6958/10180/2420
f 6911/10097/2423 6912/10099/2423 6914/10102/2423 6913/10100/2423
f 6913/10100/2424 6914/10102/2424 6916/10106/2424 6915/10104/2424
f 6915/10104/2425 6916/10106/2425 6918/10110/2425 6917/10108/2425
f 6917/10108/2426 6918/10110/2426 6920/10114/2426 6919/10112/2426
f 6919/10112/2427 6920/10114/2427 6922/10118/2427 6921/10116/2427
f 6921/10116/2428 6922/10118/2428 6924/10122/2428 6923/10120/2428
f 6923/10120/2429 6924/10122/2429 6926/10126/2429 6925/10124/2429
f 6925/10124/2430 6926/10126/2430 6928/10130/2430 6927/10128/2430
f 6927/10128/2431 6928/10130/2431 6930/10134/2431 6929/10132/2431
f 6929/10132/2432 6930/10134/2432 6932/10138/2432 6931/10136/2432
f 6931/10136/2433 6932/10138/2433 6934/10142/2433 6933/10140/2433
f 6933/10140/2434 6934/10142/2434 6936/10146/2434 6935/10144/2434
f 6935/10144/2435 6936/10146/2435 6938/10150/2435 6937/10148/2435
f 6937/10148/2436 6938/10150/2436 6940/10154/2436 6939/10152/2436
f 6939/10152/2437 6940/10154/2437 6942/10158/2437 6941/10156/2437
f 6941/10156/2438 6942/10158/2438 6944/10162/2438 6943/10160/2438
f 6907/10092/2420 6905/10090/2420 6965/10194/2420 6967/10198/2420
f 6950/10169/2421 6952/10171/2421 6982/10228/2421 6980/10224/2421
f 6951/10170/2420 6949/10168/2420 6979/10222/2420 6981/10226/2420
f 6904/10089/2421 6906/10091/2421 6966/10196/2421 6964/10193/2421
f 6905/10090/2420 6903/10088/2420 6963/10191/2420 6965/10194/2420
f 6900/10085/2421 6898/10083/2421 6956/10175/2421 6954/10173/2421 6952/10171/2421 6950/10169/2421 6948/10167/2421 6946/10165/2421 6944/10163/2421 6942/10159/2421 6940/10155/2421 6938/10151/2421 6936/10147/2421 6934/10143/2421 6932/10139/2421 6930/10135/2421 6928/10131/2421 6926/10127/2421 6924/10123/2421 6922/10119/2421 6920/10115/2421 6918/10111/2421 6916/10107/2421 6914/10103/2421 6912/10098/2421 6910/10095/2421 6908/10093/2421 6906/10091/2421 6904/10089/2421 6902/10087/2421
f 6948/10167/2421 6950/10169/2421 6980/10224/2421 6978/10221/2421
f 6949/10168/2420 6947/10166/2420 6977/10219/2420 6979/10222/2420
f 6897/10082/2420 6899/10084/2420 6901/10086/2420 6903/10088/2420 6905/10090/2420 6907/10092/2420 6909/10094/2420 6911/10096/2420 6913/10101/2420 6915/10105/2420 6917/10109/2420 6919/10113/2420 6921/10117/2420 6923/10121/2420 6925/10125/2420 6927/10129/2420 6929/10133/2420 6931/10137/2420 6933/10141/2420 6935/10145/2420 6937/10149/2420 6939/10153/2420 6941/10157/2420 6943/10161/2420 6945/10164/2420 6947/10166/2420 6949/10168/2420 6951/10170/2420 6953/10172/2420 6955/10174/2420
f 6957/10176/2439 6960/10183/2439 6959/10181/2439 6958/10179/2439
f 6958/10179/2440 6959/10181/2440 6962/10188/2440 6961/10186/2440
f 6961/10186/2441 6962/10188/2441 6964/10192/2441 6963/10190/2441
f 6963/10190/2442 6964/10192/2442 6966/10197/2442 6965/10195/2442
f 6965/10195/2443 6966/10197/2443 6968/10200/2443 6967/10199/2443
f 6967/10199/2444 6968/10200/2444 6970/10204/2444 6969/10202/2444
f 6969/10202/2445 6970/10204/2445 6972/10209/2445 6971/10207/2445
f 6974/10212/2446 6973/10210/2446 6976/10216/2446 6975/10214/2446
f 6975/10214/2447 6976/10216/2447 6978/10220/2447 6977/10218/2447
f 6977/10218/2448 6978/10220/2448 6980/10225/2448 6979/10223/2448
f 6979/10223/2449 6980/10225/2449 6982/10229/2449 6981/10227/2449
f 6981/10227/2450 6982/10229/2450 6984/10232/2450 6983/10230/2450
f 6983/10230/2451 6984/10232/2451 6986/10236/2451 6985/10234/2451
f 6985/10234/2452 6986/10236/2452 6960/10184/2452 6957/10177/2452
f 6945/10164/2420 6943/10161/2420 6974/10213/2420 6975/10215/2420
f 6908/10093/2421 6910/10095/2421 6970/10205/2421 6968/10201/2421
f 6944/10163/2421 6946/10165/2421 6976/10217/2421 6973/10211/2421
f 6901/10086/2420 6899/10084/2420 6958/10180/2420 6961/10187/2420
f 6955/10174/2420 6953/10172/2420 6983/10231/2420 6985/10235/2420
f 6900/10085/2421 6902/10087/2421 6962/10189/2421 6959/10182/2421
f 6954/10173/2421 6956/10175/2421 6986/10237/2421 6984/10233/2421
f 6911/10096/2420 6909/10094/2420 6969/10203/2420 6971/10206/2420
f 6947/10166/2420 6945/10164/2420 6975/10215/2420 6977/10219/2420
f 6910/10095/2421 6912/10098/2421 6972/10208/2421 6970/10205/2421
f 6946/10165/2421 6948/10167/2421 6978/10221/2421 6976/10217/2421
f 6903/10088/2420 6901/10086/2420 6961/10187/2420 6963/10191/2420
f 6897/10082/2420 6955/10174/2420 6985/10235/2420 6957/10178/2420
f 6912/10099/2453 6911/10097/2453 6971/10207/2453 6972/10209/2453
f 6902/10087/2421 6904/10089/2421 6964/10193/2421 6962/10189/2421
f 6956/10175/2421 6898/10083/2421 6960/10185/2421 6986/10237/2421
f 6999/10250/2420 6997/10248/2420 7057/10354/2420 7059/10359/2420
f 7042/10327/2421 7044/10329/2421 7074/10389/2421 7072/10384/2421
f 7033/10316/2422 7034/10318/2422 7063/10366/2422 7064/10368/2422
f 7043/10328/2420 7041/10326/2420 7071/10382/2420 7073/10387/2420
f 6988/10239/2421 6990/10241/2421 7049/10338/2421 7050/10341/2421
f 6996/10247/2421 6998/10249/2421 7058/10357/2421 7056/10352/2421
f 6989/10240/2420 6987/10238/2420 7047/10334/2420 7048/10336/2420
f 7001/10253/2423 7002/10255/2423 7004/10258/2423 7003/10256/2423
f 7003/10256/2424 7004/10258/2424 7006/10262/2424 7005/10260/2424
f 7005/10260/2425 7006/10262/2425 7008/10266/2425 7007/10264/2425
f 7007/10264/2426 7008/10266/2426 7010/10270/2426 7009/10268/2426
f 7009/10268/2427 7010/10270/2427 7012/10274/2427 7011/10272/2427
f 7011/10272/2428 7012/10274/2428 7014/10278/2428 7013/10276/2428
f 7013/10276/2429 7014/10278/2429 7016/10282/2429 7015/10280/2429
f 7015/10280/2430 7016/10282/2430 7018/10286/2430 7017/10284/2430
f 7017/10284/2431 7018/10286/2431 7020/10290/2431 7019/10288/2431
f 7019/10288/2432 7020/10290/2432 7022/10294/2432 7021/10292/2432
f 7021/10292/2433 7022/10294/2433 7024/10298/2433 7023/10296/2433
f 7023/10296/2434 7024/10298/2434 7026/10302/2434 7025/10300/2434
f 7025/10300/2435 7026/10302/2435 7028/10306/2435 7027/10304/2435
f 7027/10304/2436 7028/10306/2436 7030/10310/2436 7029/10308/2436
f 7029/10308/2437 7030/10310/2437 7032/10314/2437 7031/10312/2437
f 7031/10312/2438 7032/10314/2438 7034/10318/2438 7033/10316/2438
f 6997/10248/2420 6995/10246/2420 7055/10350/2420 7057/10354/2420
f 7040/10325/2421 7042/10327/2421 7072/10384/2421 7070/10380/2421
f 7041/10326/2420 7039/10324/2420 7069/10378/2420 7071/10382/2420
f 6994/10245/2421 6996/10247/2421 7056/10352/2421 7054/10349/2421
f 6995/10246/2420 6993/10244/2420 7053/10347/2420 7055/10350/2420
f 6990/10241/2421 6988/10239/2421 7046/10331/2421 7044/10329/2421 7042/10327/2421 7040/10325/2421 7038/10323/2421 7036/10321/2421 7034/10319/2421 7032/10315/2421 7030/10311/2421 7028/10307/2421 7026/10303/2421 7024/10299/2421 7022/10295/2421 7020/10291/2421 7018/10287/2421 7016/10283/2421 7014/10279/2421 7012/10275/2421 7010/10271/2421 7008/10267/2421 7006/10263/2421 7004/10259/2421 7002/10254/2421 7000/10251/2421 6998/10249/2421 6996/10247/2421 6994/10245/2421 6992/10243/2421
f 7038/10323/2421 7040/10325/2421 7070/10380/2421 7068/10377/2421
f 7039/10324/2420 7037/10322/2420 7067/10375/2420 7069/10378/2420
f 6987/10238/2420 6989/10240/2420 6991/10242/2420 6993/10244/2420 6995/10246/2420 6997/10248/2420 6999/10250/2420 7001/10252/2420 7003/10257/2420 7005/10261/2420 7007/10265/2420 7009/10269/2420 7011/10273/2420 7013/10277/2420 7015/10281/2420 7017/10285/2420 7019/10289/2420 7021/10293/2420 7023/10297/2420 7025/10301/2420 7027/10305/2420 7029/10309/2420 7031/10313/2420 7033/10317/2420 7035/10320/2420 7037/10322/2420 7039/10324/2420 7041/10326/2420 7043/10328/2420 7045/10330/2420
f 7047/10332/2439 7050/10339/2439 7049/10337/2439 7048/10335/2439
f 7048/10335/2440 7049/10337/2440 7052/10344/2440 7051/10342/2440
f 7051/10342/2441 7052/10344/2441 7054/10348/2441 7053/10346/2441
f 7053/10346/2442 7054/10348/2442 7056/10353/2442 7055/10351/2442
f 7055/10351/2443 7056/10353/2443 7058/10356/2443 7057/10355/2443
f 7057/10355/2454 7058/10356/2454 7060/10360/2454 7059/10358/2454
f 7059/10358/2445 7060/10360/2445 7062/10365/2445 7061/10363/2445
f 7064/10368/2446 7063/10366/2446 7066/10372/2446 7065/10370/2446
f 7065/10370/2447 7066/10372/2447 7068/10376/2447 7067/10374/2447
f 7067/10374/2448 7068/10376/2448 7070/10381/2448 7069/10379/2448
f 7069/10379/2449 7070/10381/2449 7072/10385/2449 7071/10383/2449
f 7071/10383/2450 7072/10385/2450 7074/10388/2450 7073/10386/2450
f 7073/10386/2451 7074/10388/2451 7076/10392/2451 7075/10390/2451
f 7075/10390/2452 7076/10392/2452 7050/10340/2452 7047/10333/2452
f 7035/10320/2420 7033/10317/2420 7064/10369/2420 7065/10371/2420
f 6998/10249/2421 7000/10251/2421 7060/10361/2421 7058/10357/2421
f 7034/10319/2421 7036/10321/2421 7066/10373/2421 7063/10367/2421
f 6991/10242/2420 6989/10240/2420 7048/10336/2420 7051/10343/2420
f 7045/10330/2420 7043/10328/2420 7073/10387/2420 7075/10391/2420
f 6990/10241/2421 6992/10243/2421 7052/10345/2421 7049/10338/2421
f 7044/10329/2421 7046/10331/2421 7076/10393/2421 7074/10389/2421
f 7001/10252/2420 6999/10250/2420 7059/10359/2420 7061/10362/2420
f 7037/10322/2420 7035/10320/2420 7065/10371/2420 7067/10375/2420
f 7000/10251/2421 7002/10254/2421 7062/10364/2421 7060/10361/2421
f 7036/10321/2421 7038/10323/2421 7068/10377/2421 7066/10373/2421
f 6993/10244/2420 6991/10242/2420 7051/10343/2420 7053/10347/2420
f 6987/10238/2420 7045/10330/2420 7075/10391/2420 7047/10334/2420
f 7002/10255/2453 7001/10253/2453 7061/10363/2453 7062/10365/2453
f 6992/10243/2421 6994/10245/2421 7054/10349/2421 7052/10345/2421
f 7046/10331/2421 6988/10239/2421 7050/10341/2421 7076/10393/2421
o Cylinder.011
v -1.230362 2.244891 0.060860
v -1.189219 2.244891 0.060850
v -1.230363 2.244442 0.056583
v -1.189220 2.244442 0.056573
v -1.230364 2.243113 0.052492
v -1.189221 2.243113 0.052482
v -1.230365 2.240962 0.048768
v -1.189222 2.240962 0.048758
v -1.230366 2.238085 0.045572
v -1.189222 2.238085 0.045562
v -1.230366 2.234605 0.043044
v -1.189223 2.234605 0.043034
v -1.230367 2.230676 0.041295
v -1.189224 2.230676 0.041285
v -1.230367 2.226470 0.040401
v -1.189224 2.226470 0.040391
v -1.230367 2.222169 0.040401
v -1.189224 2.222169 0.040391
v -1.230367 2.217963 0.041295
v -1.189224 2.217963 0.041285
v -1.230366 2.214034 0.043044
v -1.189223 2.214034 0.043034
v -1.230366 2.210554 0.045572
v -1.189222 2.210554 0.045562
v -1.230365 2.207677 0.048768
v -1.189222 2.207677 0.048758
v -1.230364 2.205526 0.052492
v -1.189221 2.205526 0.052482
v -1.230363 2.204197 0.056583
v -1.189220 2.204197 0.056573
v -1.230362 2.203748 0.060860
v -1.189219 2.203748 0.060850
v -1.230361 2.204197 0.065137
v -1.189218 2.204197 0.065127
v -1.230360 2.205526 0.069227
v -1.189217 2.205526 0.069217
v -1.230359 2.207677 0.072951
v -1.189216 2.207677 0.072941
v -1.230358 2.210554 0.076147
v -1.189215 2.210554 0.076137
v -1.230358 2.214034 0.078675
v -1.189214 2.214034 0.078665
v -1.230357 2.217963 0.080424
v -1.189214 2.217963 0.080414
v -1.230357 2.222169 0.081319
v -1.189214 2.222169 0.081309
v -1.230357 2.226470 0.081319
v -1.189214 2.226470 0.081309
v -1.230357 2.230676 0.080424
v -1.189214 2.230676 0.080414
v -1.230358 2.234605 0.078675
v -1.189214 2.234605 0.078665
v -1.230358 2.238085 0.076147
v -1.189215 2.238085 0.076137
v -1.230359 2.240962 0.072951
v -1.189216 2.240962 0.072941
v -1.230360 2.243113 0.069227
v -1.189217 2.243113 0.069217
v -1.230361 2.244442 0.065137
v -1.189218 2.244442 0.065127
v -1.230362 2.238624 0.060860
v -1.230363 2.238312 0.057885
v -1.189219 2.238312 0.057875
v -1.189219 2.238624 0.060850
v -1.230364 2.237388 0.055041
v -1.189220 2.237388 0.055031
v -1.230364 2.235892 0.052451
v -1.189221 2.235892 0.052441
v -1.230365 2.233891 0.050229
v -1.189221 2.233891 0.050219
v -1.230365 2.231472 0.048471
v -1.189222 2.231472 0.048461
v -1.230365 2.228740 0.047255
v -1.189222 2.228740 0.047245
v -1.230366 2.225815 0.046633
v -1.189222 2.225815 0.046623
v -1.230366 2.222824 0.046633
v -1.189222 2.222824 0.046623
v -1.230365 2.219899 0.047255
v -1.189222 2.219899 0.047245
v -1.230365 2.217167 0.048471
v -1.189222 2.217167 0.048461
v -1.230365 2.214748 0.050229
v -1.189221 2.214748 0.050219
v -1.230364 2.212747 0.052451
v -1.189221 2.212747 0.052441
v -1.230364 2.211251 0.055041
v -1.189220 2.211251 0.055031
v -1.230363 2.210327 0.057885
v -1.189219 2.210327 0.057875
v -1.230362 2.210015 0.060860
v -1.189219 2.210015 0.060850
v -1.230361 2.210327 0.063834
v -1.189218 2.210327 0.063824
v -1.230361 2.211251 0.066678
v -1.189217 2.211251 0.066668
v -1.230360 2.212747 0.069268
v -1.189217 2.212747 0.069258
v -1.230360 2.214748 0.071490
v -1.189216 2.214748 0.071480
v -1.230359 2.217167 0.073248
v -1.189216 2.217167 0.073238
v -1.230359 2.219899 0.074464
v -1.189216 2.219899 0.074454
v -1.230359 2.222824 0.075086
v -1.189215 2.222824 0.075076
v -1.230359 2.225815 0.075086
v -1.189215 2.225815 0.075076
v -1.230359 2.228740 0.074464
v -1.189216 2.228740 0.074454
v -1.230359 2.231472 0.073248
v -1.189216 2.231472 0.073238
v -1.230360 2.233891 0.071490
v -1.189216 2.233891 0.071480
v -1.230360 2.235892 0.069268
v -1.189217 2.235892 0.069258
v -1.230361 2.237388 0.066678
v -1.189217 2.237388 0.066668
v -1.230361 2.238312 0.063834
v -1.189218 2.238312 0.063824
v -1.230394 2.244891 -0.070078
v -1.189250 2.244891 -0.070088
v -1.230395 2.244442 -0.074355
v -1.189252 2.244442 -0.074365
v -1.230396 2.243113 -0.078445
v -1.189252 2.243113 -0.078455
v -1.230397 2.240962 -0.082170
v -1.189253 2.240962 -0.082180
v -1.230398 2.238085 -0.085366
v -1.189254 2.238085 -0.085376
v -1.230398 2.234605 -0.087894
v -1.189255 2.234605 -0.087903
v -1.230399 2.230676 -0.089643
v -1.189255 2.230676 -0.089653
v -1.230399 2.226470 -0.090537
v -1.189255 2.226470 -0.090547
v -1.230399 2.222169 -0.090537
v -1.189255 2.222169 -0.090547
v -1.230399 2.217963 -0.089643
v -1.189255 2.217963 -0.089653
v -1.230398 2.214034 -0.087894
v -1.189255 2.214034 -0.087903
v -1.230398 2.210554 -0.085366
v -1.189254 2.210554 -0.085376
v -1.230397 2.207677 -0.082170
v -1.189253 2.207677 -0.082180
v -1.230396 2.205526 -0.078445
v -1.189252 2.205526 -0.078455
v -1.230395 2.204197 -0.074355
v -1.189252 2.204197 -0.074365
v -1.230394 2.203748 -0.070078
v -1.189250 2.203748 -0.070088
v -1.230393 2.204197 -0.065801
v -1.189250 2.204197 -0.065811
v -1.230392 2.205526 -0.061711
v -1.189248 2.205526 -0.061721
v -1.230391 2.207677 -0.057986
v -1.189248 2.207677 -0.057996
v -1.230390 2.210554 -0.054790
v -1.189247 2.210554 -0.054800
v -1.230390 2.214034 -0.052262
v -1.189246 2.214034 -0.052272
v -1.230389 2.217963 -0.050513
v -1.189246 2.217963 -0.050523
v -1.230389 2.222169 -0.049619
v -1.189246 2.222169 -0.049629
v -1.230389 2.226470 -0.049619
v -1.189246 2.226470 -0.049629
v -1.230389 2.230676 -0.050513
v -1.189246 2.230676 -0.050523
v -1.230390 2.234605 -0.052262
v -1.189246 2.234605 -0.052272
v -1.230390 2.238085 -0.054790
v -1.189247 2.238085 -0.054800
v -1.230391 2.240962 -0.057986
v -1.189248 2.240962 -0.057996
v -1.230392 2.243113 -0.061711
v -1.189248 2.243113 -0.061721
v -1.230393 2.244442 -0.065801
v -1.189250 2.244442 -0.065811
v -1.230394 2.238624 -0.070078
v -1.230395 2.238312 -0.073052
v -1.189251 2.238312 -0.073062
v -1.189250 2.238624 -0.070088
v -1.230395 2.237388 -0.075896
v -1.189252 2.237388 -0.075906
v -1.230396 2.235892 -0.078486
v -1.189252 2.235892 -0.078496
v -1.230397 2.233891 -0.080709
v -1.189253 2.233891 -0.080718
v -1.230397 2.231472 -0.082466
v -1.189254 2.231472 -0.082476
v -1.230397 2.228740 -0.083683
v -1.189254 2.228740 -0.083693
v -1.230397 2.225815 -0.084304
v -1.189254 2.225815 -0.084314
v -1.230397 2.222824 -0.084304
v -1.189254 2.222824 -0.084314
v -1.230397 2.219899 -0.083683
v -1.189254 2.219899 -0.083693
v -1.230397 2.217167 -0.082466
v -1.189254 2.217167 -0.082476
v -1.230397 2.214748 -0.080709
v -1.189253 2.214748 -0.080718
v -1.230396 2.212747 -0.078486
v -1.189252 2.212747 -0.078496
v -1.230395 2.211251 -0.075896
v -1.189252 2.211251 -0.075906
v -1.230395 2.210327 -0.073052
v -1.189251 2.210327 -0.073062
v -1.230394 2.210015 -0.070078
v -1.189250 2.210015 -0.070088
v -1.230393 2.210327 -0.067104
v -1.189250 2.210327 -0.067114
v -1.230392 2.211251 -0.064260
v -1.189249 2.211251 -0.064270
v -1.230392 2.212747 -0.061670
v -1.189248 2.212747 -0.061680
v -1.230391 2.214748 -0.059447
v -1.189248 2.214748 -0.059457
v -1.230391 2.217167 -0.057690
v -1.189247 2.217167 -0.057700
v -1.230391 2.219899 -0.056473
v -1.189247 2.219899 -0.056483
v -1.230390 2.222824 -0.055851
v -1.189247 2.222824 -0.055861
v -1.230390 2.225815 -0.055851
v -1.189247 2.225815 -0.055861
v -1.230391 2.228740 -0.056473
v -1.189247 2.228740 -0.056483
v -1.230391 2.231472 -0.057690
v -1.189247 2.231472 -0.057700
v -1.230391 2.233891 -0.059447
v -1.189248 2.233891 -0.059457
v -1.230392 2.235892 -0.061670
v -1.189248 2.235892 -0.061680
v -1.230392 2.237388 -0.064260
v -1.189249 2.237388 -0.064270
v -1.230393 2.238312 -0.067104
v -1.189250 2.238312 -0.067114
vn -0.0000 -0.9945 0.1045
vn 0.0001 -0.9511 0.3090
vn 0.0001 -0.8660 0.5000
vn 0.0002 -0.7431 0.6691
vn 0.0002 -0.5878 0.8090
vn 0.0002 -0.4067 0.9135
vn 0.0002 -0.2079 0.9781
vn 0.0002 -0.0000 1.0000
vn 0.0002 0.2079 0.9781
vn 0.0002 0.4067 0.9135
vn 0.0002 0.5878 0.8090
vn 0.0002 0.7431 0.6691
vn 0.0001 0.8660 0.5000
vn 0.0001 0.9511 0.3090
vn -0.0000 0.9945 0.1045
vn -0.0000 0.9945 -0.1045
vn -0.0001 0.9511 -0.3090
vn -0.0001 0.8660 -0.5000
vn -0.0002 0.7431 -0.6691
vn -0.0002 0.5878 -0.8090
vn -0.0002 0.4067 -0.9135
vn -0.0002 0.2079 -0.9781
vn -0.0002 -0.0000 -1.0000
vn -0.0002 -0.2079 -0.9781
vn -0.0002 -0.4067 -0.9135
vn -0.0002 -0.5878 -0.8090
vn -0.0002 -0.7431 -0.6691
vn -0.0001 -0.8660 -0.5000
vn -0.0001 -0.9511 -0.3090
vn -0.0000 -0.9945 -0.1045
vn 1.0000 -0.0000 -0.0002
vn -1.0000 -0.0000 0.0002
vt 1.000000 0.500000
vt -0.000000 0.500000
vt 1.000000 1.000000
vt -0.000000 1.000000
vt 0.966667 0.500000
vt 0.966667 1.000000
vt 0.933333 0.500000
vt 0.933333 1.000000
vt 0.900000 0.500000
vt 0.900000 1.000000
vt 0.866667 0.500000
vt 0.866667 1.000000
vt 0.833333 0.500000
vt 0.833333 1.000000
vt 0.800000 0.500000
vt 0.800000 1.000000
vt 0.766666 0.500000
vt 0.766666 1.000000
vt 0.733333 0.500000
vt 0.733333 1.000000
vt 0.700000 0.500000
vt 0.700000 1.000000
vt 0.666666 0.500000
vt 0.666666 1.000000
vt 0.633333 0.500000
vt 0.633333 1.000000
vt 0.600000 0.500000
vt 0.600000 1.000000
vt 0.566666 0.500000
vt 0.566666 1.000000
vt 0.533333 0.500000
vt 0.533333 1.000000
vt 0.500000 0.500000
vt 0.500000 1.000000
vt 0.466666 0.500000
vt 0.466666 1.000000
vt 0.433333 0.500000
vt 0.433333 1.000000
vt 0.400000 0.500000
vt 0.400000 1.000000
vt 0.366666 0.500000
vt 0.366666 1.000000
vt 0.333333 0.500000
vt 0.333333 1.000000
vt 0.300000 0.500000
vt 0.300000 1.000000
vt 0.266666 0.500000
vt 0.266666 1.000000
vt 0.233333 0.500000
vt 0.233333 1.000000
vt 0.200000 0.500000
vt 0.200000 1.000000
vt 0.166666 0.500000
vt 0.166666 1.000000
vt 0.133333 0.500000
vt 0.133333 1.000000
vt 0.100000 0.500000
vt 0.100000 1.000000
vt 0.066666 0.500000
vt 0.066666 1.000000
vt 0.033333 0.500000
vt 0.033333 1.000000
vt 1.000000 0.500000
vt -0.000000 0.500000
vt 0.966667 0.500000
vt 0.966667 1.000000
vt 1.000000 1.000000
vt -0.000000 1.000000
vt 0.933333 0.500000
vt 0.933333 1.000000
vt 0.900000 0.500000
vt 0.900000 1.000000
vt 0.866667 0.500000
vt 0.866667 1.000000
vt 0.833333 0.500000
vt 0.833333 1.000000
vt 0.800000 0.500000
vt 0.800000 1.000000
vt 0.766666 0.500000
vt 0.766666 1.000000
vt 0.733333 0.500000
vt 0.733333 1.000000
vt 0.700000 0.500000
vt 0.700000 1.000000
vt 0.666666 0.500000
vt 0.666666 1.000000
vt 0.633333 0.500000
vt 0.633333 1.000000
vt 0.600000 0.500000
vt 0.600000 1.000000
vt 0.566666 0.500000
vt 0.566666 1.000000
vt 0.533333 0.500000
vt 0.533333 1.000000
vt 0.500000 0.500000
vt 0.500000 1.000000
vt 0.466666 0.500000
vt 0.466666 1.000000
vt 0.433333 0.500000
vt 0.433333 1.000000
vt 0.400000 0.500000
vt 0.400000 1.000000
vt 0.366666 0.500000
vt 0.366666 1.000000
vt 0.333333 0.500000
vt 0.333333 1.000000
vt 0.300000 0.500000
vt 0.300000 1.000000
vt 0.266666 0.500000
vt 0.266666 1.000000
vt 0.233333 0.500000
vt 0.233333 1.000000
vt 0.200000 0.500000
vt 0.200000 1.000000
vt 0.166666 0.500000
vt 0.166666 1.000000
vt 0.133333 0.500000
vt 0.133333 1.000000
vt 0.100000 0.500000
vt 0.100000 1.000000
vt 0.066666 0.500000
vt 0.066666 1.000000
vt 0.033333 0.500000
vt 0.033333 1.000000
vt 1.000000 0.500000
vt -0.000000 0.500000
vt 1.000000 1.000000
vt -0.000000 1.000000
vt 0.966667 0.500000
vt 0.966667 1.000000
vt 0.933333 0.500000
vt 0.933333 1.000000
vt 0.900000 0.500000
vt 0.900000 1.000000
vt 0.866667 0.500000
vt 0.866667 1.000000
vt 0.833333 0.500000
vt 0.833333 1.000000
vt 0.800000 0.500000
vt 0.800000 1.000000
vt 0.766666 0.500000
vt 0.766666 1.000000
vt 0.733333 0.500000
vt 0.733333 1.000000
vt 0.700000 0.500000
vt 0.700000 1.000000
vt 0.666666 0.500000
vt 0.666666 1.000000
vt 0.633333 0.500000
vt 0.633333 1.000000
vt 0.600000 0.500000
vt 0.600000 1.000000
vt 0.566666 0.500000
vt 0.566666 1.000000
vt 0.533333 0.500000
vt 0.533333 1.000000
vt 0.500000 0.500000
vt 0.500000 1.000000
vt 0.466666 0.500000
vt 0.466666 1.000000
vt 0.433333 0.500000
vt 0.433333 1.000000
vt 0.400000 0.500000
vt 0.400000 1.000000
vt 0.366666 0.500000
vt 0.366666 1.000000
vt 0.333333 0.500000
vt 0.333333 1.000000
vt 0.300000 0.500000
vt 0.300000 1.000000
vt 0.266666 0.500000
vt 0.266666 1.000000
vt 0.233333 0.500000
vt 0.233333 1.000000
vt 0.200000 0.500000
vt 0.200000 1.000000
vt 0.166666 0.500000
vt 0.166666 1.000000
vt 0.133333 0.500000
vt 0.133333 1.000000
vt 0.100000 0.500000
vt 0.100000 1.000000
vt 0.066666 0.500000
vt 0.066666 1.000000
vt 0.033333 0.500000
vt 0.033333 1.000000
vt 1.000000 0.500000
vt -0.000000 0.500000
vt 0.966667 0.500000
vt 0.966667 1.000000
vt 1.000000 1.000000
vt -0.000000 1.000000
vt 0.933333 0.500000
vt 0.933333 1.000000
vt 0.900000 0.500000
vt 0.900000 1.000000
vt 0.866667 0.500000
vt 0.866667 1.000000
vt 0.833333 0.500000
vt 0.833333 1.000000
vt 0.800000 0.500000
vt 0.800000 1.000000
vt 0.766666 0.500000
vt 0.766666 1.000000
vt 0.733333 0.500000
vt 0.733333 1.000000
vt 0.700000 0.500000
vt 0.700000 1.000000
vt 0.666666 0.500000
vt 0.666666 1.000000
vt 0.633333 0.500000
vt 0.633333 1.000000
vt 0.600000 0.500000
vt 0.600000 1.000000
vt 0.566666 0.500000
vt 0.566666 1.000000
vt 0.533333 0.500000
vt 0.533333 1.000000
vt 0.500000 0.500000
vt 0.500000 1.000000
vt 0.466666 0.500000
vt 0.466666 1.000000
vt 0.433333 0.500000
vt 0.433333 1.000000
vt 0.400000 0.500000
vt 0.400000 1.000000
vt 0.366666 0.500000
vt 0.366666 1.000000
vt 0.333333 0.500000
vt 0.333333 1.000000
vt 0.300000 0.500000
vt 0.300000 1.000000
vt 0.266666 0.500000
vt 0.266666 1.000000
vt 0.233333 0.500000
vt 0.233333 1.000000
vt 0.200000 0.500000
vt 0.200000 1.000000
vt 0.166666 0.500000
vt 0.166666 1.000000
vt 0.133333 0.500000
vt 0.133333 1.000000
vt 0.100000 0.500000
vt 0.100000 1.000000
vt 0.066666 0.500000
vt 0.066666 1.000000
vt 0.033333 0.500000
vt 0.033333 1.000000
s 0
usemtl Switch_Pointer
f 7077/10394/2455 7079/10398/2455 7080/10399/2455 7078/10396/2455
f 7079/10398/2456 7081/10400/2456 7082/10401/2456 7080/10399/2456
f 7081/10400/2457 7083/10402/2457 7084/10403/2457 7082/10401/2457
f 7083/10402/2458 7085/10404/2458 7086/10405/2458 7084/10403/2458
f 7085/10404/2459 7087/10406/2459 7088/10407/2459 7086/10405/2459
f 7087/10406/2460 7089/10408/2460 7090/10409/2460 7088/10407/2460
f 7089/10408/2461 7091/10410/2461 7092/10411/2461 7090/10409/2461
f 7091/10410/2462 7093/10412/2462 7094/10413/2462 7092/10411/2462
f 7093/10412/2463 7095/10414/2463 7096/10415/2463 7094/10413/2463
f 7095/10414/2464 7097/10416/2464 7098/10417/2464 7096/10415/2464
f 7097/10416/2465 7099/10418/2465 7100/10419/2465 7098/10417/2465
f 7099/10418/2466 7101/10420/2466 7102/10421/2466 7100/10419/2466
f 7101/10420/2467 7103/10422/2467 7104/10423/2467 7102/10421/2467
f 7103/10422/2468 7105/10424/2468 7106/10425/2468 7104/10423/2468
f 7105/10424/2469 7107/10426/2469 7108/10427/2469 7106/10425/2469
f 7107/10426/2470 7109/10428/2470 7110/10429/2470 7108/10427/2470
f 7109/10428/2471 7111/10430/2471 7112/10431/2471 7110/10429/2471
f 7111/10430/2472 7113/10432/2472 7114/10433/2472 7112/10431/2472
f 7113/10432/2473 7115/10434/2473 7116/10435/2473 7114/10433/2473
f 7115/10434/2474 7117/10436/2474 7118/10437/2474 7116/10435/2474
f 7117/10436/2475 7119/10438/2475 7120/10439/2475 7118/10437/2475
f 7119/10438/2476 7121/10440/2476 7122/10441/2476 7120/10439/2476
f 7121/10440/2477 7123/10442/2477 7124/10443/2477 7122/10441/2477
f 7123/10442/2478 7125/10444/2478 7126/10445/2478 7124/10443/2478
f 7125/10444/2479 7127/10446/2479 7128/10447/2479 7126/10445/2479
f 7127/10446/2480 7129/10448/2480 7130/10449/2480 7128/10447/2480
f 7129/10448/2481 7131/10450/2481 7132/10451/2481 7130/10449/2481
f 7131/10450/2482 7133/10452/2482 7134/10453/2482 7132/10451/2482
f 7138/10458/2471 7139/10459/2471 7142/10463/2471 7141/10462/2471
f 7133/10452/2483 7135/10454/2483 7136/10455/2483 7134/10453/2483
f 7135/10454/2484 7077/10395/2484 7078/10397/2484 7136/10455/2484
f 7137/10456/2470 7140/10460/2470 7139/10459/2470 7138/10458/2470
f 7141/10462/2472 7142/10463/2472 7144/10465/2472 7143/10464/2472
f 7143/10464/2473 7144/10465/2473 7146/10467/2473 7145/10466/2473
f 7145/10466/2474 7146/10467/2474 7148/10469/2474 7147/10468/2474
f 7147/10468/2475 7148/10469/2475 7150/10471/2475 7149/10470/2475
f 7149/10470/2476 7150/10471/2476 7152/10473/2476 7151/10472/2476
f 7151/10472/2477 7152/10473/2477 7154/10475/2477 7153/10474/2477
f 7153/10474/2478 7154/10475/2478 7156/10477/2478 7155/10476/2478
f 7155/10476/2479 7156/10477/2479 7158/10479/2479 7157/10478/2479
f 7157/10478/2480 7158/10479/2480 7160/10481/2480 7159/10480/2480
f 7159/10480/2481 7160/10481/2481 7162/10483/2481 7161/10482/2481
f 7161/10482/2482 7162/10483/2482 7164/10485/2482 7163/10484/2482
f 7163/10484/2483 7164/10485/2483 7166/10487/2483 7165/10486/2483
f 7165/10486/2484 7166/10487/2484 7168/10489/2484 7167/10488/2484
f 7167/10488/2455 7168/10489/2455 7170/10491/2455 7169/10490/2455
f 7169/10490/2456 7170/10491/2456 7172/10493/2456 7171/10492/2456
f 7171/10492/2457 7172/10493/2457 7174/10495/2457 7173/10494/2457
f 7173/10494/2458 7174/10495/2458 7176/10497/2458 7175/10496/2458
f 7175/10496/2459 7176/10497/2459 7178/10499/2459 7177/10498/2459
f 7177/10498/2460 7178/10499/2460 7180/10501/2460 7179/10500/2460
f 7179/10500/2461 7180/10501/2461 7182/10503/2461 7181/10502/2461
f 7181/10502/2462 7182/10503/2462 7184/10505/2462 7183/10504/2462
f 7183/10504/2463 7184/10505/2463 7186/10507/2463 7185/10506/2463
f 7185/10506/2464 7186/10507/2464 7188/10509/2464 7187/10508/2464
f 7187/10508/2465 7188/10509/2465 7190/10511/2465 7189/10510/2465
f 7189/10510/2466 7190/10511/2466 7192/10513/2466 7191/10512/2466
f 7191/10512/2467 7192/10513/2467 7194/10515/2467 7193/10514/2467
f 7193/10514/2468 7194/10515/2468 7196/10517/2468 7195/10516/2468
f 7195/10516/2469 7196/10517/2469 7140/10461/2469 7137/10457/2469
f 7079/10398/2485 7077/10394/2485 7137/10456/2485 7138/10458/2485
f 7131/10450/2485 7129/10448/2485 7189/10510/2485 7191/10512/2485
f 7097/10416/2485 7095/10414/2485 7155/10476/2485 7157/10478/2485
f 7115/10434/2485 7113/10432/2485 7173/10494/2485 7175/10496/2485
f 7133/10452/2485 7131/10450/2485 7191/10512/2485 7193/10514/2485
f 7081/10400/2485 7079/10398/2485 7138/10458/2485 7141/10462/2485
f 7099/10418/2485 7097/10416/2485 7157/10478/2485 7159/10480/2485
f 7117/10436/2485 7115/10434/2485 7175/10496/2485 7177/10498/2485
f 7135/10454/2485 7133/10452/2485 7193/10514/2485 7195/10516/2485
f 7083/10402/2485 7081/10400/2485 7141/10462/2485 7143/10464/2485
f 7101/10420/2485 7099/10418/2485 7159/10480/2485 7161/10482/2485
f 7119/10438/2485 7117/10436/2485 7177/10498/2485 7179/10500/2485
f 7077/10395/2485 7135/10454/2485 7195/10516/2485 7137/10457/2485
f 7085/10404/2485 7083/10402/2485 7143/10464/2485 7145/10466/2485
f 7103/10422/2485 7101/10420/2485 7161/10482/2485 7163/10484/2485
f 7121/10440/2485 7119/10438/2485 7179/10500/2485 7181/10502/2485
f 7087/10406/2485 7085/10404/2485 7145/10466/2485 7147/10468/2485
f 7105/10424/2485 7103/10422/2485 7163/10484/2485 7165/10486/2485
f 7123/10442/2485 7121/10440/2485 7181/10502/2485 7183/10504/2485
f 7089/10408/2485 7087/10406/2485 7147/10468/2485 7149/10470/2485
f 7107/10426/2485 7105/10424/2485 7165/10486/2485 7167/10488/2485
f 7125/10444/2485 7123/10442/2485 7183/10504/2485 7185/10506/2485
f 7091/10410/2485 7089/10408/2485 7149/10470/2485 7151/10472/2485
f 7109/10428/2485 7107/10426/2485 7167/10488/2485 7169/10490/2485
f 7127/10446/2485 7125/10444/2485 7185/10506/2485 7187/10508/2485
f 7093/10412/2485 7091/10410/2485 7151/10472/2485 7153/10474/2485
f 7111/10430/2485 7109/10428/2485 7169/10490/2485 7171/10492/2485
f 7129/10448/2485 7127/10446/2485 7187/10508/2485 7189/10510/2485
f 7095/10414/2485 7093/10412/2485 7153/10474/2485 7155/10476/2485
f 7113/10432/2485 7111/10430/2485 7171/10492/2485 7173/10494/2485
f 7197/10518/2455 7199/10522/2455 7200/10523/2455 7198/10520/2455
f 7199/10522/2456 7201/10524/2456 7202/10525/2456 7200/10523/2456
f 7201/10524/2457 7203/10526/2457 7204/10527/2457 7202/10525/2457
f 7203/10526/2458 7205/10528/2458 7206/10529/2458 7204/10527/2458
f 7205/10528/2459 7207/10530/2459 7208/10531/2459 7206/10529/2459
f 7207/10530/2460 7209/10532/2460 7210/10533/2460 7208/10531/2460
f 7209/10532/2461 7211/10534/2461 7212/10535/2461 7210/10533/2461
f 7211/10534/2462 7213/10536/2462 7214/10537/2462 7212/10535/2462
f 7213/10536/2463 7215/10538/2463 7216/10539/2463 7214/10537/2463
f 7215/10538/2464 7217/10540/2464 7218/10541/2464 7216/10539/2464
f 7217/10540/2465 7219/10542/2465 7220/10543/2465 7218/10541/2465
f 7219/10542/2466 7221/10544/2466 7222/10545/2466 7220/10543/2466
f 7221/10544/2467 7223/10546/2467 7224/10547/2467 7222/10545/2467
f 7223/10546/2468 7225/10548/2468 7226/10549/2468 7224/10547/2468
f 7225/10548/2469 7227/10550/2469 7228/10551/2469 7226/10549/2469
f 7227/10550/2470 7229/10552/2470 7230/10553/2470 7228/10551/2470
f 7229/10552/2471 7231/10554/2471 7232/10555/2471 7230/10553/2471
f 7231/10554/2472 7233/10556/2472 7234/10557/2472 7232/10555/2472
f 7233/10556/2473 7235/10558/2473 7236/10559/2473 7234/10557/2473
f 7235/10558/2474 7237/10560/2474 7238/10561/2474 7236/10559/2474
f 7237/10560/2475 7239/10562/2475 7240/10563/2475 7238/10561/2475
f 7239/10562/2476 7241/10564/2476 7242/10565/2476 7240/10563/2476
f 7241/10564/2477 7243/10566/2477 7244/10567/2477 7242/10565/2477
f 7243/10566/2478 7245/10568/2478 7246/10569/2478 7244/10567/2478
f 7245/10568/2479 7247/10570/2479 7248/10571/2479 7246/10569/2479
f 7247/10570/2480 7249/10572/2480 7250/10573/2480 7248/10571/2480
f 7249/10572/2481 7251/10574/2481 7252/10575/2481 7250/10573/2481
f 7251/10574/2482 7253/10576/2482 7254/10577/2482 7252/10575/2482
f 7258/10582/2471 7259/10583/2471 7262/10587/2471 7261/10586/2471
f 7253/10576/2483 7255/10578/2483 7256/10579/2483 7254/10577/2483
f 7255/10578/2484 7197/10519/2484 7198/10521/2484 7256/10579/2484
f 7257/10580/2470 7260/10584/2470 7259/10583/2470 7258/10582/2470
f 7261/10586/2472 7262/10587/2472 7264/10589/2472 7263/10588/2472
f 7263/10588/2473 7264/10589/2473 7266/10591/2473 7265/10590/2473
f 7265/10590/2474 7266/10591/2474 7268/10593/2474 7267/10592/2474
f 7267/10592/2475 7268/10593/2475 7270/10595/2475 7269/10594/2475
f 7269/10594/2476 7270/10595/2476 7272/10597/2476 7271/10596/2476
f 7271/10596/2477 7272/10597/2477 7274/10599/2477 7273/10598/2477
f 7273/10598/2478 7274/10599/2478 7276/10601/2478 7275/10600/2478
f 7275/10600/2479 7276/10601/2479 7278/10603/2479 7277/10602/2479
f 7277/10602/2480 7278/10603/2480 7280/10605/2480 7279/10604/2480
f 7279/10604/2481 7280/10605/2481 7282/10607/2481 7281/10606/2481
f 7281/10606/2482 7282/10607/2482 7284/10609/2482 7283/10608/2482
f 7283/10608/2483 7284/10609/2483 7286/10611/2483 7285/10610/2483
f 7285/10610/2484 7286/10611/2484 7288/10613/2484 7287/10612/2484
f 7287/10612/2455 7288/10613/2455 7290/10615/2455 7289/10614/2455
f 7289/10614/2456 7290/10615/2456 7292/10617/2456 7291/10616/2456
f 7291/10616/2457 7292/10617/2457 7294/10619/2457 7293/10618/2457
f 7293/10618/2458 7294/10619/2458 7296/10621/2458 7295/10620/2458
f 7295/10620/2459 7296/10621/2459 7298/10623/2459 7297/10622/2459
f 7297/10622/2460 7298/10623/2460 7300/10625/2460 7299/10624/2460
f 7299/10624/2461 7300/10625/2461 7302/10627/2461 7301/10626/2461
f 7301/10626/2462 7302/10627/2462 7304/10629/2462 7303/10628/2462
f 7303/10628/2463 7304/10629/2463 7306/10631/2463 7305/10630/2463
f 7305/10630/2464 7306/10631/2464 7308/10633/2464 7307/10632/2464
f 7307/10632/2465 7308/10633/2465 7310/10635/2465 7309/10634/2465
f 7309/10634/2466 7310/10635/2466 7312/10637/2466 7311/10636/2466
f 7311/10636/2467 7312/10637/2467 7314/10639/2467 7313/10638/2467
f 7313/10638/2468 7314/10639/2468 7316/10641/2468 7315/10640/2468
f 7315/10640/2469 7316/10641/2469 7260/10585/2469 7257/10581/2469
f 7199/10522/2485 7197/10518/2485 7257/10580/2485 7258/10582/2485
f 7251/10574/2485 7249/10572/2485 7309/10634/2485 7311/10636/2485
f 7217/10540/2485 7215/10538/2485 7275/10600/2485 7277/10602/2485
f 7235/10558/2485 7233/10556/2485 7293/10618/2485 7295/10620/2485
f 7253/10576/2485 7251/10574/2485 7311/10636/2485 7313/10638/2485
f 7201/10524/2485 7199/10522/2485 7258/10582/2485 7261/10586/2485
f 7219/10542/2485 7217/10540/2485 7277/10602/2485 7279/10604/2485
f 7237/10560/2485 7235/10558/2485 7295/10620/2485 7297/10622/2485
f 7255/10578/2485 7253/10576/2485 7313/10638/2485 7315/10640/2485
f 7203/10526/2485 7201/10524/2485 7261/10586/2485 7263/10588/2485
f 7221/10544/2485 7219/10542/2485 7279/10604/2485 7281/10606/2485
f 7239/10562/2485 7237/10560/2485 7297/10622/2485 7299/10624/2485
f 7197/10519/2485 7255/10578/2485 7315/10640/2485 7257/10581/2485
f 7205/10528/2485 7203/10526/2485 7263/10588/2485 7265/10590/2485
f 7223/10546/2485 7221/10544/2485 7281/10606/2485 7283/10608/2485
f 7241/10564/2485 7239/10562/2485 7299/10624/2485 7301/10626/2485
f 7207/10530/2485 7205/10528/2485 7265/10590/2485 7267/10592/2485
f 7225/10548/2485 7223/10546/2485 7283/10608/2485 7285/10610/2485
f 7243/10566/2485 7241/10564/2485 7301/10626/2485 7303/10628/2485
f 7209/10532/2485 7207/10530/2485 7267/10592/2485 7269/10594/2485
f 7227/10550/2485 7225/10548/2485 7285/10610/2485 7287/10612/2485
f 7245/10568/2485 7243/10566/2485 7303/10628/2485 7305/10630/2485
f 7211/10534/2485 7209/10532/2485 7269/10594/2485 7271/10596/2485
f 7229/10552/2485 7227/10550/2485 7287/10612/2485 7289/10614/2485
f 7247/10570/2485 7245/10568/2485 7305/10630/2485 7307/10632/2485
f 7213/10536/2485 7211/10534/2485 7271/10596/2485 7273/10598/2485
f 7231/10554/2485 7229/10552/2485 7289/10614/2485 7291/10616/2485
f 7249/10572/2485 7247/10570/2485 7307/10632/2485 7309/10634/2485
f 7215/10538/2485 7213/10536/2485 7273/10598/2485 7275/10600/2485
f 7233/10556/2485 7231/10554/2485 7291/10616/2485 7293/10618/2485
usemtl S.P._Colour_1
f 7078/10396/2486 7080/10399/2486 7139/10459/2486 7140/10460/2486
f 7080/10399/2486 7082/10401/2486 7142/10463/2486 7139/10459/2486
f 7136/10455/2486 7078/10397/2486 7140/10461/2486 7196/10517/2486
f 7198/10520/2486 7200/10523/2486 7259/10583/2486 7260/10584/2486
f 7200/10523/2486 7202/10525/2486 7262/10587/2486 7259/10583/2486
f 7256/10579/2486 7198/10521/2486 7260/10585/2486 7316/10641/2486
usemtl S.P._Colour_2
f 7082/10401/2486 7084/10403/2486 7144/10465/2486 7142/10463/2486
f 7084/10403/2486 7086/10405/2486 7146/10467/2486 7144/10465/2486
f 7086/10405/2486 7088/10407/2486 7148/10469/2486 7146/10467/2486
f 7202/10525/2486 7204/10527/2486 7264/10589/2486 7262/10587/2486
f 7204/10527/2486 7206/10529/2486 7266/10591/2486 7264/10589/2486
f 7206/10529/2486 7208/10531/2486 7268/10593/2486 7266/10591/2486
usemtl S.P._Colur_3
f 7088/10407/2486 7090/10409/2486 7150/10471/2486 7148/10469/2486
f 7090/10409/2486 7092/10411/2486 7152/10473/2486 7150/10471/2486
f 7092/10411/2486 7094/10413/2486 7154/10475/2486 7152/10473/2486
f 7208/10531/2486 7210/10533/2486 7270/10595/2486 7268/10593/2486
f 7210/10533/2486 7212/10535/2486 7272/10597/2486 7270/10595/2486
f 7212/10535/2486 7214/10537/2486 7274/10599/2486 7272/10597/2486
usemtl S.P._Colour_4
f 7096/10415/2486 7098/10417/2486 7158/10479/2486 7156/10477/2486
f 7098/10417/2486 7100/10419/2486 7160/10481/2486 7158/10479/2486
f 7094/10413/2486 7096/10415/2486 7156/10477/2486 7154/10475/2486
f 7216/10539/2486 7218/10541/2486 7278/10603/2486 7276/10601/2486
f 7218/10541/2486 7220/10543/2486 7280/10605/2486 7278/10603/2486
f 7214/10537/2486 7216/10539/2486 7276/10601/2486 7274/10599/2486
usemtl S.P._Colour_5
f 7100/10419/2486 7102/10421/2486 7162/10483/2486 7160/10481/2486
f 7102/10421/2486 7104/10423/2486 7164/10485/2486 7162/10483/2486
f 7104/10423/2486 7106/10425/2486 7166/10487/2486 7164/10485/2486
f 7220/10543/2486 7222/10545/2486 7282/10607/2486 7280/10605/2486
f 7222/10545/2486 7224/10547/2486 7284/10609/2486 7282/10607/2486
f 7224/10547/2486 7226/10549/2486 7286/10611/2486 7284/10609/2486
usemtl S.P._Colour_6
f 7106/10425/2486 7108/10427/2486 7168/10489/2486 7166/10487/2486
f 7108/10427/2486 7110/10429/2486 7170/10491/2486 7168/10489/2486
f 7110/10429/2486 7112/10431/2486 7172/10493/2486 7170/10491/2486
f 7226/10549/2486 7228/10551/2486 7288/10613/2486 7286/10611/2486
f 7228/10551/2486 7230/10553/2486 7290/10615/2486 7288/10613/2486
f 7230/10553/2486 7232/10555/2486 7292/10617/2486 7290/10615/2486
usemtl S.P._Colour_7
f 7112/10431/2486 7114/10433/2486 7174/10495/2486 7172/10493/2486
f 7114/10433/2486 7116/10435/2486 7176/10497/2486 7174/10495/2486
f 7116/10435/2486 7118/10437/2486 7178/10499/2486 7176/10497/2486
f 7232/10555/2486 7234/10557/2486 7294/10619/2486 7292/10617/2486
f 7234/10557/2486 7236/10559/2486 7296/10621/2486 7294/10619/2486
f 7236/10559/2486 7238/10561/2486 7298/10623/2486 7296/10621/2486
usemtl S.P._Colour_8
f 7118/10437/2486 7120/10439/2486 7180/10501/2486 7178/10499/2486
f 7120/10439/2486 7122/10441/2486 7182/10503/2486 7180/10501/2486
f 7122/10441/2486 7124/10443/2486 7184/10505/2486 7182/10503/2486
f 7238/10561/2486 7240/10563/2486 7300/10625/2486 7298/10623/2486
f 7240/10563/2486 7242/10565/2486 7302/10627/2486 7300/10625/2486
f 7242/10565/2486 7244/10567/2486 7304/10629/2486 7302/10627/2486
usemtl S.P._Colour_9
f 7124/10443/2486 7126/10445/2486 7186/10507/2486 7184/10505/2486
f 7126/10445/2486 7128/10447/2486 7188/10509/2486 7186/10507/2486
f 7128/10447/2486 7130/10449/2486 7190/10511/2486 7188/10509/2486
f 7244/10567/2486 7246/10569/2486 7306/10631/2486 7304/10629/2486
f 7246/10569/2486 7248/10571/2486 7308/10633/2486 7306/10631/2486
f 7248/10571/2486 7250/10573/2486 7310/10635/2486 7308/10633/2486
usemtl S.P._Colour_10
f 7130/10449/2486 7132/10451/2486 7192/10513/2486 7190/10511/2486
f 7132/10451/2486 7134/10453/2486 7194/10515/2486 7192/10513/2486
f 7134/10453/2486 7136/10455/2486 7196/10517/2486 7194/10515/2486
f 7250/10573/2486 7252/10575/2486 7312/10637/2486 7310/10635/2486
f 7252/10575/2486 7254/10577/2486 7314/10639/2486 7312/10637/2486
f 7254/10577/2486 7256/10579/2486 7316/10641/2486 7314/10639/2486
o Cylinder.013
v -1.230355 2.195339 0.089970
v -1.189212 2.195339 0.089960
v -1.230356 2.194889 0.085693
v -1.189213 2.194889 0.085683
v -1.230357 2.193560 0.081603
v -1.189214 2.193560 0.081593
v -1.230358 2.191410 0.077878
v -1.189215 2.191410 0.077868
v -1.230359 2.188532 0.074682
v -1.189216 2.188532 0.074672
v -1.230360 2.185053 0.072154
v -1.189216 2.185053 0.072145
v -1.230360 2.181124 0.070405
v -1.189217 2.181124 0.070395
v -1.230360 2.176917 0.069511
v -1.189217 2.176917 0.069501
v -1.230360 2.172617 0.069511
v -1.189217 2.172617 0.069501
v -1.230360 2.168410 0.070405
v -1.189217 2.168410 0.070395
v -1.230360 2.164481 0.072154
v -1.189216 2.164481 0.072145
v -1.230359 2.161002 0.074682
v -1.189216 2.161002 0.074672
v -1.230358 2.158124 0.077878
v -1.189215 2.158124 0.077868
v -1.230357 2.155974 0.081603
v -1.189214 2.155974 0.081593
v -1.230356 2.154645 0.085693
v -1.189213 2.154645 0.085683
v -1.230355 2.154195 0.089970
v -1.189212 2.154195 0.089960
v -1.230354 2.154645 0.094247
v -1.189211 2.154645 0.094237
v -1.230353 2.155974 0.098337
v -1.189210 2.155974 0.098327
v -1.230352 2.158124 0.102062
v -1.189209 2.158124 0.102052
v -1.230352 2.161002 0.105258
v -1.189208 2.161002 0.105248
v -1.230351 2.164481 0.107786
v -1.189208 2.164481 0.107776
v -1.230350 2.168410 0.109535
v -1.189207 2.168410 0.109525
v -1.230350 2.172617 0.110429
v -1.189207 2.172617 0.110419
v -1.230350 2.176917 0.110429
v -1.189207 2.176917 0.110419
v -1.230350 2.181124 0.109535
v -1.189207 2.181124 0.109525
v -1.230351 2.185053 0.107786
v -1.189208 2.185053 0.107776
v -1.230352 2.188532 0.105258
v -1.189208 2.188532 0.105248
v -1.230352 2.191410 0.102062
v -1.189209 2.191410 0.102052
v -1.230353 2.193560 0.098337
v -1.189210 2.193560 0.098327
v -1.230354 2.194889 0.094247
v -1.189211 2.194889 0.094237
v -1.230355 2.189072 0.089970
v -1.230356 2.188759 0.086996
v -1.189213 2.188759 0.086986
v -1.189212 2.189072 0.089960
v -1.230357 2.187835 0.084152
v -1.189213 2.187835 0.084142
v -1.230357 2.186340 0.081562
v -1.189214 2.186340 0.081552
v -1.230358 2.184339 0.079339
v -1.189214 2.184339 0.079330
v -1.230358 2.181919 0.077582
v -1.189215 2.181919 0.077572
v -1.230358 2.179188 0.076365
v -1.189215 2.179188 0.076355
v -1.230359 2.176262 0.075744
v -1.189215 2.176262 0.075734
v -1.230359 2.173272 0.075744
v -1.189215 2.173272 0.075734
v -1.230358 2.170346 0.076365
v -1.189215 2.170346 0.076355
v -1.230358 2.167615 0.077582
v -1.189215 2.167615 0.077572
v -1.230358 2.165195 0.079340
v -1.189214 2.165195 0.079330
v -1.230357 2.163194 0.081562
v -1.189214 2.163194 0.081552
v -1.230357 2.161699 0.084152
v -1.189213 2.161699 0.084142
v -1.230356 2.160775 0.086996
v -1.189213 2.160775 0.086986
v -1.230355 2.160462 0.089970
v -1.189212 2.160462 0.089960
v -1.230355 2.160775 0.092944
v -1.189211 2.160775 0.092934
v -1.230354 2.161699 0.095788
v -1.189210 2.161699 0.095778
v -1.230353 2.163194 0.098378
v -1.189210 2.163194 0.098368
v -1.230353 2.165195 0.100601
v -1.189209 2.165195 0.100591
v -1.230352 2.167615 0.102358
v -1.189209 2.167615 0.102348
v -1.230352 2.170346 0.103575
v -1.189209 2.170346 0.103565
v -1.230352 2.173272 0.104197
v -1.189208 2.173272 0.104187
v -1.230352 2.176262 0.104197
v -1.189208 2.176262 0.104187
v -1.230352 2.179188 0.103575
v -1.189209 2.179188 0.103565
v -1.230352 2.181919 0.102358
v -1.189209 2.181919 0.102349
v -1.230353 2.184339 0.100601
v -1.189209 2.184339 0.100591
v -1.230353 2.186340 0.098378
v -1.189210 2.186340 0.098368
v -1.230354 2.187835 0.095788
v -1.189210 2.187835 0.095778
v -1.230355 2.188759 0.092944
v -1.189211 2.188759 0.092934
v -1.230401 2.195339 -0.099480
v -1.189258 2.195339 -0.099490
v -1.230402 2.194889 -0.103757
v -1.189259 2.194889 -0.103767
v -1.230403 2.193560 -0.107847
v -1.189260 2.193560 -0.107857
v -1.230404 2.191410 -0.111572
v -1.189261 2.191410 -0.111582
v -1.230405 2.188532 -0.114768
v -1.189261 2.188532 -0.114778
v -1.230405 2.185053 -0.117296
v -1.189262 2.185053 -0.117306
v -1.230406 2.181124 -0.119045
v -1.189263 2.181124 -0.119055
v -1.230406 2.176917 -0.119939
v -1.189263 2.176917 -0.119949
v -1.230406 2.172617 -0.119939
v -1.189263 2.172617 -0.119949
v -1.230406 2.168410 -0.119045
v -1.189263 2.168410 -0.119055
v -1.230405 2.164481 -0.117296
v -1.189262 2.164481 -0.117306
v -1.230405 2.161002 -0.114768
v -1.189261 2.161002 -0.114778
v -1.230404 2.158124 -0.111572
v -1.189261 2.158124 -0.111582
v -1.230403 2.155974 -0.107847
v -1.189260 2.155974 -0.107857
v -1.230402 2.154645 -0.103757
v -1.189259 2.154645 -0.103767
v -1.230401 2.154195 -0.099480
v -1.189258 2.154195 -0.099490
v -1.230400 2.154645 -0.095203
v -1.189257 2.154645 -0.095213
v -1.230399 2.155974 -0.091113
v -1.189256 2.155974 -0.091123
v -1.230398 2.158124 -0.087388
v -1.189255 2.158124 -0.087398
v -1.230397 2.161002 -0.084192
v -1.189254 2.161002 -0.084202
v -1.230397 2.164481 -0.081665
v -1.189253 2.164481 -0.081675
v -1.230396 2.168410 -0.079915
v -1.189253 2.168410 -0.079925
v -1.230396 2.172617 -0.079021
v -1.189253 2.172617 -0.079031
v -1.230396 2.176917 -0.079021
v -1.189253 2.176917 -0.079031
v -1.230396 2.181124 -0.079915
v -1.189253 2.181124 -0.079925
v -1.230397 2.185053 -0.081665
v -1.189253 2.185053 -0.081675
v -1.230397 2.188532 -0.084192
v -1.189254 2.188532 -0.084202
v -1.230398 2.191410 -0.087388
v -1.189255 2.191410 -0.087398
v -1.230399 2.193560 -0.091113
v -1.189256 2.193560 -0.091123
v -1.230400 2.194889 -0.095203
v -1.189257 2.194889 -0.095213
v -1.230401 2.189072 -0.099480
v -1.230402 2.188759 -0.102454
v -1.189258 2.188759 -0.102464
v -1.189258 2.189072 -0.099490
v -1.230403 2.187835 -0.105298
v -1.189259 2.187835 -0.105308
v -1.230403 2.186340 -0.107888
v -1.189260 2.186340 -0.107898
v -1.230404 2.184339 -0.110111
v -1.189260 2.184339 -0.110121
v -1.230404 2.181919 -0.111869
v -1.189261 2.181919 -0.111878
v -1.230404 2.179188 -0.113085
v -1.189261 2.179188 -0.113095
v -1.230405 2.176262 -0.113707
v -1.189261 2.176262 -0.113717
v -1.230405 2.173272 -0.113707
v -1.189261 2.173272 -0.113717
v -1.230404 2.170346 -0.113085
v -1.189261 2.170346 -0.113095
v -1.230404 2.167615 -0.111869
v -1.189261 2.167615 -0.111878
v -1.230404 2.165195 -0.110111
v -1.189260 2.165195 -0.110121
v -1.230403 2.163194 -0.107888
v -1.189260 2.163194 -0.107898
v -1.230403 2.161699 -0.105298
v -1.189259 2.161699 -0.105308
v -1.230402 2.160775 -0.102454
v -1.189258 2.160775 -0.102464
v -1.230401 2.160462 -0.099480
v -1.189258 2.160462 -0.099490
v -1.230400 2.160775 -0.096506
v -1.189257 2.160775 -0.096516
v -1.230400 2.161699 -0.093662
v -1.189256 2.161699 -0.093672
v -1.230399 2.163194 -0.091072
v -1.189256 2.163194 -0.091082
v -1.230399 2.165195 -0.088850
v -1.189255 2.165195 -0.088860
v -1.230398 2.167615 -0.087092
v -1.189255 2.167615 -0.087102
v -1.230398 2.170346 -0.085875
v -1.189255 2.170346 -0.085885
v -1.230398 2.173272 -0.085254
v -1.189254 2.173272 -0.085264
v -1.230398 2.176262 -0.085254
v -1.189254 2.176262 -0.085264
v -1.230398 2.179188 -0.085875
v -1.189255 2.179188 -0.085885
v -1.230398 2.181919 -0.087092
v -1.189255 2.181919 -0.087102
v -1.230399 2.184339 -0.088850
v -1.189255 2.184339 -0.088860
v -1.230399 2.186340 -0.091072
v -1.189256 2.186340 -0.091082
v -1.230400 2.187835 -0.093662
v -1.189256 2.187835 -0.093672
v -1.230400 2.188759 -0.096506
v -1.189257 2.188759 -0.096516
vn -0.0000 -0.9945 0.1045
vn 0.0001 -0.9511 0.3090
vn 0.0001 -0.8660 0.5000
vn 0.0002 -0.7431 0.6691
vn 0.0002 -0.5878 0.8090
vn 0.0002 -0.4067 0.9135
vn 0.0002 -0.2079 0.9781
vn 0.0002 -0.0000 1.0000
vn 0.0002 0.2079 0.9781
vn 0.0002 0.4067 0.9135
vn 0.0002 0.5878 0.8090
vn 0.0002 0.7431 0.6691
vn 0.0001 0.8660 0.5000
vn 0.0001 0.9511 0.3090
vn -0.0000 0.9945 0.1045
vn -0.0000 0.9945 -0.1045
vn -0.0001 0.9511 -0.3090
vn -0.0001 0.8660 -0.5000
vn -0.0002 0.7431 -0.6691
vn -0.0002 0.5878 -0.8090
vn -0.0002 0.4067 -0.9135
vn -0.0002 0.2079 -0.9781
vn -0.0002 -0.0000 -1.0000
vn -0.0002 -0.2079 -0.9781
vn -0.0002 -0.4067 -0.9135
vn -0.0002 -0.5878 -0.8090
vn -0.0002 -0.7431 -0.6691
vn -0.0001 -0.8660 -0.5000
vn -0.0001 -0.9511 -0.3090
vn -0.0000 -0.9945 -0.1045
vn 1.0000 -0.0000 -0.0002
vn -1.0000 -0.0000 0.0002
vt 1.000000 0.500000
vt -0.000000 0.500000
vt 1.000000 1.000000
vt -0.000000 1.000000
vt 0.966667 0.500000
vt 0.966667 1.000000
vt 0.933333 0.500000
vt 0.933333 1.000000
vt 0.900000 0.500000
vt 0.900000 1.000000
vt 0.866667 0.500000
vt 0.866667 1.000000
vt 0.833333 0.500000
vt 0.833333 1.000000
vt 0.800000 0.500000
vt 0.800000 1.000000
vt 0.766666 0.500000
vt 0.766666 1.000000
vt 0.733333 0.500000
vt 0.733333 1.000000
vt 0.700000 0.500000
vt 0.700000 1.000000
vt 0.666666 0.500000
vt 0.666666 1.000000
vt 0.633333 0.500000
vt 0.633333 1.000000
vt 0.600000 0.500000
vt 0.600000 1.000000
vt 0.566666 0.500000
vt 0.566666 1.000000
vt 0.533333 0.500000
vt 0.533333 1.000000
vt 0.500000 0.500000
vt 0.500000 1.000000
vt 0.466666 0.500000
vt 0.466666 1.000000
vt 0.433333 0.500000
vt 0.433333 1.000000
vt 0.400000 0.500000
vt 0.400000 1.000000
vt 0.366666 0.500000
vt 0.366666 1.000000
vt 0.333333 0.500000
vt 0.333333 1.000000
vt 0.300000 0.500000
vt 0.300000 1.000000
vt 0.266666 0.500000
vt 0.266666 1.000000
vt 0.233333 0.500000
vt 0.233333 1.000000
vt 0.200000 0.500000
vt 0.200000 1.000000
vt 0.166666 0.500000
vt 0.166666 1.000000
vt 0.133333 0.500000
vt 0.133333 1.000000
vt 0.100000 0.500000
vt 0.100000 1.000000
vt 0.066666 0.500000
vt 0.066666 1.000000
vt 0.033333 0.500000
vt 0.033333 1.000000
vt 1.000000 0.500000
vt -0.000000 0.500000
vt 0.966667 0.500000
vt 0.966667 1.000000
vt 1.000000 1.000000
vt -0.000000 1.000000
vt 0.933333 0.500000
vt 0.933333 1.000000
vt 0.900000 0.500000
vt 0.900000 1.000000
vt 0.866667 0.500000
vt 0.866667 1.000000
vt 0.833333 0.500000
vt 0.833333 1.000000
vt 0.800000 0.500000
vt 0.800000 1.000000
vt 0.766666 0.500000
vt 0.766666 1.000000
vt 0.733333 0.500000
vt 0.733333 1.000000
vt 0.700000 0.500000
vt 0.700000 1.000000
vt 0.666666 0.500000
vt 0.666666 1.000000
vt 0.633333 0.500000
vt 0.633333 1.000000
vt 0.600000 0.500000
vt 0.600000 1.000000
vt 0.566666 0.500000
vt 0.566666 1.000000
vt 0.533333 0.500000
vt 0.533333 1.000000
vt 0.500000 0.500000
vt 0.500000 1.000000
vt 0.466666 0.500000
vt 0.466666 1.000000
vt 0.433333 0.500000
vt 0.433333 1.000000
vt 0.400000 0.500000
vt 0.400000 1.000000
vt 0.366666 0.500000
vt 0.366666 1.000000
vt 0.333333 0.500000
vt 0.333333 1.000000
vt 0.300000 0.500000
vt 0.300000 1.000000
vt 0.266666 0.500000
vt 0.266666 1.000000
vt 0.233333 0.500000
vt 0.233333 1.000000
vt 0.200000 0.500000
vt 0.200000 1.000000
vt 0.166666 0.500000
vt 0.166666 1.000000
vt 0.133333 0.500000
vt 0.133333 1.000000
vt 0.100000 0.500000
vt 0.100000 1.000000
vt 0.066666 0.500000
vt 0.066666 1.000000
vt 0.033333 0.500000
vt 0.033333 1.000000
vt 1.000000 0.500000
vt -0.000000 0.500000
vt 1.000000 1.000000
vt -0.000000 1.000000
vt 0.966667 0.500000
vt 0.966667 1.000000
vt 0.933333 0.500000
vt 0.933333 1.000000
vt 0.900000 0.500000
vt 0.900000 1.000000
vt 0.866667 0.500000
vt 0.866667 1.000000
vt 0.833333 0.500000
vt 0.833333 1.000000
vt 0.800000 0.500000
vt 0.800000 1.000000
vt 0.766666 0.500000
vt 0.766666 1.000000
vt 0.733333 0.500000
vt 0.733333 1.000000
vt 0.700000 0.500000
vt 0.700000 1.000000
vt 0.666666 0.500000
vt 0.666666 1.000000
vt 0.633333 0.500000
vt 0.633333 1.000000
vt 0.600000 0.500000
vt 0.600000 1.000000
vt 0.566666 0.500000
vt 0.566666 1.000000
vt 0.533333 0.500000
vt 0.533333 1.000000
vt 0.500000 0.500000
vt 0.500000 1.000000
vt 0.466666 0.500000
vt 0.466666 1.000000
vt 0.433333 0.500000
vt 0.433333 1.000000
vt 0.400000 0.500000
vt 0.400000 1.000000
vt 0.366666 0.500000
vt 0.366666 1.000000
vt 0.333333 0.500000
vt 0.333333 1.000000
vt 0.300000 0.500000
vt 0.300000 1.000000
vt 0.266666 0.500000
vt 0.266666 1.000000
vt 0.233333 0.500000
vt 0.233333 1.000000
vt 0.200000 0.500000
vt 0.200000 1.000000
vt 0.166666 0.500000
vt 0.166666 1.000000
vt 0.133333 0.500000
vt 0.133333 1.000000
vt 0.100000 0.500000
vt 0.100000 1.000000
vt 0.066666 0.500000
vt 0.066666 1.000000
vt 0.033333 0.500000
vt 0.033333 1.000000
vt 1.000000 0.500000
vt -0.000000 0.500000
vt 0.966667 0.500000
vt 0.966667 1.000000
vt 1.000000 1.000000
vt -0.000000 1.000000
vt 0.933333 0.500000
vt 0.933333 1.000000
vt 0.900000 0.500000
vt 0.900000 1.000000
vt 0.866667 0.500000
vt 0.866667 1.000000
vt 0.833333 0.500000
vt 0.833333 1.000000
vt 0.800000 0.500000
vt 0.800000 1.000000
vt 0.766666 0.500000
vt 0.766666 1.000000
vt 0.733333 0.500000
vt 0.733333 1.000000
vt 0.700000 0.500000
vt 0.700000 1.000000
vt 0.666666 0.500000
vt 0.666666 1.000000
vt 0.633333 0.500000
vt 0.633333 1.000000
vt 0.600000 0.500000
vt 0.600000 1.000000
vt 0.566666 0.500000
vt 0.566666 1.000000
vt 0.533333 0.500000
vt 0.533333 1.000000
vt 0.500000 0.500000
vt 0.500000 1.000000
vt 0.466666 0.500000
vt 0.466666 1.000000
vt 0.433333 0.500000
vt 0.433333 1.000000
vt 0.400000 0.500000
vt 0.400000 1.000000
vt 0.366666 0.500000
vt 0.366666 1.000000
vt 0.333333 0.500000
vt 0.333333 1.000000
vt 0.300000 0.500000
vt 0.300000 1.000000
vt 0.266666 0.500000
vt 0.266666 1.000000
vt 0.233333 0.500000
vt 0.233333 1.000000
vt 0.200000 0.500000
vt 0.200000 1.000000
vt 0.166666 0.500000
vt 0.166666 1.000000
vt 0.133333 0.500000
vt 0.133333 1.000000
vt 0.100000 0.500000
vt 0.100000 1.000000
vt 0.066666 0.500000
vt 0.066666 1.000000
vt 0.033333 0.500000
vt 0.033333 1.000000
s 0
usemtl Switch_Pointer
f 7317/10642/2487 7319/10646/2487 7320/10647/2487 7318/10644/2487
f 7319/10646/2488 7321/10648/2488 7322/10649/2488 7320/10647/2488
f 7321/10648/2489 7323/10650/2489 7324/10651/2489 7322/10649/2489
f 7323/10650/2490 7325/10652/2490 7326/10653/2490 7324/10651/2490
f 7325/10652/2491 7327/10654/2491 7328/10655/2491 7326/10653/2491
f 7327/10654/2492 7329/10656/2492 7330/10657/2492 7328/10655/2492
f 7329/10656/2493 7331/10658/2493 7332/10659/2493 7330/10657/2493
f 7331/10658/2494 7333/10660/2494 7334/10661/2494 7332/10659/2494
f 7333/10660/2495 7335/10662/2495 7336/10663/2495 7334/10661/2495
f 7335/10662/2496 7337/10664/2496 7338/10665/2496 7336/10663/2496
f 7337/10664/2497 7339/10666/2497 7340/10667/2497 7338/10665/2497
f 7339/10666/2498 7341/10668/2498 7342/10669/2498 7340/10667/2498
f 7341/10668/2499 7343/10670/2499 7344/10671/2499 7342/10669/2499
f 7343/10670/2500 7345/10672/2500 7346/10673/2500 7344/10671/2500
f 7345/10672/2501 7347/10674/2501 7348/10675/2501 7346/10673/2501
f 7347/10674/2502 7349/10676/2502 7350/10677/2502 7348/10675/2502
f 7349/10676/2503 7351/10678/2503 7352/10679/2503 7350/10677/2503
f 7351/10678/2504 7353/10680/2504 7354/10681/2504 7352/10679/2504
f 7353/10680/2505 7355/10682/2505 7356/10683/2505 7354/10681/2505
f 7355/10682/2506 7357/10684/2506 7358/10685/2506 7356/10683/2506
f 7357/10684/2507 7359/10686/2507 7360/10687/2507 7358/10685/2507
f 7359/10686/2508 7361/10688/2508 7362/10689/2508 7360/10687/2508
f 7361/10688/2509 7363/10690/2509 7364/10691/2509 7362/10689/2509
f 7363/10690/2510 7365/10692/2510 7366/10693/2510 7364/10691/2510
f 7365/10692/2511 7367/10694/2511 7368/10695/2511 7366/10693/2511
f 7367/10694/2512 7369/10696/2512 7370/10697/2512 7368/10695/2512
f 7369/10696/2513 7371/10698/2513 7372/10699/2513 7370/10697/2513
f 7371/10698/2514 7373/10700/2514 7374/10701/2514 7372/10699/2514
f 7378/10706/2503 7379/10707/2503 7382/10711/2503 7381/10710/2503
f 7373/10700/2515 7375/10702/2515 7376/10703/2515 7374/10701/2515
f 7375/10702/2516 7317/10643/2516 7318/10645/2516 7376/10703/2516
f 7377/10704/2502 7380/10708/2502 7379/10707/2502 7378/10706/2502
f 7381/10710/2504 7382/10711/2504 7384/10713/2504 7383/10712/2504
f 7383/10712/2505 7384/10713/2505 7386/10715/2505 7385/10714/2505
f 7385/10714/2506 7386/10715/2506 7388/10717/2506 7387/10716/2506
f 7387/10716/2507 7388/10717/2507 7390/10719/2507 7389/10718/2507
f 7389/10718/2508 7390/10719/2508 7392/10721/2508 7391/10720/2508
f 7391/10720/2509 7392/10721/2509 7394/10723/2509 7393/10722/2509
f 7393/10722/2510 7394/10723/2510 7396/10725/2510 7395/10724/2510
f 7395/10724/2511 7396/10725/2511 7398/10727/2511 7397/10726/2511
f 7397/10726/2512 7398/10727/2512 7400/10729/2512 7399/10728/2512
f 7399/10728/2513 7400/10729/2513 7402/10731/2513 7401/10730/2513
f 7401/10730/2514 7402/10731/2514 7404/10733/2514 7403/10732/2514
f 7403/10732/2515 7404/10733/2515 7406/10735/2515 7405/10734/2515
f 7405/10734/2516 7406/10735/2516 7408/10737/2516 7407/10736/2516
f 7407/10736/2487 7408/10737/2487 7410/10739/2487 7409/10738/2487
f 7409/10738/2488 7410/10739/2488 7412/10741/2488 7411/10740/2488
f 7411/10740/2489 7412/10741/2489 7414/10743/2489 7413/10742/2489
f 7413/10742/2490 7414/10743/2490 7416/10745/2490 7415/10744/2490
f 7415/10744/2491 7416/10745/2491 7418/10747/2491 7417/10746/2491
f 7417/10746/2492 7418/10747/2492 7420/10749/2492 7419/10748/2492
f 7419/10748/2493 7420/10749/2493 7422/10751/2493 7421/10750/2493
f 7421/10750/2494 7422/10751/2494 7424/10753/2494 7423/10752/2494
f 7423/10752/2495 7424/10753/2495 7426/10755/2495 7425/10754/2495
f 7425/10754/2496 7426/10755/2496 7428/10757/2496 7427/10756/2496
f 7427/10756/2497 7428/10757/2497 7430/10759/2497 7429/10758/2497
f 7429/10758/2498 7430/10759/2498 7432/10761/2498 7431/10760/2498
f 7431/10760/2499 7432/10761/2499 7434/10763/2499 7433/10762/2499
f 7433/10762/2500 7434/10763/2500 7436/10765/2500 7435/10764/2500
f 7435/10764/2501 7436/10765/2501 7380/10709/2501 7377/10705/2501
f 7319/10646/2517 7317/10642/2517 7377/10704/2517 7378/10706/2517
f 7371/10698/2517 7369/10696/2517 7429/10758/2517 7431/10760/2517
f 7337/10664/2517 7335/10662/2517 7395/10724/2517 7397/10726/2517
f 7355/10682/2517 7353/10680/2517 7413/10742/2517 7415/10744/2517
f 7373/10700/2517 7371/10698/2517 7431/10760/2517 7433/10762/2517
f 7321/10648/2517 7319/10646/2517 7378/10706/2517 7381/10710/2517
f 7339/10666/2517 7337/10664/2517 7397/10726/2517 7399/10728/2517
f 7357/10684/2517 7355/10682/2517 7415/10744/2517 7417/10746/2517
f 7375/10702/2517 7373/10700/2517 7433/10762/2517 7435/10764/2517
f 7323/10650/2517 7321/10648/2517 7381/10710/2517 7383/10712/2517
f 7341/10668/2517 7339/10666/2517 7399/10728/2517 7401/10730/2517
f 7359/10686/2517 7357/10684/2517 7417/10746/2517 7419/10748/2517
f 7317/10643/2517 7375/10702/2517 7435/10764/2517 7377/10705/2517
f 7325/10652/2517 7323/10650/2517 7383/10712/2517 7385/10714/2517
f 7343/10670/2517 7341/10668/2517 7401/10730/2517 7403/10732/2517
f 7361/10688/2517 7359/10686/2517 7419/10748/2517 7421/10750/2517
f 7327/10654/2517 7325/10652/2517 7385/10714/2517 7387/10716/2517
f 7345/10672/2517 7343/10670/2517 7403/10732/2517 7405/10734/2517
f 7363/10690/2517 7361/10688/2517 7421/10750/2517 7423/10752/2517
f 7329/10656/2517 7327/10654/2517 7387/10716/2517 7389/10718/2517
f 7347/10674/2517 7345/10672/2517 7405/10734/2517 7407/10736/2517
f 7365/10692/2517 7363/10690/2517 7423/10752/2517 7425/10754/2517
f 7331/10658/2517 7329/10656/2517 7389/10718/2517 7391/10720/2517
f 7349/10676/2517 7347/10674/2517 7407/10736/2517 7409/10738/2517
f 7367/10694/2517 7365/10692/2517 7425/10754/2517 7427/10756/2517
f 7333/10660/2517 7331/10658/2517 7391/10720/2517 7393/10722/2517
f 7351/10678/2517 7349/10676/2517 7409/10738/2517 7411/10740/2517
f 7369/10696/2517 7367/10694/2517 7427/10756/2517 7429/10758/2517
f 7335/10662/2517 7333/10660/2517 7393/10722/2517 7395/10724/2517
f 7353/10680/2517 7351/10678/2517 7411/10740/2517 7413/10742/2517
f 7437/10766/2487 7439/10770/2487 7440/10771/2487 7438/10768/2487
f 7439/10770/2488 7441/10772/2488 7442/10773/2488 7440/10771/2488
f 7441/10772/2489 7443/10774/2489 7444/10775/2489 7442/10773/2489
f 7443/10774/2490 7445/10776/2490 7446/10777/2490 7444/10775/2490
f 7445/10776/2491 7447/10778/2491 7448/10779/2491 7446/10777/2491
f 7447/10778/2492 7449/10780/2492 7450/10781/2492 7448/10779/2492
f 7449/10780/2493 7451/10782/2493 7452/10783/2493 7450/10781/2493
f 7451/10782/2494 7453/10784/2494 7454/10785/2494 7452/10783/2494
f 7453/10784/2495 7455/10786/2495 7456/10787/2495 7454/10785/2495
f 7455/10786/2496 7457/10788/2496 7458/10789/2496 7456/10787/2496
f 7457/10788/2497 7459/10790/2497 7460/10791/2497 7458/10789/2497
f 7459/10790/2498 7461/10792/2498 7462/10793/2498 7460/10791/2498
f 7461/10792/2499 7463/10794/2499 7464/10795/2499 7462/10793/2499
f 7463/10794/2500 7465/10796/2500 7466/10797/2500 7464/10795/2500
f 7465/10796/2501 7467/10798/2501 7468/10799/2501 7466/10797/2501
f 7467/10798/2502 7469/10800/2502 7470/10801/2502 7468/10799/2502
f 7469/10800/2503 7471/10802/2503 7472/10803/2503 7470/10801/2503
f 7471/10802/2504 7473/10804/2504 7474/10805/2504 7472/10803/2504
f 7473/10804/2505 7475/10806/2505 7476/10807/2505 7474/10805/2505
f 7475/10806/2506 7477/10808/2506 7478/10809/2506 7476/10807/2506
f 7477/10808/2507 7479/10810/2507 7480/10811/2507 7478/10809/2507
f 7479/10810/2508 7481/10812/2508 7482/10813/2508 7480/10811/2508
f 7481/10812/2509 7483/10814/2509 7484/10815/2509 7482/10813/2509
f 7483/10814/2510 7485/10816/2510 7486/10817/2510 7484/10815/2510
f 7485/10816/2511 7487/10818/2511 7488/10819/2511 7486/10817/2511
f 7487/10818/2512 7489/10820/2512 7490/10821/2512 7488/10819/2512
f 7489/10820/2513 7491/10822/2513 7492/10823/2513 7490/10821/2513
f 7491/10822/2514 7493/10824/2514 7494/10825/2514 7492/10823/2514
f 7498/10830/2503 7499/10831/2503 7502/10835/2503 7501/10834/2503
f 7493/10824/2515 7495/10826/2515 7496/10827/2515 7494/10825/2515
f 7495/10826/2516 7437/10767/2516 7438/10769/2516 7496/10827/2516
f 7497/10828/2502 7500/10832/2502 7499/10831/2502 7498/10830/2502
f 7501/10834/2504 7502/10835/2504 7504/10837/2504 7503/10836/2504
f 7503/10836/2505 7504/10837/2505 7506/10839/2505 7505/10838/2505
f 7505/10838/2506 7506/10839/2506 7508/10841/2506 7507/10840/2506
f 7507/10840/2507 7508/10841/2507 7510/10843/2507 7509/10842/2507
f 7509/10842/2508 7510/10843/2508 7512/10845/2508 7511/10844/2508
f 7511/10844/2509 7512/10845/2509 7514/10847/2509 7513/10846/2509
f 7513/10846/2510 7514/10847/2510 7516/10849/2510 7515/10848/2510
f 7515/10848/2511 7516/10849/2511 7518/10851/2511 7517/10850/2511
f 7517/10850/2512 7518/10851/2512 7520/10853/2512 7519/10852/2512
f 7519/10852/2513 7520/10853/2513 7522/10855/2513 7521/10854/2513
f 7521/10854/2514 7522/10855/2514 7524/10857/2514 7523/10856/2514
f 7523/10856/2515 7524/10857/2515 7526/10859/2515 7525/10858/2515
f 7525/10858/2516 7526/10859/2516 7528/10861/2516 7527/10860/2516
f 7527/10860/2487 7528/10861/2487 7530/10863/2487 7529/10862/2487
f 7529/10862/2488 7530/10863/2488 7532/10865/2488 7531/10864/2488
f 7531/10864/2489 7532/10865/2489 7534/10867/2489 7533/10866/2489
f 7533/10866/2490 7534/10867/2490 7536/10869/2490 7535/10868/2490
f 7535/10868/2491 7536/10869/2491 7538/10871/2491 7537/10870/2491
f 7537/10870/2492 7538/10871/2492 7540/10873/2492 7539/10872/2492
f 7539/10872/2493 7540/10873/2493 7542/10875/2493 7541/10874/2493
f 7541/10874/2494 7542/10875/2494 7544/10877/2494 7543/10876/2494
f 7543/10876/2495 7544/10877/2495 7546/10879/2495 7545/10878/2495
f 7545/10878/2496 7546/10879/2496 7548/10881/2496 7547/10880/2496
f 7547/10880/2497 7548/10881/2497 7550/10883/2497 7549/10882/2497
f 7549/10882/2498 7550/10883/2498 7552/10885/2498 7551/10884/2498
f 7551/10884/2499 7552/10885/2499 7554/10887/2499 7553/10886/2499
f 7553/10886/2500 7554/10887/2500 7556/10889/2500 7555/10888/2500
f 7555/10888/2501 7556/10889/2501 7500/10833/2501 7497/10829/2501
f 7439/10770/2517 7437/10766/2517 7497/10828/2517 7498/10830/2517
f 7491/10822/2517 7489/10820/2517 7549/10882/2517 7551/10884/2517
f 7457/10788/2517 7455/10786/2517 7515/10848/2517 7517/10850/2517
f 7475/10806/2517 7473/10804/2517 7533/10866/2517 7535/10868/2517
f 7493/10824/2517 7491/10822/2517 7551/10884/2517 7553/10886/2517
f 7441/10772/2517 7439/10770/2517 7498/10830/2517 7501/10834/2517
f 7459/10790/2517 7457/10788/2517 7517/10850/2517 7519/10852/2517
f 7477/10808/2517 7475/10806/2517 7535/10868/2517 7537/10870/2517
f 7495/10826/2517 7493/10824/2517 7553/10886/2517 7555/10888/2517
f 7443/10774/2517 7441/10772/2517 7501/10834/2517 7503/10836/2517
f 7461/10792/2517 7459/10790/2517 7519/10852/2517 7521/10854/2517
f 7479/10810/2517 7477/10808/2517 7537/10870/2517 7539/10872/2517
f 7437/10767/2517 7495/10826/2517 7555/10888/2517 7497/10829/2517
f 7445/10776/2517 7443/10774/2517 7503/10836/2517 7505/10838/2517
f 7463/10794/2517 7461/10792/2517 7521/10854/2517 7523/10856/2517
f 7481/10812/2517 7479/10810/2517 7539/10872/2517 7541/10874/2517
f 7447/10778/2517 7445/10776/2517 7505/10838/2517 7507/10840/2517
f 7465/10796/2517 7463/10794/2517 7523/10856/2517 7525/10858/2517
f 7483/10814/2517 7481/10812/2517 7541/10874/2517 7543/10876/2517
f 7449/10780/2517 7447/10778/2517 7507/10840/2517 7509/10842/2517
f 7467/10798/2517 7465/10796/2517 7525/10858/2517 7527/10860/2517
f 7485/10816/2517 7483/10814/2517 7543/10876/2517 7545/10878/2517
f 7451/10782/2517 7449/10780/2517 7509/10842/2517 7511/10844/2517
f 7469/10800/2517 7467/10798/2517 7527/10860/2517 7529/10862/2517
f 7487/10818/2517 7485/10816/2517 7545/10878/2517 7547/10880/2517
f 7453/10784/2517 7451/10782/2517 7511/10844/2517 7513/10846/2517
f 7471/10802/2517 7469/10800/2517 7529/10862/2517 7531/10864/2517
f 7489/10820/2517 7487/10818/2517 7547/10880/2517 7549/10882/2517
f 7455/10786/2517 7453/10784/2517 7513/10846/2517 7515/10848/2517
f 7473/10804/2517 7471/10802/2517 7531/10864/2517 7533/10866/2517
usemtl S.P._Colour_1
f 7318/10644/2518 7320/10647/2518 7379/10707/2518 7380/10708/2518
f 7320/10647/2518 7322/10649/2518 7382/10711/2518 7379/10707/2518
f 7376/10703/2518 7318/10645/2518 7380/10709/2518 7436/10765/2518
f 7438/10768/2518 7440/10771/2518 7499/10831/2518 7500/10832/2518
f 7440/10771/2518 7442/10773/2518 7502/10835/2518 7499/10831/2518
f 7496/10827/2518 7438/10769/2518 7500/10833/2518 7556/10889/2518
usemtl S.P._Colour_2
f 7322/10649/2518 7324/10651/2518 7384/10713/2518 7382/10711/2518
f 7324/10651/2518 7326/10653/2518 7386/10715/2518 7384/10713/2518
f 7326/10653/2518 7328/10655/2518 7388/10717/2518 7386/10715/2518
f 7442/10773/2518 7444/10775/2518 7504/10837/2518 7502/10835/2518
f 7444/10775/2518 7446/10777/2518 7506/10839/2518 7504/10837/2518
f 7446/10777/2518 7448/10779/2518 7508/10841/2518 7506/10839/2518
usemtl S.P._Colur_3
f 7328/10655/2518 7330/10657/2518 7390/10719/2518 7388/10717/2518
f 7330/10657/2518 7332/10659/2518 7392/10721/2518 7390/10719/2518
f 7332/10659/2518 7334/10661/2518 7394/10723/2518 7392/10721/2518
f 7448/10779/2518 7450/10781/2518 7510/10843/2518 7508/10841/2518
f 7450/10781/2518 7452/10783/2518 7512/10845/2518 7510/10843/2518
f 7452/10783/2518 7454/10785/2518 7514/10847/2518 7512/10845/2518
usemtl S.P._Colour_4
f 7336/10663/2518 7338/10665/2518 7398/10727/2518 7396/10725/2518
f 7338/10665/2518 7340/10667/2518 7400/10729/2518 7398/10727/2518
f 7334/10661/2518 7336/10663/2518 7396/10725/2518 7394/10723/2518
f 7456/10787/2518 7458/10789/2518 7518/10851/2518 7516/10849/2518
f 7458/10789/2518 7460/10791/2518 7520/10853/2518 7518/10851/2518
f 7454/10785/2518 7456/10787/2518 7516/10849/2518 7514/10847/2518
usemtl S.P._Colour_5
f 7340/10667/2518 7342/10669/2518 7402/10731/2518 7400/10729/2518
f 7342/10669/2518 7344/10671/2518 7404/10733/2518 7402/10731/2518
f 7344/10671/2518 7346/10673/2518 7406/10735/2518 7404/10733/2518
f 7460/10791/2518 7462/10793/2518 7522/10855/2518 7520/10853/2518
f 7462/10793/2518 7464/10795/2518 7524/10857/2518 7522/10855/2518
f 7464/10795/2518 7466/10797/2518 7526/10859/2518 7524/10857/2518
usemtl S.P._Colour_6
f 7346/10673/2518 7348/10675/2518 7408/10737/2518 7406/10735/2518
f 7348/10675/2518 7350/10677/2518 7410/10739/2518 7408/10737/2518
f 7350/10677/2518 7352/10679/2518 7412/10741/2518 7410/10739/2518
f 7466/10797/2518 7468/10799/2518 7528/10861/2518 7526/10859/2518
f 7468/10799/2518 7470/10801/2518 7530/10863/2518 7528/10861/2518
f 7470/10801/2518 7472/10803/2518 7532/10865/2518 7530/10863/2518
usemtl S.P._Colour_7
f 7352/10679/2518 7354/10681/2518 7414/10743/2518 7412/10741/2518
f 7354/10681/2518 7356/10683/2518 7416/10745/2518 7414/10743/2518
f 7356/10683/2518 7358/10685/2518 7418/10747/2518 7416/10745/2518
f 7472/10803/2518 7474/10805/2518 7534/10867/2518 7532/10865/2518
f 7474/10805/2518 7476/10807/2518 7536/10869/2518 7534/10867/2518
f 7476/10807/2518 7478/10809/2518 7538/10871/2518 7536/10869/2518
usemtl S.P._Colour_8
f 7358/10685/2518 7360/10687/2518 7420/10749/2518 7418/10747/2518
f 7360/10687/2518 7362/10689/2518 7422/10751/2518 7420/10749/2518
f 7362/10689/2518 7364/10691/2518 7424/10753/2518 7422/10751/2518
f 7478/10809/2518 7480/10811/2518 7540/10873/2518 7538/10871/2518
f 7480/10811/2518 7482/10813/2518 7542/10875/2518 7540/10873/2518
f 7482/10813/2518 7484/10815/2518 7544/10877/2518 7542/10875/2518
usemtl S.P._Colour_9
f 7364/10691/2518 7366/10693/2518 7426/10755/2518 7424/10753/2518
f 7366/10693/2518 7368/10695/2518 7428/10757/2518 7426/10755/2518
f 7368/10695/2518 7370/10697/2518 7430/10759/2518 7428/10757/2518
f 7484/10815/2518 7486/10817/2518 7546/10879/2518 7544/10877/2518
f 7486/10817/2518 7488/10819/2518 7548/10881/2518 7546/10879/2518
f 7488/10819/2518 7490/10821/2518 7550/10883/2518 7548/10881/2518
usemtl S.P._Colour_10
f 7370/10697/2518 7372/10699/2518 7432/10761/2518 7430/10759/2518
f 7372/10699/2518 7374/10701/2518 7434/10763/2518 7432/10761/2518
f 7374/10701/2518 7376/10703/2518 7436/10765/2518 7434/10763/2518
f 7490/10821/2518 7492/10823/2518 7552/10885/2518 7550/10883/2518
f 7492/10823/2518 7494/10825/2518 7554/10887/2518 7552/10885/2518
f 7494/10825/2518 7496/10827/2518 7556/10889/2518 7554/10887/2518
o Cylinder.001
v -5.386297 1.677199 0.252961
v -5.386297 1.677199 0.729523
v -5.342129 1.675612 0.252961
v -5.342129 1.675612 0.729523
v -5.299892 1.670920 0.252961
v -5.299892 1.670920 0.729523
v -5.261431 1.663328 0.252961
v -5.261431 1.663328 0.729523
v -5.228427 1.653168 0.252961
v -5.228427 1.653168 0.729523
v -5.202323 1.640883 0.252961
v -5.202323 1.640883 0.729523
v -5.184259 1.627012 0.252961
v -5.184259 1.627012 0.729523
v -5.175026 1.612160 0.252961
v -5.175026 1.612160 0.729523
v -5.175026 1.596975 0.252961
v -5.175026 1.596975 0.729523
v -5.184259 1.582123 0.252961
v -5.184259 1.582123 0.729523
v -5.202323 1.568252 0.252961
v -5.202323 1.568252 0.729523
v -5.228427 1.555967 0.252961
v -5.228427 1.555967 0.729523
v -5.261431 1.545807 0.252961
v -5.261431 1.545807 0.729523
v -5.299892 1.538215 0.252961
v -5.299892 1.538215 0.729523
v -5.342130 1.533523 0.252961
v -5.342130 1.533523 0.729523
v -5.386297 1.531936 0.252961
v -5.386297 1.531936 0.729523
v -5.430465 1.533523 0.252961
v -5.430465 1.533523 0.729523
v -5.472703 1.538215 0.252961
v -5.472703 1.538215 0.729523
v -5.511164 1.545807 0.252961
v -5.511164 1.545807 0.729523
v -5.544168 1.555967 0.252961
v -5.544168 1.555967 0.729523
v -5.570271 1.568252 0.252961
v -5.570271 1.568252 0.729523
v -5.588335 1.582123 0.252961
v -5.588335 1.582123 0.729523
v -5.597569 1.596975 0.252961
v -5.597569 1.596975 0.729523
v -5.597569 1.612160 0.252961
v -5.597569 1.612160 0.729523
v -5.588335 1.627012 0.252961
v -5.588335 1.627012 0.729523
v -5.570271 1.640883 0.252961
v -5.570271 1.640883 0.729523
v -5.544168 1.653168 0.252961
v -5.544168 1.653168 0.729523
v -5.511164 1.663328 0.252961
v -5.511164 1.663328 0.729523
v -5.472703 1.670920 0.252961
v -5.472703 1.670920 0.729523
v -5.430465 1.675612 0.252961
v -5.430465 1.675612 0.729523
v -5.386297 1.677199 -0.252961
v -5.386297 1.677199 -0.729523
v -5.342129 1.675612 -0.252961
v -5.342129 1.675612 -0.729523
v -5.299892 1.670920 -0.252961
v -5.299892 1.670920 -0.729523
v -5.261431 1.663328 -0.252961
v -5.261431 1.663328 -0.729523
v -5.228427 1.653168 -0.252961
v -5.228427 1.653168 -0.729523
v -5.202323 1.640883 -0.252961
v -5.202323 1.640884 -0.729523
v -5.184259 1.627012 -0.252961
v -5.184259 1.627012 -0.729523
v -5.175026 1.612160 -0.252961
v -5.175026 1.612160 -0.729523
v -5.175026 1.596975 -0.252961
v -5.175026 1.596975 -0.729523
v -5.184259 1.582123 -0.252961
v -5.184259 1.582123 -0.729523
v -5.202323 1.568252 -0.252961
v -5.202323 1.568252 -0.729523
v -5.228427 1.555967 -0.252961
v -5.228427 1.555967 -0.729523
v -5.261431 1.545807 -0.252961
v -5.261431 1.545807 -0.729523
v -5.299892 1.538215 -0.252961
v -5.299892 1.538215 -0.729523
v -5.342130 1.533523 -0.252961
v -5.342130 1.533523 -0.729523
v -5.386297 1.531936 -0.252961
v -5.386297 1.531936 -0.729523
v -5.430465 1.533523 -0.252961
v -5.430465 1.533523 -0.729523
v -5.472703 1.538215 -0.252961
v -5.472703 1.538215 -0.729523
v -5.511164 1.545807 -0.252961
v -5.511164 1.545807 -0.729523
v -5.544168 1.555967 -0.252961
v -5.544168 1.555967 -0.729523
v -5.570271 1.568252 -0.252961
v -5.570271 1.568252 -0.729523
v -5.588335 1.582123 -0.252961
v -5.588335 1.582123 -0.729523
v -5.597569 1.596975 -0.252961
v -5.597569 1.596975 -0.729523
v -5.597569 1.612160 -0.252961
v -5.597569 1.612160 -0.729523
v -5.588335 1.627012 -0.252961
v -5.588335 1.627012 -0.729523
v -5.570271 1.640883 -0.252961
v -5.570271 1.640883 -0.729523
v -5.544168 1.653168 -0.252961
v -5.544168 1.653168 -0.729523
v -5.511164 1.663328 -0.252961
v -5.511164 1.663328 -0.729523
v -5.472703 1.670920 -0.252961
v -5.472703 1.670920 -0.729523
v -5.430465 1.675612 -0.252961
v -5.430465 1.675612 -0.729523
vn 0.0359 0.9994 -0.0000
vn 0.1104 0.9939 -0.0000
vn 0.1937 0.9811 -0.0000
vn 0.2942 0.9557 -0.0000
vn 0.4258 0.9048 -0.0000
vn 0.6091 0.7931 -0.0000
vn 0.8493 0.5280 -0.0000
vn 1.0000 -0.0000 -0.0000
vn 0.8493 -0.5280 -0.0000
vn 0.6091 -0.7931 -0.0000
vn 0.4258 -0.9048 -0.0000
vn 0.2942 -0.9557 -0.0000
vn 0.1937 -0.9811 -0.0000
vn 0.1104 -0.9939 -0.0000
vn 0.0359 -0.9994 -0.0000
vn -0.0359 -0.9994 -0.0000
vn -0.1104 -0.9939 -0.0000
vn -0.1937 -0.9811 -0.0000
vn -0.2942 -0.9557 -0.0000
vn -0.4258 -0.9048 -0.0000
vn -0.6091 -0.7931 -0.0000
vn -0.8493 -0.5280 -0.0000
vn -1.0000 -0.0000 -0.0000
vn -0.8493 0.5280 -0.0000
vn -0.6091 0.7931 -0.0000
vn -0.4258 0.9048 -0.0000
vn -0.2942 0.9557 -0.0000
vn -0.1937 0.9811 -0.0000
vn -0.0000 -0.0000 1.0000
vn -0.1104 0.9939 -0.0000
vn -0.0359 0.9994 -0.0000
vn -0.0000 -0.0000 -1.0000
vt 1.000000 0.500000
vt -0.000000 0.500000
vt 0.750000 0.490000
vt 1.000000 1.000000
vt 0.250000 0.490000
vt -0.000000 1.000000
vt 0.966667 0.500000
vt 0.799899 0.484755
vt 0.966667 1.000000
vt 0.299899 0.484755
vt 0.933333 0.500000
vt 0.847617 0.469251
vt 0.933333 1.000000
vt 0.347617 0.469251
vt 0.900000 0.500000
vt 0.891068 0.444164
vt 0.900000 1.000000
vt 0.391068 0.444164
vt 0.866667 0.500000
vt 0.928355 0.410591
vt 0.866667 1.000000
vt 0.428355 0.410591
vt 0.833333 0.500000
vt 0.957846 0.370000
vt 0.833333 1.000000
vt 0.457846 0.370000
vt 0.800000 0.500000
vt 0.978254 0.324164
vt 0.800000 1.000000
vt 0.478254 0.324164
vt 0.766666 0.500000
vt 0.988685 0.275087
vt 0.766666 1.000000
vt 0.488685 0.275087
vt 0.733333 0.500000
vt 0.988685 0.224913
vt 0.733333 1.000000
vt 0.488685 0.224913
vt 0.700000 0.500000
vt 0.978254 0.175836
vt 0.700000 1.000000
vt 0.478254 0.175836
vt 0.666666 0.500000
vt 0.957846 0.130000
vt 0.666666 1.000000
vt 0.457846 0.130000
vt 0.633333 0.500000
vt 0.928355 0.089409
vt 0.633333 1.000000
vt 0.428355 0.089409
vt 0.600000 0.500000
vt 0.891068 0.055836
vt 0.600000 1.000000
vt 0.391068 0.055836
vt 0.566666 0.500000
vt 0.847617 0.030749
vt 0.566666 1.000000
vt 0.347617 0.030749
vt 0.533333 0.500000
vt 0.799899 0.015245
vt 0.533333 1.000000
vt 0.299899 0.015245
vt 0.500000 0.500000
vt 0.750000 0.010000
vt 0.500000 1.000000
vt 0.250000 0.010000
vt 0.466666 0.500000
vt 0.700101 0.015245
vt 0.466666 1.000000
vt 0.200101 0.015245
vt 0.433333 0.500000
vt 0.652383 0.030749
vt 0.433333 1.000000
vt 0.152383 0.030749
vt 0.400000 0.500000
vt 0.608932 0.055836
vt 0.400000 1.000000
vt 0.108932 0.055836
vt 0.366666 0.500000
vt 0.571645 0.089409
vt 0.366666 1.000000
vt 0.071645 0.089409
vt 0.333333 0.500000
vt 0.542154 0.130000
vt 0.333333 1.000000
vt 0.042154 0.130000
vt 0.300000 0.500000
vt 0.521746 0.175836
vt 0.300000 1.000000
vt 0.021746 0.175836
vt 0.266666 0.500000
vt 0.511315 0.224913
vt 0.266666 1.000000
vt 0.011315 0.224913
vt 0.233333 0.500000
vt 0.511315 0.275087
vt 0.233333 1.000000
vt 0.011315 0.275087
vt 0.200000 0.500000
vt 0.521746 0.324164
vt 0.200000 1.000000
vt 0.021746 0.324164
vt 0.166666 0.500000
vt 0.542154 0.370000
vt 0.166666 1.000000
vt 0.042154 0.370000
vt 0.133333 0.500000
vt 0.571645 0.410591
vt 0.133333 1.000000
vt 0.071645 0.410591
vt 0.100000 0.500000
vt 0.608931 0.444164
vt 0.100000 1.000000
vt 0.108931 0.444164
vt 0.066666 0.500000
vt 0.652383 0.469251
vt 0.152383 0.469251
vt 0.066666 1.000000
vt 0.033333 0.500000
vt 0.700101 0.484755
vt 0.200101 0.484755
vt 0.033333 1.000000
vt 1.000000 0.500000
vt -0.000000 0.500000
vt 0.750000 0.490000
vt 1.000000 1.000000
vt 0.250000 0.490000
vt -0.000000 1.000000
vt 0.966667 0.500000
vt 0.799899 0.484755
vt 0.966667 1.000000
vt 0.299899 0.484755
vt 0.933333 0.500000
vt 0.847617 0.469251
vt 0.933333 1.000000
vt 0.347617 0.469251
vt 0.900000 0.500000
vt 0.891068 0.444164
vt 0.900000 1.000000
vt 0.391068 0.444164
vt 0.866667 0.500000
vt 0.928355 0.410591
vt 0.866667 1.000000
vt 0.428355 0.410591
vt 0.833333 0.500000
vt 0.957846 0.370000
vt 0.833333 1.000000
vt 0.457846 0.370000
vt 0.800000 0.500000
vt 0.978254 0.324164
vt 0.800000 1.000000
vt 0.478254 0.324164
vt 0.766666 0.500000
vt 0.988685 0.275087
vt 0.766666 1.000000
vt 0.488685 0.275087
vt 0.733333 0.500000
vt 0.988685 0.224913
vt 0.733333 1.000000
vt 0.488685 0.224913
vt 0.700000 0.500000
vt 0.978254 0.175836
vt 0.700000 1.000000
vt 0.478254 0.175836
vt 0.666666 0.500000
vt 0.957846 0.130000
vt 0.666666 1.000000
vt 0.457846 0.130000
vt 0.633333 0.500000
vt 0.928355 0.089409
vt 0.633333 1.000000
vt 0.428355 0.089409
vt 0.600000 0.500000
vt 0.891068 0.055836
vt 0.600000 1.000000
vt 0.391068 0.055836
vt 0.566666 0.500000
vt 0.847617 0.030749
vt 0.566666 1.000000
vt 0.347617 0.030749
vt 0.533333 0.500000
vt 0.799899 0.015245
vt 0.533333 1.000000
vt 0.299899 0.015245
vt 0.500000 0.500000
vt 0.750000 0.010000
vt 0.500000 1.000000
vt 0.250000 0.010000
vt 0.466666 0.500000
vt 0.700101 0.015245
vt 0.466666 1.000000
vt 0.200101 0.015245
vt 0.433333 0.500000
vt 0.652383 0.030749
vt 0.433333 1.000000
vt 0.152383 0.030749
vt 0.400000 0.500000
vt 0.608932 0.055836
vt 0.400000 1.000000
vt 0.108932 0.055836
vt 0.366666 0.500000
vt 0.571645 0.089409
vt 0.366666 1.000000
vt 0.071645 0.089409
vt 0.333333 0.500000
vt 0.542154 0.130000
vt 0.333333 1.000000
vt 0.042154 0.130000
vt 0.300000 0.500000
vt 0.521746 0.175836
vt 0.300000 1.000000
vt 0.021746 0.175836
vt 0.266666 0.500000
vt 0.511315 0.224913
vt 0.266666 1.000000
vt 0.011315 0.224913
vt 0.233333 0.500000
vt 0.511315 0.275087
vt 0.233333 1.000000
vt 0.011315 0.275087
vt 0.200000 0.500000
vt 0.521746 0.324164
vt 0.200000 1.000000
vt 0.021746 0.324164
vt 0.166666 0.500000
vt 0.542154 0.370000
vt 0.166666 1.000000
vt 0.042154 0.370000
vt 0.133333 0.500000
vt 0.571645 0.410591
vt 0.133333 1.000000
vt 0.071645 0.410591
vt 0.100000 0.500000
vt 0.608931 0.444164
vt 0.100000 1.000000
vt 0.108931 0.444164
vt 0.066666 0.500000
vt 0.652383 0.469251
vt 0.152383 0.469251
vt 0.066666 1.000000
vt 0.033333 0.500000
vt 0.700101 0.484755
vt 0.200101 0.484755
vt 0.033333 1.000000
s 0
usemtl black
f 7557/10890/2519 7558/10893/2519 7560/10898/2519 7559/10896/2519
f 7559/10896/2520 7560/10898/2520 7562/10902/2520 7561/10900/2520
f 7561/10900/2521 7562/10902/2521 7564/10906/2521 7563/10904/2521
f 7563/10904/2522 7564/10906/2522 7566/10910/2522 7565/10908/2522
f 7565/10908/2523 7566/10910/2523 7568/10914/2523 7567/10912/2523
f 7567/10912/2524 7568/10914/2524 7570/10918/2524 7569/10916/2524
f 7569/10916/2525 7570/10918/2525 7572/10922/2525 7571/10920/2525
f 7571/10920/2526 7572/10922/2526 7574/10926/2526 7573/10924/2526
f 7573/10924/2527 7574/10926/2527 7576/10930/2527 7575/10928/2527
f 7575/10928/2528 7576/10930/2528 7578/10934/2528 7577/10932/2528
f 7577/10932/2529 7578/10934/2529 7580/10938/2529 7579/10936/2529
f 7579/10936/2530 7580/10938/2530 7582/10942/2530 7581/10940/2530
f 7581/10940/2531 7582/10942/2531 7584/10946/2531 7583/10944/2531
f 7583/10944/2532 7584/10946/2532 7586/10950/2532 7585/10948/2532
f 7585/10948/2533 7586/10950/2533 7588/10954/2533 7587/10952/2533
f 7587/10952/2534 7588/10954/2534 7590/10958/2534 7589/10956/2534
f 7589/10956/2535 7590/10958/2535 7592/10962/2535 7591/10960/2535
f 7591/10960/2536 7592/10962/2536 7594/10966/2536 7593/10964/2536
f 7593/10964/2537 7594/10966/2537 7596/10970/2537 7595/10968/2537
f 7595/10968/2538 7596/10970/2538 7598/10974/2538 7597/10972/2538
f 7597/10972/2539 7598/10974/2539 7600/10978/2539 7599/10976/2539
f 7599/10976/2540 7600/10978/2540 7602/10982/2540 7601/10980/2540
f 7601/10980/2541 7602/10982/2541 7604/10986/2541 7603/10984/2541
f 7603/10984/2542 7604/10986/2542 7606/10990/2542 7605/10988/2542
f 7605/10988/2543 7606/10990/2543 7608/10994/2543 7607/10992/2543
f 7607/10992/2544 7608/10994/2544 7610/10998/2544 7609/10996/2544
f 7609/10996/2545 7610/10998/2545 7612/11002/2545 7611/11000/2545
f 7611/11000/2546 7612/11002/2546 7614/11007/2546 7613/11004/2546
f 7560/10899/2547 7558/10894/2547 7616/11010/2547 7614/11006/2547 7612/11003/2547 7610/10999/2547 7608/10995/2547 7606/10991/2547 7604/10987/2547 7602/10983/2547 7600/10979/2547 7598/10975/2547 7596/10971/2547 7594/10967/2547 7592/10963/2547 7590/10959/2547 7588/10955/2547 7586/10951/2547 7584/10947/2547 7582/10943/2547 7580/10939/2547 7578/10935/2547 7576/10931/2547 7574/10927/2547 7572/10923/2547 7570/10919/2547 7568/10915/2547 7566/10911/2547 7564/10907/2547 7562/10903/2547
f 7613/11004/2548 7614/11007/2548 7616/11011/2548 7615/11008/2548
f 7615/11008/2549 7616/11011/2549 7558/10895/2549 7557/10891/2549
f 7557/10892/2550 7559/10897/2550 7561/10901/2550 7563/10905/2550 7565/10909/2550 7567/10913/2550 7569/10917/2550 7571/10921/2550 7573/10925/2550 7575/10929/2550 7577/10933/2550 7579/10937/2550 7581/10941/2550 7583/10945/2550 7585/10949/2550 7587/10953/2550 7589/10957/2550 7591/10961/2550 7593/10965/2550 7595/10969/2550 7597/10973/2550 7599/10977/2550 7601/10981/2550 7603/10985/2550 7605/10989/2550 7607/10993/2550 7609/10997/2550 7611/11001/2550 7613/11005/2550 7615/11009/2550
f 7617/11012/2519 7619/11018/2519 7620/11020/2519 7618/11015/2519
f 7619/11018/2520 7621/11022/2520 7622/11024/2520 7620/11020/2520
f 7621/11022/2521 7623/11026/2521 7624/11028/2521 7622/11024/2521
f 7623/11026/2522 7625/11030/2522 7626/11032/2522 7624/11028/2522
f 7625/11030/2523 7627/11034/2523 7628/11036/2523 7626/11032/2523
f 7627/11034/2524 7629/11038/2524 7630/11040/2524 7628/11036/2524
f 7629/11038/2525 7631/11042/2525 7632/11044/2525 7630/11040/2525
f 7631/11042/2526 7633/11046/2526 7634/11048/2526 7632/11044/2526
f 7633/11046/2527 7635/11050/2527 7636/11052/2527 7634/11048/2527
f 7635/11050/2528 7637/11054/2528 7638/11056/2528 7636/11052/2528
f 7637/11054/2529 7639/11058/2529 7640/11060/2529 7638/11056/2529
f 7639/11058/2530 7641/11062/2530 7642/11064/2530 7640/11060/2530
f 7641/11062/2531 7643/11066/2531 7644/11068/2531 7642/11064/2531
f 7643/11066/2532 7645/11070/2532 7646/11072/2532 7644/11068/2532
f 7645/11070/2533 7647/11074/2533 7648/11076/2533 7646/11072/2533
f 7647/11074/2534 7649/11078/2534 7650/11080/2534 7648/11076/2534
f 7649/11078/2535 7651/11082/2535 7652/11084/2535 7650/11080/2535
f 7651/11082/2536 7653/11086/2536 7654/11088/2536 7652/11084/2536
f 7653/11086/2537 7655/11090/2537 7656/11092/2537 7654/11088/2537
f 7655/11090/2538 7657/11094/2538 7658/11096/2538 7656/11092/2538
f 7657/11094/2539 7659/11098/2539 7660/11100/2539 7658/11096/2539
f 7659/11098/2540 7661/11102/2540 7662/11104/2540 7660/11100/2540
f 7661/11102/2541 7663/11106/2541 7664/11108/2541 7662/11104/2541
f 7663/11106/2542 7665/11110/2542 7666/11112/2542 7664/11108/2542
f 7665/11110/2543 7667/11114/2543 7668/11116/2543 7666/11112/2543
f 7667/11114/2544 7669/11118/2544 7670/11120/2544 7668/11116/2544
f 7669/11118/2545 7671/11122/2545 7672/11124/2545 7670/11120/2545
f 7671/11122/2546 7673/11126/2546 7674/11129/2546 7672/11124/2546
f 7620/11021/2550 7622/11025/2550 7624/11029/2550 7626/11033/2550 7628/11037/2550 7630/11041/2550 7632/11045/2550 7634/11049/2550 7636/11053/2550 7638/11057/2550 7640/11061/2550 7642/11065/2550 7644/11069/2550 7646/11073/2550 7648/11077/2550 7650/11081/2550 7652/11085/2550 7654/11089/2550 7656/11093/2550 7658/11097/2550 7660/11101/2550 7662/11105/2550 7664/11109/2550 7666/11113/2550 7668/11117/2550 7670/11121/2550 7672/11125/2550 7674/11128/2550 7676/11132/2550 7618/11016/2550
f 7673/11126/2548 7675/11130/2548 7676/11133/2548 7674/11129/2548
f 7675/11130/2549 7617/11013/2549 7618/11017/2549 7676/11133/2549
f 7617/11014/2547 7675/11131/2547 7673/11127/2547 7671/11123/2547 7669/11119/2547 7667/11115/2547 7665/11111/2547 7663/11107/2547 7661/11103/2547 7659/11099/2547 7657/11095/2547 7655/11091/2547 7653/11087/2547 7651/11083/2547 7649/11079/2547 7647/11075/2547 7645/11071/2547 7643/11067/2547 7641/11063/2547 7639/11059/2547 7637/11055/2547 7635/11051/2547 7633/11047/2547 7631/11043/2547 7629/11039/2547 7627/11035/2547 7625/11031/2547 7623/11027/2547 7621/11023/2547 7619/11019/2547
